"last_name, first_name",player_id,year,pa,ab,strikeout,k_percent,bb_percent,batting_avg,slg_percent,on_base_percent,on_base_plus_slg,isolated_power,babip,xba,xslg,woba,xwoba,xobp,xiso,wobacon,xwobacon,bacon,xbacon,exit_velocity_avg,sweet_spot_percent,solidcontact_percent,hard_hit_percent,avg_hyper_speed,whiff_percent
"Ramos, AJ",573109,2016,278,233,73,26.3,12.6,0.223,0.27,0.33,0.6,0.047,0.313,0.229,0.332,0.274,0.306,0.341,0.103,0.303,0.358,0.317,0.336,87.0,36.7,8.4,31.3,92.894750125,30.0
"Paxton, James",572020,2016,511,480,117,22.9,4.7,0.279,0.406,0.311,0.717,0.127,0.347,0.247,0.365,0.306,0.28,0.283,0.118,0.38,0.344,0.363,0.325,90.4,30.6,4.1,41.2,94.37797112,25.5
"LeBlanc, Wade",453281,2016,252,239,51,20.2,4.4,0.247,0.498,0.278,0.776,0.251,0.256,0.257,0.478,0.325,0.325,0.289,0.221,0.391,0.396,0.311,0.328,87.3,38.9,6.8,29.5,93.106661798,22.1
"Betances, Dellin",476454,2016,299,268,126,42.1,9.4,0.201,0.299,0.279,0.578,0.098,0.355,0.168,0.257,0.259,0.233,0.249,0.09,0.399,0.346,0.378,0.318,86.6,29.2,8.3,30.6,92.970906143,41.1
"Martin, Cody",592533,2016,107,94,15,14.0,8.4,0.298,0.489,0.362,0.851,0.191,0.307,0.299,0.535,0.365,0.383,0.363,0.236,0.392,0.417,0.35,0.352,88.5,31.7,4.9,41.5,94.649216203,18.7
"Nova, Iván",467100,2016,684,636,127,18.6,4.1,0.275,0.465,0.312,0.777,0.19,0.309,0.265,0.445,0.33,0.323,0.306,0.18,0.386,0.379,0.34,0.333,90.7,31.9,6.7,41.0,94.698374816,20.5
"Norris, Daniel",596057,2016,302,277,71,23.5,7.3,0.271,0.44,0.321,0.761,0.169,0.327,0.253,0.42,0.326,0.32,0.31,0.167,0.399,0.39,0.359,0.342,89.9,33.5,5.3,40.2,93.912197416,25.4
"Ray, Robbie",592662,2016,776,694,218,28.1,9.1,0.267,0.431,0.339,0.77,0.164,0.355,0.245,0.407,0.332,0.317,0.322,0.162,0.429,0.407,0.387,0.361,89.9,32.2,6.4,39.3,94.224562138,26.6
"Thompson, Jake",622097,2016,237,200,32,13.5,11.8,0.265,0.49,0.362,0.852,0.225,0.267,0.275,0.456,0.363,0.36,0.373,0.181,0.37,0.366,0.31,0.324,89.6,31.2,5.8,37.0,93.787480723,17.7
"Anderson, Tyler",542881,2016,477,437,99,20.8,5.9,0.272,0.423,0.318,0.741,0.151,0.325,0.238,0.333,0.318,0.274,0.289,0.095,0.378,0.32,0.349,0.309,84.9,27.1,3.5,26.2,92.025723927,22.6
"Boxberger, Brad",502202,2016,113,92,22,19.5,15.9,0.25,0.348,0.381,0.729,0.098,0.294,0.196,0.308,0.329,0.294,0.336,0.112,0.333,0.278,0.324,0.254,87.8,19.7,2.8,31.0,92.720822676,25.2
"Patton, Spencer",607359,2016,101,86,22,21.8,13.9,0.233,0.372,0.347,0.719,0.139,0.279,0.257,0.398,0.321,0.34,0.367,0.141,0.345,0.374,0.313,0.345,89.8,45.3,6.3,42.2,94.270009531,27.1
"Lamb, John",543424,2016,318,277,58,18.2,9.7,0.303,0.513,0.374,0.887,0.21,0.34,0.274,0.439,0.38,0.346,0.354,0.165,0.434,0.391,0.382,0.353,86.9,32.0,3.5,27.6,93.067701313,20.1
"Cessa, Luis",570666,2016,285,266,46,16.1,4.9,0.241,0.459,0.285,0.744,0.218,0.234,0.26,0.458,0.316,0.329,0.306,0.198,0.353,0.369,0.29,0.316,88.5,32.9,7.7,35.1,93.749298493,24.1
"Dunn, Mike",445197,2016,176,159,38,21.6,6.3,0.27,0.409,0.326,0.735,0.139,0.322,0.237,0.352,0.318,0.294,0.303,0.115,0.374,0.339,0.35,0.318,86.6,35.5,3.2,21.0,91.767552149,24.6
"Samardzija, Jeff",502188,2016,829,764,167,20.1,6.5,0.249,0.412,0.298,0.71,0.163,0.288,0.248,0.416,0.303,0.307,0.299,0.168,0.355,0.361,0.316,0.318,88.7,31.1,6.6,35.1,93.55389312,20.7
"Davis, Wade",451584,2016,176,157,47,26.7,9.1,0.21,0.242,0.295,0.537,0.032,0.3,0.202,0.269,0.25,0.257,0.289,0.067,0.28,0.293,0.3,0.29,86.6,29.1,2.7,25.5,92.029567358,28.0
"Sale, Chris",519242,2016,907,837,233,25.7,5.0,0.227,0.372,0.279,0.651,0.145,0.281,0.235,0.382,0.282,0.294,0.289,0.147,0.349,0.368,0.313,0.329,88.7,33.5,5.4,33.3,93.259390777,24.8
"Bailey, Andrew",457732,2016,190,165,41,21.6,8.9,0.248,0.436,0.321,0.757,0.188,0.283,0.254,0.444,0.325,0.337,0.33,0.19,0.375,0.392,0.323,0.336,88.9,34.6,1.5,33.8,93.4796976,21.6
"Claudio, Alex",592222,2016,217,204,34,15.7,4.6,0.27,0.358,0.304,0.662,0.088,0.312,0.247,0.342,0.288,0.279,0.287,0.096,0.319,0.308,0.32,0.298,87.4,26.2,7.0,30.8,93.021149231,23.4
"Ryan, Kyle",594986,2016,226,205,35,15.5,6.6,0.234,0.341,0.295,0.636,0.107,0.272,0.254,0.402,0.27,0.304,0.314,0.148,0.293,0.336,0.281,0.306,88.6,24.3,6.9,37.0,93.619893647,19.8
"Quintana, Jose",500779,2016,837,779,181,21.6,6.0,0.246,0.393,0.295,0.688,0.147,0.294,0.247,0.375,0.297,0.293,0.296,0.129,0.352,0.347,0.32,0.322,88.2,33.1,7.1,34.2,93.183909207,18.6
"Bumgarner, Madison",518516,2016,912,841,251,27.5,5.9,0.213,0.354,0.265,0.619,0.141,0.268,0.215,0.372,0.269,0.279,0.269,0.157,0.338,0.356,0.3,0.308,88.5,29.5,5.3,31.2,93.234360787,25.9
"Smith, Chris",434672,2016,100,85,29,29.0,13.0,0.165,0.271,0.27,0.541,0.106,0.214,0.19,0.288,0.246,0.271,0.299,0.098,0.27,0.314,0.241,0.292,87.8,31.0,5.2,37.9,93.467402632,36.7
"Santana, Ervin",429722,2016,748,685,149,19.9,7.1,0.245,0.381,0.301,0.682,0.136,0.285,0.253,0.412,0.296,0.313,0.312,0.158,0.337,0.363,0.311,0.325,88.3,32.8,4.2,31.7,93.358087853,22.9
"Overton, Dillon",592614,2016,128,118,17,13.3,5.5,0.407,0.822,0.438,1.26,0.415,0.396,0.353,0.732,0.516,0.462,0.389,0.379,0.587,0.521,0.466,0.405,91.7,47.6,8.7,40.8,94.912526311,20.9
"Neshek, Pat",450212,2016,185,170,43,23.2,5.9,0.194,0.365,0.242,0.607,0.171,0.221,0.214,0.368,0.243,0.256,0.261,0.154,0.31,0.331,0.258,0.286,85.6,35.9,3.1,24.4,91.869800726,23.1
"Cosart, Jarred",543054,2016,268,225,38,14.2,14.6,0.271,0.369,0.382,0.751,0.098,0.31,0.279,0.431,0.335,0.363,0.392,0.152,0.329,0.369,0.324,0.337,88.4,26.5,3.7,34.9,93.564888343,18.3
"Hoffman, Jeff",656546,2016,147,129,22,15.0,11.6,0.287,0.512,0.37,0.882,0.225,0.3,0.28,0.502,0.375,0.373,0.37,0.222,0.405,0.404,0.346,0.343,89.6,29.6,5.6,36.1,93.692976837,18.2
"Chafin, Andrew",605177,2016,98,85,28,28.6,11.2,0.259,0.353,0.351,0.704,0.094,0.375,0.218,0.301,0.312,0.28,0.317,0.083,0.391,0.339,0.386,0.329,88.1,25.9,5.2,37.9,94.634824364,31.0
"Layne, Tommy",518927,2016,187,161,38,20.3,11.2,0.23,0.323,0.33,0.653,0.093,0.283,0.239,0.383,0.289,0.316,0.34,0.144,0.31,0.351,0.301,0.316,86.0,31.2,5.6,24.8,92.187443051,23.0
"Weaver, Jered",450308,2016,766,704,103,13.4,6.7,0.297,0.517,0.345,0.862,0.22,0.302,0.281,0.497,0.365,0.352,0.332,0.215,0.398,0.383,0.344,0.328,88.2,38.3,6.1,32.1,93.133951804,18.8
"Hutchison, Drew",571800,2016,104,92,22,21.2,6.7,0.304,0.543,0.359,0.902,0.239,0.333,0.264,0.502,0.38,0.36,0.332,0.238,0.457,0.43,0.389,0.351,89.2,41.1,12.3,35.6,93.556368841,23.1
"Martinez, Carlos",593372,2016,809,724,174,21.5,8.7,0.233,0.333,0.31,0.643,0.1,0.287,0.225,0.329,0.286,0.283,0.303,0.104,0.318,0.313,0.306,0.296,87.2,24.7,4.2,30.5,92.848051624,23.1
"Iglesias, Raisel",628452,2016,325,291,83,25.5,8.0,0.216,0.333,0.29,0.623,0.117,0.276,0.204,0.305,0.275,0.265,0.283,0.101,0.324,0.31,0.3,0.29,86.0,27.0,4.3,27.0,92.003655076,28.7
"Boshers, Buddy",542953,2016,152,141,37,24.3,4.6,0.248,0.376,0.283,0.659,0.128,0.308,0.242,0.399,0.28,0.29,0.281,0.157,0.349,0.365,0.327,0.325,88.6,29.9,5.6,36.4,93.785096731,25.9
"Grilli, Jason",276351,2016,251,214,81,32.3,12.7,0.206,0.416,0.311,0.727,0.21,0.27,0.209,0.375,0.313,0.305,0.317,0.166,0.407,0.395,0.324,0.335,90.0,37.5,5.9,34.6,93.801722857,31.8
"Uehara, Koji",493157,2016,184,170,63,34.2,6.0,0.2,0.4,0.257,0.657,0.2,0.263,0.18,0.339,0.28,0.252,0.24,0.159,0.398,0.354,0.318,0.291,86.5,34.3,6.5,26.9,92.482760588,30.5
"Griffin, A.J.",456167,2016,509,453,107,21.0,9.0,0.256,0.501,0.332,0.833,0.245,0.274,0.264,0.48,0.353,0.353,0.341,0.216,0.411,0.412,0.332,0.346,89.2,38.1,7.7,38.7,93.952152908,22.9
"Henderson, Jim",449104,2016,155,137,40,25.8,9.0,0.248,0.46,0.325,0.785,0.212,0.297,0.229,0.416,0.336,0.315,0.308,0.187,0.415,0.382,0.347,0.321,89.0,34.3,5.1,31.3,93.513076392,22.9
"Moore, Matt",519043,2016,838,752,178,21.2,8.6,0.245,0.38,0.314,0.694,0.135,0.288,0.24,0.413,0.304,0.316,0.314,0.173,0.346,0.367,0.318,0.319,88.8,30.9,4.6,31.4,93.295812705,24.2
"O'Day, Darren",503285,2016,131,117,38,29.0,9.9,0.214,0.419,0.298,0.717,0.205,0.26,0.209,0.347,0.304,0.28,0.296,0.137,0.392,0.355,0.316,0.314,87.3,34.2,5.1,31.6,92.886638816,30.8
"Montgomery, Mike",543557,2016,414,361,92,22.2,9.2,0.219,0.343,0.309,0.652,0.124,0.27,0.247,0.364,0.289,0.313,0.338,0.117,0.318,0.355,0.292,0.335,89.4,27.0,2.9,34.7,93.844587424,27.2
"Wood, Alex",622072,2016,254,229,66,26.0,7.9,0.245,0.349,0.311,0.66,0.104,0.319,0.236,0.355,0.292,0.296,0.308,0.119,0.352,0.362,0.339,0.336,88.9,28.5,4.8,34.5,93.597844038,25.6
"Phelps, David",475479,2016,352,309,114,32.4,10.8,0.197,0.294,0.288,0.582,0.097,0.288,0.191,0.305,0.256,0.259,0.284,0.114,0.329,0.335,0.31,0.304,87.4,28.8,6.1,35.4,93.211175759,25.8
"Kuhl, Chad",641771,2016,301,273,53,17.6,6.6,0.267,0.432,0.324,0.756,0.165,0.307,0.252,0.414,0.326,0.319,0.316,0.162,0.364,0.357,0.329,0.317,88.9,32.1,7.6,34.4,93.799844293,20.4
"Turner, Jacob",545363,2016,122,102,18,14.8,13.1,0.324,0.588,0.418,1.006,0.264,0.346,0.318,0.551,0.42,0.417,0.422,0.233,0.454,0.45,0.384,0.389,92.7,40.7,9.3,45.3,95.117129651,17.2
"Pelfrey, Mike",460059,2016,541,482,56,10.4,8.5,0.332,0.483,0.393,0.876,0.151,0.349,0.31,0.477,0.378,0.369,0.377,0.166,0.389,0.378,0.371,0.35,89.0,31.4,4.6,39.3,93.969928463,16.6
"Otero, Dan",519096,2016,269,256,57,21.2,3.7,0.211,0.285,0.241,0.526,0.074,0.264,0.228,0.312,0.229,0.248,0.257,0.084,0.273,0.299,0.271,0.293,87.1,25.7,4.0,28.7,92.486067259,16.5
"Gant, John",607231,2016,222,194,49,22.1,9.5,0.278,0.479,0.352,0.831,0.201,0.336,0.277,0.452,0.35,0.345,0.353,0.175,0.421,0.414,0.367,0.37,88.9,36.0,5.3,39.3,94.429559375,23.0
"Jiménez, Ubaldo",434622,2016,637,560,125,19.6,11.3,0.268,0.418,0.354,0.772,0.15,0.319,0.242,0.382,0.337,0.318,0.333,0.14,0.374,0.346,0.344,0.314,88.5,29.1,5.3,32.3,93.088461174,21.4
"Berríos, José",621244,2016,281,239,49,17.4,12.5,0.31,0.523,0.409,0.932,0.213,0.348,0.267,0.489,0.401,0.375,0.378,0.223,0.443,0.407,0.389,0.341,90.3,34.9,5.2,34.9,94.309244368,20.1
"Moylan, Peter",493247,2016,191,167,34,17.8,8.4,0.251,0.353,0.316,0.669,0.102,0.284,0.245,0.371,0.293,0.302,0.313,0.126,0.313,0.325,0.304,0.3,87.9,25.2,2.9,31.7,92.824450889,21.4
"Quackenbush, Kevin",534812,2016,253,227,42,16.6,8.7,0.242,0.436,0.307,0.743,0.194,0.263,0.275,0.456,0.315,0.341,0.34,0.181,0.345,0.381,0.294,0.339,88.5,37.6,10.1,38.1,93.648348967,18.8
"Miller, Andrew",453192,2016,275,262,123,44.7,3.3,0.16,0.294,0.193,0.487,0.134,0.258,0.157,0.264,0.21,0.199,0.19,0.107,0.357,0.336,0.3,0.295,87.3,28.4,5.0,30.5,92.965462464,37.1
"Smith, Josh A.",595001,2016,260,231,48,18.5,10.0,0.247,0.433,0.324,0.757,0.186,0.266,0.22,0.375,0.326,0.296,0.301,0.155,0.36,0.317,0.31,0.276,86.1,33.0,4.3,29.7,92.631939511,24.7
"Dean, Pat",534737,2016,300,274,50,16.7,7.7,0.321,0.544,0.371,0.915,0.223,0.352,0.277,0.467,0.387,0.342,0.331,0.19,0.442,0.384,0.389,0.337,91.1,31.7,5.3,40.1,94.46082287,15.7
"Liriano, Francisco",434538,2016,731,624,168,23.0,11.6,0.252,0.426,0.347,0.773,0.174,0.3,0.235,0.386,0.336,0.32,0.335,0.151,0.387,0.362,0.34,0.322,88.4,28.6,6.0,33.3,93.357773598,28.2
"Fister, Doug",450729,2016,778,706,115,14.8,8.0,0.276,0.449,0.339,0.788,0.173,0.3,0.268,0.429,0.34,0.331,0.333,0.161,0.365,0.354,0.328,0.32,87.5,34.2,8.1,35.7,93.25770971,15.6
"Friedrich, Christian",543184,2016,567,505,100,17.6,9.2,0.259,0.404,0.328,0.732,0.145,0.297,0.246,0.376,0.317,0.306,0.319,0.13,0.347,0.332,0.32,0.306,88.4,28.8,6.5,32.9,93.418185239,19.3
"Fulmer, Michael",605242,2016,647,590,132,20.4,6.5,0.231,0.361,0.291,0.652,0.13,0.27,0.237,0.388,0.285,0.3,0.299,0.151,0.322,0.344,0.296,0.307,88.1,28.7,5.2,32.3,93.376363947,23.4
"Owens, Henry",596064,2016,103,81,21,20.4,19.4,0.284,0.58,0.427,1.007,0.296,0.321,0.227,0.464,0.421,0.366,0.384,0.238,0.477,0.386,0.377,0.302,88.8,32.8,4.9,31.1,93.350498644,26.7
"Lewis, Colby",407890,2016,472,437,73,15.5,5.9,0.236,0.412,0.285,0.697,0.176,0.241,0.258,0.44,0.299,0.321,0.307,0.183,0.325,0.355,0.281,0.309,88.7,32.9,6.5,35.6,93.503723042,18.5
"Norris, Bud",502032,2016,495,437,102,20.6,9.9,0.265,0.421,0.341,0.762,0.156,0.315,0.255,0.417,0.329,0.326,0.334,0.162,0.376,0.372,0.343,0.332,90.2,31.4,7.0,40.8,94.330375482,23.3
"Tanaka, Masahiro",547888,2016,805,759,165,20.5,4.5,0.236,0.373,0.272,0.645,0.137,0.273,0.25,0.388,0.278,0.293,0.287,0.137,0.328,0.35,0.3,0.321,88.9,31.6,6.0,36.3,93.74311565,23.3
"Cole, Gerrit",543037,2016,506,454,98,19.4,7.1,0.289,0.41,0.345,0.755,0.121,0.349,0.268,0.377,0.326,0.308,0.328,0.109,0.374,0.351,0.362,0.339,87.7,36.1,4.6,31.0,92.927593182,18.9
"Rodón, Carlos",607074,2016,714,644,168,23.5,7.6,0.273,0.43,0.332,0.762,0.157,0.333,0.246,0.38,0.328,0.303,0.311,0.134,0.399,0.365,0.365,0.335,88.9,32.5,5.6,35.0,93.430907969,23.6
"Flynn, Brian",543169,2016,221,192,44,19.9,10.4,0.198,0.313,0.286,0.599,0.115,0.229,0.238,0.379,0.268,0.31,0.323,0.141,0.279,0.342,0.255,0.309,89.0,23.5,2.6,34.0,94.109749225,25.3
"Dull, Ryan",623430,2016,290,269,73,25.2,5.2,0.186,0.349,0.228,0.577,0.163,0.209,0.186,0.334,0.24,0.24,0.232,0.148,0.3,0.301,0.249,0.256,87.7,26.9,4.0,29.4,92.717082437,28.8
"Godley, Zack",643327,2016,335,298,60,17.9,7.5,0.289,0.493,0.351,0.844,0.204,0.323,0.272,0.459,0.357,0.339,0.336,0.187,0.411,0.387,0.36,0.339,89.5,33.7,3.7,35.0,93.64124437,27.0
"Kelley, Shawn",518875,2016,224,211,80,35.7,4.9,0.194,0.403,0.232,0.635,0.209,0.258,0.166,0.307,0.264,0.22,0.208,0.141,0.393,0.326,0.308,0.271,89.9,27.1,7.5,36.8,93.937585238,31.4
"Cotham, Caleb",571584,2016,117,99,21,17.9,10.3,0.323,0.475,0.405,0.88,0.152,0.377,0.292,0.423,0.375,0.347,0.379,0.131,0.421,0.381,0.4,0.362,87.0,34.6,7.4,34.6,93.301007375,23.8
"Pressly, Ryan",519151,2016,328,297,67,20.4,7.0,0.266,0.404,0.321,0.725,0.138,0.317,0.268,0.454,0.312,0.334,0.324,0.186,0.365,0.396,0.341,0.345,89.9,40.3,6.4,39.0,93.855039522,24.0
"Ogando, Alexi",468396,2016,148,117,29,19.6,15.5,0.274,0.393,0.386,0.779,0.119,0.333,0.246,0.368,0.332,0.329,0.377,0.122,0.362,0.358,0.348,0.333,89.2,29.5,7.4,37.9,93.954110778,22.8
"Odorizzi, Jake",543606,2016,773,706,166,21.5,7.0,0.241,0.419,0.296,0.715,0.178,0.273,0.25,0.426,0.306,0.317,0.307,0.176,0.36,0.375,0.311,0.327,89.9,34.6,5.5,35.9,93.892650572,21.8
"Oberholtzer, Brett",519085,2016,321,289,54,16.8,9.0,0.294,0.55,0.359,0.909,0.256,0.307,0.281,0.489,0.384,0.36,0.35,0.208,0.434,0.402,0.36,0.347,90.1,33.8,7.6,39.7,94.077366481,18.7
"Bailey, Homer",456701,2016,111,100,27,24.3,6.3,0.35,0.42,0.396,0.816,0.07,0.452,0.298,0.44,0.357,0.343,0.35,0.143,0.445,0.426,0.467,0.4,90.4,38.7,1.3,40.0,94.182095342,21.2
"Hardy, Blaine",543278,2016,112,99,20,17.9,10.7,0.253,0.374,0.333,0.707,0.121,0.299,0.232,0.383,0.309,0.304,0.316,0.151,0.334,0.327,0.316,0.291,88.8,28.7,8.8,40.0,93.787590769,23.7
"Snell, Blake",605483,2016,401,346,98,24.4,12.7,0.269,0.367,0.361,0.728,0.098,0.359,0.246,0.358,0.324,0.314,0.342,0.111,0.377,0.36,0.372,0.342,87.4,39.7,6.3,29.8,92.816949758,27.9
"Arrieta, Jake",453562,2016,795,710,190,23.9,9.6,0.194,0.306,0.277,0.583,0.112,0.242,0.225,0.35,0.261,0.291,0.306,0.124,0.289,0.336,0.265,0.309,86.7,30.8,5.0,29.6,92.51406872,25.2
"Bowman, Matt",621199,2016,281,258,52,18.5,7.1,0.229,0.337,0.286,0.623,0.108,0.271,0.224,0.299,0.271,0.257,0.282,0.074,0.3,0.282,0.285,0.28,85.0,25.5,2.4,22.1,91.349191214,23.4
"Dyson, Sam",473879,2016,285,258,55,19.3,8.1,0.244,0.345,0.313,0.658,0.101,0.293,0.229,0.319,0.292,0.278,0.3,0.089,0.32,0.301,0.31,0.292,89.1,22.5,3.4,35.8,93.525657512,19.0
"Ureña, José",570632,2016,373,331,58,15.5,7.8,0.275,0.459,0.341,0.8,0.184,0.301,0.265,0.408,0.337,0.319,0.333,0.143,0.37,0.346,0.329,0.318,87.6,31.8,3.9,30.7,92.691838909,21.4
"Nola, Aaron",605400,2016,483,439,121,25.1,6.0,0.264,0.396,0.316,0.712,0.132,0.34,0.243,0.359,0.306,0.286,0.297,0.117,0.383,0.354,0.36,0.333,87.2,30.0,4.3,31.8,93.021597604,24.3
"Bush, Matt",456713,2016,243,224,61,25.1,5.8,0.196,0.281,0.244,0.525,0.085,0.247,0.218,0.324,0.232,0.26,0.265,0.106,0.276,0.317,0.265,0.297,86.1,33.5,4.8,27.5,92.602702606,27.8
"McHugh, Collin",543521,2016,795,730,177,22.3,6.8,0.282,0.456,0.334,0.79,0.174,0.34,0.233,0.372,0.338,0.289,0.291,0.138,0.409,0.341,0.369,0.309,87.0,33.6,4.7,28.3,92.67386547,23.9
"Howell, J.P.",434442,2016,220,199,44,20.0,6.8,0.281,0.392,0.338,0.73,0.111,0.34,0.257,0.366,0.315,0.3,0.319,0.109,0.365,0.345,0.357,0.331,86.7,32.3,3.8,27.2,92.232146993,23.6
"Cishek, Steve",518553,2016,258,232,76,29.5,8.1,0.19,0.332,0.268,0.6,0.142,0.243,0.198,0.34,0.263,0.271,0.277,0.142,0.327,0.341,0.282,0.296,87.4,35.0,7.6,28.0,92.710748627,29.0
"Gregerson, Luke",502381,2016,230,208,67,29.1,7.8,0.183,0.337,0.252,0.589,0.154,0.239,0.187,0.309,0.253,0.252,0.261,0.122,0.316,0.316,0.266,0.281,87.8,19.6,6.3,35.0,93.560985145,42.6
"Blazek, Michael",518468,2016,201,167,36,17.9,13.4,0.311,0.527,0.405,0.932,0.216,0.352,0.264,0.453,0.391,0.351,0.368,0.189,0.437,0.38,0.385,0.33,88.0,36.0,5.9,33.1,93.3306775,23.8
"Lyons, Tyler",544928,2016,187,171,46,24.6,7.5,0.205,0.404,0.263,0.667,0.199,0.222,0.257,0.469,0.286,0.337,0.314,0.212,0.345,0.422,0.278,0.353,88.5,37.8,8.7,38.6,94.287974113,23.6
"Coleman, Louis",488786,2016,211,180,45,21.3,11.4,0.25,0.417,0.344,0.761,0.167,0.303,0.249,0.418,0.328,0.332,0.346,0.168,0.369,0.376,0.328,0.331,87.6,36.0,6.5,29.5,92.768710376,29.7
"Shaw, Bryan",543766,2016,275,243,69,25.1,10.2,0.23,0.374,0.311,0.685,0.144,0.287,0.225,0.351,0.297,0.29,0.309,0.125,0.356,0.345,0.32,0.317,86.4,28.8,3.4,27.1,92.76573,27.1
"Hahn, Jesse",534910,2016,203,182,23,11.3,9.4,0.313,0.484,0.376,0.86,0.171,0.322,0.293,0.477,0.369,0.361,0.361,0.184,0.385,0.376,0.356,0.336,87.6,34.8,6.8,33.5,93.332590375,14.1
"Sánchez, Aníbal",434671,2016,668,600,135,20.2,7.9,0.285,0.483,0.345,0.828,0.198,0.32,0.255,0.427,0.353,0.324,0.32,0.173,0.414,0.373,0.363,0.328,88.6,31.2,6.7,35.2,93.401729287,21.6
"Watson, Tony",453265,2016,272,242,58,21.3,7.4,0.215,0.393,0.28,0.673,0.178,0.237,0.224,0.41,0.288,0.304,0.292,0.185,0.33,0.353,0.278,0.296,86.4,27.2,5.2,27.7,92.924556429,25.5
"Jungmann, Taylor",543380,2016,126,103,18,14.3,13.5,0.291,0.573,0.4,0.973,0.282,0.313,0.28,0.519,0.405,0.399,0.401,0.24,0.425,0.417,0.345,0.344,89.2,38.6,8.0,38.6,94.11103869,18.0
"Cobb, Alex",502171,2016,104,95,16,15.4,6.7,0.337,0.589,0.379,0.968,0.252,0.36,0.296,0.522,0.406,0.367,0.343,0.226,0.463,0.413,0.4,0.354,89.7,28.4,3.7,37.0,93.904002658,17.9
"Qualls, Chad",430589,2016,152,141,22,14.5,5.9,0.305,0.504,0.344,0.848,0.199,0.33,0.305,0.505,0.358,0.365,0.347,0.201,0.401,0.411,0.358,0.361,89.4,32.2,6.6,40.5,94.189487815,23.4
"Ottavino, Adam",493603,2016,107,98,35,32.7,6.5,0.184,0.276,0.252,0.528,0.092,0.25,0.194,0.272,0.238,0.242,0.262,0.078,0.305,0.312,0.286,0.302,88.8,17.5,3.2,34.9,93.783028254,28.9
"Stephenson, Robert",596112,2016,170,147,31,18.2,11.2,0.279,0.517,0.376,0.893,0.238,0.299,0.263,0.461,0.381,0.357,0.363,0.198,0.424,0.388,0.353,0.333,89.8,34.5,6.9,38.8,93.982418534,20.6
"Andriese, Matt",542882,2016,527,494,109,20.7,4.7,0.265,0.421,0.298,0.719,0.156,0.305,0.254,0.424,0.307,0.309,0.292,0.169,0.368,0.371,0.335,0.326,91.1,30.7,5.9,41.2,94.386511208,23.2
"Hand, Brad",543272,2016,364,323,111,30.5,9.9,0.195,0.313,0.276,0.589,0.118,0.267,0.198,0.331,0.258,0.268,0.281,0.133,0.325,0.343,0.294,0.303,88.5,28.2,8.3,37.5,93.840404265,28.9
"Lowe, Mark",450275,2016,224,196,49,21.9,9.4,0.291,0.571,0.353,0.924,0.28,0.319,0.253,0.481,0.38,0.339,0.325,0.228,0.461,0.403,0.373,0.332,91.2,37.3,9.2,43.1,94.571400861,23.3
"Blair, Aaron",594760,2016,324,274,46,14.2,10.5,0.299,0.54,0.38,0.92,0.241,0.308,0.269,0.473,0.383,0.354,0.357,0.205,0.411,0.371,0.349,0.317,89.1,31.5,6.3,35.7,93.477200913,22.0
"Keuchel, Dallas",572971,2016,701,648,144,20.5,6.8,0.259,0.424,0.312,0.736,0.165,0.305,0.255,0.395,0.317,0.306,0.308,0.14,0.371,0.357,0.333,0.328,88.4,29.6,4.5,36.9,93.87472086,23.2
"González, Miguel",456068,2016,566,519,95,16.8,6.2,0.254,0.38,0.306,0.686,0.126,0.289,0.259,0.397,0.298,0.309,0.313,0.137,0.326,0.342,0.308,0.317,87.6,32.6,4.9,30.9,92.837656454,18.2
"Mariñez, Jhan",501697,2016,269,239,50,18.6,7.8,0.259,0.377,0.333,0.71,0.118,0.312,0.253,0.359,0.309,0.302,0.328,0.106,0.341,0.331,0.326,0.319,88.1,28.1,5.7,39.1,93.562606825,20.7
"Smith, Joe",501925,2016,217,191,40,18.4,8.3,0.246,0.387,0.329,0.716,0.141,0.271,0.281,0.456,0.311,0.358,0.366,0.175,0.339,0.407,0.309,0.362,91.5,33.3,4.6,39.2,94.796205417,20.0
"López, Javier",425657,2016,118,100,15,12.7,12.7,0.24,0.36,0.35,0.71,0.12,0.256,0.25,0.341,0.32,0.319,0.36,0.091,0.301,0.3,0.282,0.295,87.8,24.4,1.2,34.9,93.052033494,16.2
"McGee, Jake",459429,2016,205,186,38,18.5,7.8,0.301,0.522,0.366,0.888,0.221,0.338,0.293,0.526,0.377,0.377,0.36,0.232,0.436,0.437,0.378,0.371,89.9,37.2,4.1,37.8,94.286662098,21.2
"Cotton, Jharel",605194,2016,112,108,23,20.5,3.6,0.185,0.324,0.214,0.538,0.139,0.198,0.221,0.368,0.232,0.267,0.249,0.147,0.273,0.319,0.235,0.282,88.2,29.4,2.4,29.4,93.177583571,24.9
"Burgos, Enrique",542609,2016,178,150,43,24.2,12.9,0.253,0.427,0.352,0.779,0.174,0.317,0.278,0.457,0.329,0.359,0.381,0.179,0.395,0.447,0.349,0.396,88.2,36.0,8.1,36.0,93.961112308,29.0
"Hernández, Félix",433587,2016,655,577,122,18.6,9.9,0.239,0.392,0.327,0.719,0.153,0.273,0.27,0.431,0.316,0.345,0.357,0.161,0.338,0.382,0.303,0.346,88.9,31.7,4.6,34.3,93.634039674,22.5
"Cravy, Tyler",572788,2016,116,101,22,19.0,10.3,0.208,0.356,0.296,0.652,0.148,0.234,0.254,0.45,0.284,0.338,0.338,0.196,0.3,0.378,0.263,0.323,89.7,42.0,6.2,39.5,93.745794359,28.1
"Cahill, Trevor",502239,2016,284,244,66,23.2,12.3,0.201,0.307,0.313,0.62,0.106,0.246,0.235,0.37,0.279,0.317,0.345,0.135,0.297,0.357,0.275,0.325,88.3,30.3,6.2,32.6,93.13704269,28.4
"Harvey, Matt",518774,2016,402,367,76,18.9,6.2,0.302,0.452,0.345,0.797,0.15,0.359,0.262,0.415,0.341,0.315,0.312,0.152,0.399,0.365,0.376,0.332,88.5,38.0,8.7,37.0,93.658710243,21.8
"Giolito, Lucas",608337,2016,101,88,11,10.9,11.9,0.295,0.602,0.386,0.988,0.307,0.271,0.335,0.574,0.415,0.425,0.421,0.239,0.428,0.44,0.338,0.383,91.4,39.0,6.5,42.9,94.984995,13.7
"Domínguez, José",523848,2016,155,132,20,12.9,11.0,0.258,0.402,0.357,0.759,0.144,0.269,0.273,0.452,0.333,0.361,0.373,0.179,0.327,0.365,0.301,0.322,87.7,27.2,3.5,36.8,93.263296429,18.2
"Niese, Jonathon",477003,2016,546,489,88,16.1,8.6,0.297,0.524,0.36,0.884,0.227,0.317,0.28,0.475,0.374,0.355,0.35,0.195,0.418,0.395,0.36,0.345,89.4,33.6,5.1,35.8,93.82981526,17.9
"Fien, Casey",502272,2016,169,158,35,20.7,5.9,0.285,0.595,0.327,0.922,0.31,0.291,0.289,0.571,0.38,0.375,0.332,0.282,0.47,0.466,0.366,0.373,88.9,44.4,9.7,37.1,93.824910508,25.5
"Madson, Ryan",425492,2016,270,245,49,18.1,7.4,0.257,0.384,0.317,0.701,0.127,0.295,0.246,0.355,0.302,0.29,0.309,0.108,0.34,0.323,0.32,0.308,85.7,29.1,2.0,27.1,92.607561354,25.1
"Davies, Zach",605200,2016,682,631,135,19.8,5.6,0.263,0.418,0.309,0.727,0.155,0.304,0.242,0.376,0.313,0.293,0.293,0.134,0.364,0.339,0.332,0.311,87.6,31.2,3.2,28.6,92.832344833,20.3
"Warren, Adam",476589,2016,277,242,52,18.8,10.5,0.244,0.417,0.325,0.742,0.173,0.265,0.233,0.409,0.314,0.31,0.318,0.176,0.352,0.347,0.307,0.298,88.6,30.3,3.6,29.7,92.97533709,23.4
"Kiekhefer, Dean",518883,2016,98,88,14,14.3,7.1,0.273,0.409,0.337,0.746,0.136,0.301,0.284,0.461,0.309,0.336,0.348,0.177,0.34,0.375,0.32,0.335,86.9,30.7,8.0,32.0,92.847763919,21.2
"Rodriguez, Eduardo",593958,2016,457,410,100,21.9,8.5,0.241,0.417,0.309,0.726,0.176,0.279,0.224,0.38,0.313,0.299,0.297,0.156,0.363,0.342,0.315,0.297,86.0,34.3,5.1,26.0,92.351695815,23.5
"Ross Jr., Robbie",543726,2016,238,206,56,23.5,9.7,0.228,0.296,0.328,0.624,0.068,0.302,0.254,0.367,0.286,0.324,0.352,0.112,0.308,0.367,0.311,0.35,87.1,31.8,6.0,35.1,92.933735676,25.4
"Chavez, Jesse",445926,2016,282,261,63,22.3,6.4,0.272,0.456,0.323,0.779,0.184,0.316,0.25,0.449,0.33,0.319,0.303,0.2,0.404,0.388,0.357,0.328,89.1,32.7,9.0,38.7,94.175083485,20.6
"Matz, Steven",571927,2016,547,502,129,23.6,5.7,0.257,0.382,0.306,0.688,0.125,0.319,0.227,0.342,0.299,0.275,0.281,0.115,0.366,0.333,0.345,0.309,88.7,26.4,4.2,36.1,93.644488956,22.7
"Finnegan, Brandon",605232,2016,734,636,145,19.8,11.4,0.236,0.421,0.326,0.747,0.185,0.259,0.258,0.444,0.324,0.347,0.35,0.186,0.354,0.389,0.302,0.336,88.3,38.9,5.4,35.5,93.589989469,22.6
"Liberatore, Adam",571893,2016,176,155,47,26.7,9.7,0.219,0.329,0.301,0.63,0.11,0.296,0.197,0.302,0.27,0.252,0.282,0.106,0.328,0.3,0.309,0.278,88.3,33.6,2.7,27.3,92.652849537,23.8
"Wright Jr., Mike",605541,2016,328,287,50,15.2,7.9,0.282,0.495,0.355,0.85,0.213,0.3,0.262,0.442,0.362,0.343,0.342,0.18,0.388,0.363,0.335,0.317,88.5,32.5,8.6,35.4,93.596296778,16.2
"Chapman, Aroldis",547973,2016,222,203,90,40.5,8.1,0.158,0.227,0.225,0.452,0.069,0.268,0.173,0.242,0.206,0.219,0.24,0.069,0.292,0.321,0.281,0.311,87.7,33.3,5.3,34.2,93.123787477,36.8
"Richards, Garrett",572070,2016,148,130,34,23.0,10.1,0.238,0.362,0.322,0.684,0.124,0.309,0.249,0.406,0.3,0.322,0.334,0.157,0.345,0.382,0.323,0.342,89.0,34.7,6.1,38.8,94.00893956,24.0
"Hembree, Heath",592390,2016,223,205,47,21.1,7.6,0.249,0.39,0.305,0.695,0.141,0.294,0.254,0.441,0.3,0.322,0.31,0.188,0.35,0.38,0.321,0.328,88.5,34.0,10.1,40.9,93.744734459,21.3
"Shreve, Chasen",592741,2016,142,125,33,23.2,9.2,0.232,0.504,0.319,0.823,0.272,0.25,0.235,0.425,0.349,0.327,0.323,0.191,0.414,0.381,0.315,0.321,88.4,31.2,6.5,38.7,94.145556897,30.9
"Hendriks, Liam",521230,2016,275,256,71,25.8,5.1,0.27,0.398,0.305,0.703,0.128,0.344,0.235,0.355,0.298,0.276,0.278,0.12,0.385,0.353,0.365,0.326,87.8,34.4,5.8,31.2,92.844374086,22.9
"Despaigne, Odrisamer",628333,2016,135,116,17,12.6,11.9,0.31,0.491,0.393,0.884,0.181,0.337,0.288,0.428,0.376,0.349,0.376,0.14,0.39,0.353,0.356,0.334,86.1,38.6,3.0,26.7,92.240625657,19.9
"Coulombe, Danny",543056,2016,193,171,54,28.0,8.8,0.216,0.351,0.283,0.634,0.135,0.272,0.21,0.344,0.272,0.27,0.279,0.134,0.343,0.34,0.308,0.303,88.4,32.0,4.9,33.6,93.105066807,32.3
"Gee, Dillon",518716,2016,551,502,89,16.2,6.7,0.291,0.47,0.345,0.815,0.179,0.311,0.264,0.449,0.348,0.33,0.321,0.185,0.389,0.366,0.351,0.32,87.1,34.6,4.3,30.1,92.641790025,18.4
"Givens, Mychal",571710,2016,313,268,96,30.7,11.5,0.22,0.34,0.325,0.665,0.12,0.317,0.209,0.312,0.296,0.284,0.317,0.102,0.368,0.348,0.341,0.327,85.3,38.3,5.7,26.3,91.958388588,32.1
"Grimm, Justin",518748,2016,225,201,65,28.9,10.2,0.234,0.363,0.316,0.679,0.129,0.321,0.237,0.403,0.297,0.314,0.32,0.167,0.375,0.405,0.346,0.353,89.2,36.0,2.9,33.8,93.625045802,32.4
"Cashner, Andrew",488768,2016,587,509,112,19.1,10.2,0.279,0.489,0.36,0.849,0.21,0.321,0.274,0.471,0.361,0.359,0.36,0.197,0.409,0.408,0.353,0.354,90.8,33.8,7.8,40.7,94.46057162,18.4
"Miller, Justin",502522,2016,193,168,45,23.3,10.4,0.298,0.512,0.373,0.885,0.214,0.367,0.255,0.447,0.375,0.344,0.344,0.192,0.453,0.409,0.397,0.353,90.5,37.3,5.6,42.9,94.894079417,25.6
"Kintzler, Brandon",445213,2016,224,214,35,15.6,3.6,0.276,0.397,0.308,0.705,0.121,0.31,0.272,0.396,0.304,0.304,0.305,0.124,0.343,0.344,0.33,0.326,88.6,24.0,3.9,40.2,93.915528011,16.6
"Kontos, George",502004,2016,216,192,35,16.2,9.3,0.219,0.307,0.298,0.605,0.088,0.252,0.245,0.359,0.266,0.298,0.323,0.114,0.273,0.317,0.266,0.299,86.4,30.2,3.8,28.3,92.311936118,24.1
"Soria, Joakim",465657,2016,293,258,68,23.2,9.2,0.271,0.457,0.343,0.8,0.186,0.33,0.273,0.467,0.344,0.35,0.346,0.194,0.413,0.425,0.365,0.37,87.9,28.1,1.5,32.7,93.64527612,26.0
"Barraclough, Kyle",607457,2016,306,256,113,36.9,14.4,0.176,0.238,0.299,0.537,0.062,0.306,0.168,0.232,0.252,0.25,0.296,0.064,0.313,0.309,0.31,0.303,87.6,34.0,3.4,32.0,93.023013169,35.0
"Swarzak, Anthony",461872,2016,124,115,31,25.0,5.6,0.243,0.557,0.29,0.847,0.314,0.24,0.194,0.392,0.352,0.273,0.245,0.198,0.449,0.333,0.329,0.263,87.6,21.2,2.4,30.6,92.912193929,21.7
"Withrow, Chris",519437,2016,158,136,28,17.7,10.8,0.213,0.331,0.308,0.639,0.118,0.231,0.22,0.362,0.284,0.298,0.315,0.141,0.289,0.31,0.266,0.276,85.0,33.3,6.3,25.2,91.794463832,24.8
"De La Rosa, Rubby",523989,2016,222,196,54,24.3,9.0,0.219,0.393,0.303,0.696,0.174,0.259,0.217,0.369,0.302,0.294,0.303,0.151,0.353,0.342,0.301,0.3,88.6,33.3,5.6,30.6,93.483456929,25.7
"Lester, Jon",452657,2016,796,730,197,24.7,6.5,0.211,0.334,0.268,0.602,0.123,0.258,0.22,0.339,0.264,0.272,0.277,0.12,0.315,0.328,0.287,0.302,87.4,31.2,4.6,29.2,92.686430661,24.0
"Knebel, Corey",608349,2016,145,127,38,26.2,11.0,0.252,0.37,0.338,0.708,0.118,0.333,0.222,0.355,0.305,0.291,0.314,0.133,0.374,0.353,0.356,0.318,89.8,34.4,3.3,38.9,93.724043596,23.0
"Alvarez, Dario",516714,2016,114,102,41,36.0,7.0,0.275,0.461,0.342,0.803,0.186,0.393,0.202,0.351,0.34,0.274,0.28,0.149,0.513,0.393,0.452,0.337,89.8,27.4,3.2,41.9,94.403956613,31.3
"Oberg, Scott",623184,2016,113,101,20,17.7,9.7,0.257,0.376,0.336,0.712,0.119,0.295,0.24,0.37,0.309,0.301,0.321,0.13,0.338,0.327,0.321,0.299,89.0,21.0,4.9,38.3,93.509786125,24.1
"Vargas, César",570714,2016,154,136,28,18.2,9.7,0.301,0.471,0.37,0.841,0.17,0.343,0.255,0.464,0.359,0.346,0.336,0.209,0.406,0.389,0.373,0.325,88.0,28.2,4.5,33.6,93.578308585,23.1
"Cingrani, Tony",571561,2016,271,229,49,18.1,13.7,0.236,0.371,0.348,0.719,0.135,0.278,0.221,0.341,0.319,0.307,0.338,0.121,0.325,0.307,0.298,0.282,87.8,26.4,4.9,34.6,93.0250848,21.1
"Tillman, Chris",501957,2016,715,636,140,19.6,9.2,0.244,0.412,0.32,0.732,0.168,0.283,0.255,0.422,0.317,0.33,0.332,0.167,0.352,0.37,0.31,0.327,89.0,34.7,4.6,35.3,93.500010463,21.9
"Green, Chad",643338,2016,198,180,52,26.3,7.6,0.272,0.522,0.33,0.852,0.25,0.316,0.265,0.502,0.361,0.358,0.329,0.237,0.465,0.464,0.38,0.379,89.2,40.8,10.0,39.2,94.45993176,27.3
"Rzepczynski, Marc",519240,2016,215,180,46,21.4,13.5,0.256,0.328,0.369,0.697,0.072,0.336,0.215,0.291,0.304,0.278,0.34,0.075,0.334,0.296,0.341,0.292,87.2,20.6,4.4,33.1,93.384208672,29.5
"Dayton, Grant",594795,2016,101,94,39,38.6,5.9,0.149,0.287,0.208,0.495,0.138,0.196,0.145,0.267,0.219,0.21,0.205,0.122,0.313,0.299,0.255,0.251,83.5,29.1,1.8,23.6,91.33452434,32.0
"Barnette, Tony",501817,2016,246,223,49,19.9,6.5,0.242,0.336,0.302,0.638,0.094,0.291,0.271,0.401,0.281,0.32,0.331,0.13,0.314,0.369,0.307,0.348,86.7,36.7,4.0,29.4,92.901949538,24.6
"Bassitt, Chris",605135,2016,133,119,23,17.3,10.5,0.294,0.487,0.368,0.855,0.193,0.33,0.294,0.562,0.368,0.396,0.37,0.268,0.41,0.45,0.365,0.367,90.0,34.4,6.3,43.8,94.995158495,20.1
"Yates, Kirby",489446,2016,184,159,50,27.2,10.3,0.258,0.396,0.35,0.746,0.138,0.343,0.218,0.315,0.327,0.287,0.318,0.097,0.402,0.336,0.373,0.32,88.2,30.6,2.7,28.8,92.939173981,27.3
"Latos, Mat",502009,2016,309,271,42,13.6,9.7,0.273,0.454,0.342,0.796,0.181,0.283,0.266,0.434,0.34,0.337,0.34,0.168,0.356,0.352,0.316,0.313,88.0,31.8,6.4,33.1,93.284159646,17.1
"Iwakuma, Hisashi",547874,2016,836,772,147,17.6,5.5,0.282,0.452,0.324,0.776,0.17,0.315,0.275,0.444,0.331,0.329,0.32,0.169,0.38,0.378,0.345,0.339,88.7,33.5,4.9,33.9,93.597793685,17.4
"Lyles, Jordan",543475,2016,272,237,32,11.8,10.3,0.291,0.418,0.373,0.791,0.127,0.32,0.265,0.363,0.344,0.318,0.353,0.098,0.346,0.312,0.333,0.307,87.2,32.2,1.9,32.2,92.837697353,17.6
"Jenkins, Tyrell",592433,2016,237,197,26,11.0,13.9,0.279,0.513,0.38,0.893,0.234,0.27,0.271,0.467,0.379,0.371,0.385,0.196,0.376,0.365,0.316,0.317,90.5,32.2,9.0,37.3,94.331363418,15.4
"Street, Huston",434718,2016,105,92,14,13.3,11.4,0.337,0.565,0.41,0.975,0.228,0.351,0.282,0.529,0.408,0.372,0.362,0.247,0.444,0.398,0.392,0.329,88.5,40.5,8.9,35.4,93.828461923,19.4
"Familia, Jeurys",544727,2016,321,286,84,26.2,9.7,0.22,0.276,0.298,0.574,0.056,0.307,0.203,0.268,0.253,0.246,0.285,0.064,0.302,0.292,0.31,0.29,86.1,25.4,2.0,28.8,93.056231026,31.9
"Villanueva, Carlos",453646,2016,321,300,61,19.0,4.4,0.297,0.553,0.332,0.885,0.256,0.321,0.289,0.497,0.368,0.347,0.327,0.208,0.443,0.417,0.369,0.363,89.5,35.8,5.3,36.2,93.969169149,24.2
"Perdomo, Luis",606131,2016,661,604,105,15.9,7.0,0.31,0.483,0.363,0.846,0.173,0.342,0.272,0.444,0.36,0.331,0.33,0.171,0.404,0.367,0.372,0.328,90.0,29.6,5.0,40.6,94.081931308,19.5
"Gonzalez, Gio",461829,2016,765,684,171,22.4,7.7,0.262,0.404,0.326,0.73,0.142,0.321,0.251,0.406,0.317,0.316,0.32,0.155,0.373,0.375,0.346,0.337,88.7,31.2,6.3,33.8,93.393239034,23.4
"Nuño, Vidal",573064,2016,247,232,51,20.6,4.5,0.289,0.487,0.324,0.811,0.198,0.326,0.266,0.442,0.342,0.319,0.306,0.175,0.416,0.387,0.366,0.343,87.9,40.4,6.0,27.9,92.929136705,18.6
"Farmer, Buck",571656,2016,131,108,27,20.6,15.3,0.231,0.417,0.354,0.771,0.186,0.269,0.199,0.334,0.335,0.308,0.334,0.134,0.358,0.316,0.305,0.272,86.9,19.3,4.8,31.3,92.851696296,25.8
"Pérez, Williams",554234,2016,233,210,27,11.6,6.4,0.271,0.429,0.323,0.752,0.158,0.281,0.261,0.432,0.319,0.321,0.316,0.171,0.337,0.34,0.308,0.299,90.0,23.8,5.3,40.7,94.391145137,15.1
"Syndergaard, Noah",592789,2016,744,692,218,29.3,5.8,0.243,0.351,0.287,0.638,0.108,0.336,0.219,0.324,0.277,0.259,0.267,0.104,0.367,0.339,0.351,0.32,87.6,31.8,6.0,31.8,93.207222073,30.4
"Ramos, Edubray",591693,2016,160,148,40,25.0,6.9,0.243,0.392,0.296,0.688,0.149,0.301,0.236,0.357,0.296,0.28,0.289,0.121,0.369,0.345,0.333,0.323,88.3,40.4,5.5,32.1,92.834300648,24.7
"Diekman, Jake",518617,2016,221,190,59,26.7,11.8,0.189,0.3,0.294,0.594,0.111,0.248,0.206,0.316,0.267,0.285,0.312,0.11,0.296,0.326,0.271,0.301,87.6,30.1,3.8,32.3,93.043228939,27.8
"Abad, Fernando",472551,2016,198,174,41,20.7,11.1,0.23,0.339,0.318,0.657,0.109,0.277,0.241,0.378,0.29,0.308,0.329,0.137,0.315,0.343,0.299,0.314,89.1,33.6,3.7,35.8,93.455179242,21.5
"Romero, Enny",544836,2016,204,172,50,24.5,13.7,0.244,0.395,0.343,0.738,0.151,0.294,0.229,0.37,0.322,0.316,0.335,0.141,0.37,0.361,0.333,0.32,90.5,38.1,4.8,40.5,93.89810746,30.6
"Ranaudo, Anthony",519168,2016,151,128,18,11.9,13.2,0.281,0.57,0.373,0.943,0.289,0.255,0.257,0.514,0.396,0.376,0.36,0.256,0.407,0.381,0.321,0.302,88.9,31.0,3.5,37.2,93.394510734,13.2
"Wilson, Alex",543935,2016,297,270,49,16.5,7.1,0.252,0.389,0.303,0.692,0.137,0.285,0.243,0.385,0.291,0.293,0.3,0.142,0.325,0.327,0.301,0.297,88.3,30.5,2.2,31.9,93.046687758,20.7
"Rogers, Taylor",573124,2016,264,242,64,24.2,6.1,0.26,0.401,0.318,0.719,0.141,0.326,0.245,0.375,0.309,0.295,0.304,0.13,0.38,0.359,0.352,0.332,89.7,29.6,3.4,40.8,94.218468492,18.9
"Ynoa, Michael",573589,2016,135,109,30,22.2,12.6,0.183,0.257,0.316,0.573,0.074,0.244,0.199,0.314,0.261,0.29,0.331,0.114,0.25,0.296,0.244,0.27,89.6,28.9,6.0,34.9,93.111891625,20.8
"Lackey, John",407793,2016,748,670,180,24.1,7.1,0.218,0.364,0.281,0.645,0.146,0.259,0.247,0.412,0.28,0.316,0.313,0.165,0.331,0.387,0.293,0.342,89.7,32.6,6.3,38.1,94.146629301,25.5
"Graveman, Kendall",608665,2016,785,723,108,13.8,6.0,0.271,0.415,0.319,0.734,0.144,0.29,0.291,0.461,0.316,0.345,0.34,0.171,0.34,0.377,0.316,0.342,89.6,30.0,6.3,38.7,94.198862729,18.1
"Harrell, Lucas",449173,2016,208,175,36,17.3,12.0,0.263,0.394,0.364,0.758,0.131,0.307,0.263,0.374,0.335,0.334,0.369,0.11,0.347,0.346,0.326,0.333,89.4,37.1,4.2,31.5,93.183283551,19.9
"Floyd, Gavin",425856,2016,124,112,30,24.2,6.5,0.205,0.366,0.274,0.64,0.161,0.241,0.212,0.377,0.276,0.287,0.285,0.165,0.324,0.345,0.277,0.294,90.5,32.5,3.6,33.7,93.86152641,33.3
"Velasquez, Vince",592826,2016,551,491,152,27.6,8.2,0.263,0.442,0.323,0.765,0.179,0.334,0.242,0.413,0.328,0.313,0.306,0.171,0.425,0.402,0.375,0.349,88.6,37.4,4.5,34.0,93.626838,27.1
"Wang, Chien-Ming",425426,2016,231,210,30,13.0,7.8,0.286,0.438,0.348,0.786,0.152,0.31,0.306,0.484,0.341,0.367,0.366,0.178,0.359,0.392,0.333,0.357,90.7,36.5,8.8,44.2,94.8211935,12.7
"Strop, Pedro",467008,2016,187,166,60,32.1,8.0,0.163,0.271,0.246,0.517,0.108,0.221,0.199,0.311,0.231,0.262,0.28,0.112,0.282,0.337,0.25,0.309,88.8,25.0,3.7,35.2,93.420766857,36.1
"Shields, James",448306,2016,821,723,135,16.4,10.0,0.288,0.527,0.364,0.891,0.239,0.304,0.277,0.48,0.377,0.359,0.356,0.203,0.417,0.392,0.351,0.339,88.7,34.6,5.9,33.3,93.438884966,22.3
"Bundy, Dylan",605164,2016,474,424,104,21.9,8.9,0.257,0.434,0.332,0.766,0.177,0.3,0.247,0.409,0.329,0.318,0.324,0.163,0.386,0.37,0.34,0.327,87.6,35.1,5.6,31.7,92.793266847,24.2
"Butler, Eddie",572750,2016,293,265,47,16.0,7.2,0.328,0.562,0.381,0.943,0.234,0.357,0.3,0.495,0.398,0.366,0.358,0.195,0.452,0.411,0.395,0.364,90.9,32.4,3.6,43.2,94.605922264,19.4
"Doolittle, Sean",448281,2016,155,143,45,29.0,5.2,0.231,0.434,0.272,0.706,0.203,0.293,0.207,0.417,0.295,0.278,0.25,0.21,0.406,0.384,0.337,0.305,90.3,33.3,8.8,39.2,94.424494574,29.6
"Hudson, Daniel",543339,2016,268,242,58,21.6,8.2,0.269,0.413,0.34,0.753,0.144,0.331,0.253,0.404,0.325,0.316,0.326,0.151,0.381,0.369,0.353,0.333,85.5,37.5,3.8,28.8,92.464786722,26.3
"Kela, Keone",605309,2016,150,127,45,30.0,11.3,0.236,0.441,0.338,0.779,0.205,0.312,0.242,0.45,0.337,0.346,0.346,0.209,0.434,0.457,0.361,0.378,89.8,36.5,5.9,36.5,94.142019487,29.2
"Scherzer, Max",453286,2016,902,830,284,31.5,6.2,0.199,0.365,0.254,0.619,0.166,0.259,0.197,0.335,0.267,0.259,0.254,0.138,0.358,0.349,0.301,0.304,87.2,30.8,4.9,29.5,92.906856711,32.4
"Wood, Travis",475243,2016,252,226,47,18.7,9.5,0.199,0.385,0.279,0.664,0.186,0.216,0.236,0.373,0.285,0.299,0.313,0.136,0.308,0.328,0.251,0.3,88.8,30.0,7.2,35.6,93.214966648,17.3
"Feliz, Michael",593140,2016,270,246,95,35.2,8.1,0.224,0.374,0.285,0.659,0.15,0.315,0.207,0.373,0.287,0.283,0.272,0.166,0.407,0.401,0.359,0.337,89.5,32.0,7.2,41.2,94.015032715,32.6
"Price, David",456034,2016,951,879,228,24.0,5.3,0.258,0.42,0.301,0.721,0.162,0.314,0.241,0.4,0.309,0.298,0.287,0.159,0.383,0.368,0.345,0.326,87.8,32.4,3.3,33.0,93.434837926,24.8
"Lorenzen, Michael",547179,2016,202,183,48,23.8,6.4,0.224,0.333,0.297,0.63,0.109,0.277,0.241,0.328,0.281,0.289,0.313,0.087,0.322,0.334,0.304,0.328,86.4,30.4,1.5,30.4,92.469551579,22.7
"Murray, Colton",605396,2016,141,123,31,22.0,9.2,0.276,0.496,0.353,0.849,0.22,0.322,0.276,0.493,0.36,0.366,0.358,0.216,0.43,0.441,0.366,0.374,92.2,37.9,6.3,43.2,95.111277253,24.4
"Chen, Wei-Yin",612672,2016,520,486,100,19.2,4.6,0.276,0.477,0.311,0.788,0.201,0.304,0.282,0.487,0.335,0.346,0.32,0.205,0.395,0.412,0.344,0.356,89.7,33.8,6.6,37.2,94.097815567,20.9
"Bracho, Silvino",611093,2016,119,105,17,14.3,8.4,0.295,0.581,0.37,0.951,0.286,0.293,0.266,0.49,0.397,0.362,0.351,0.224,0.432,0.387,0.348,0.322,89.4,36.0,6.7,28.1,93.48881,23.0
"Manaea, Sean",640455,2016,594,545,124,20.9,6.2,0.248,0.415,0.298,0.713,0.167,0.284,0.253,0.44,0.306,0.321,0.306,0.188,0.359,0.382,0.318,0.329,89.9,31.0,6.8,38.9,94.386920025,25.2
"Young, Chris",432934,2016,406,357,94,23.2,10.6,0.291,0.577,0.365,0.942,0.286,0.318,0.267,0.543,0.394,0.375,0.346,0.276,0.486,0.457,0.39,0.36,89.8,36.0,5.6,37.1,93.892737148,27.0
"Mengden, Daniel",596043,2016,332,292,71,21.4,9.9,0.284,0.455,0.364,0.819,0.171,0.347,0.265,0.448,0.355,0.346,0.348,0.183,0.412,0.4,0.374,0.351,88.0,32.1,7.1,35.3,93.598883657,21.9
"Chacín, Jhoulys",468504,2016,632,562,119,18.8,8.7,0.272,0.406,0.339,0.745,0.134,0.32,0.269,0.408,0.322,0.325,0.339,0.139,0.361,0.367,0.341,0.34,88.9,29.1,5.7,36.2,93.682301319,19.5
"Rodney, Fernando",407845,2016,283,237,74,26.1,13.1,0.228,0.325,0.343,0.668,0.097,0.308,0.21,0.307,0.3,0.289,0.33,0.097,0.342,0.324,0.329,0.306,85.6,29.3,3.0,26.9,92.036059625,30.2
"Mariot, Michael",592527,2016,95,81,23,24.2,14.7,0.222,0.444,0.337,0.781,0.222,0.245,0.192,0.384,0.336,0.303,0.311,0.191,0.389,0.337,0.31,0.269,88.4,31.0,8.6,27.6,92.900866897,24.7
"Vázquez, Felipe",553878,2016,327,286,92,28.1,10.1,0.231,0.35,0.321,0.671,0.119,0.312,0.223,0.354,0.295,0.297,0.317,0.132,0.361,0.365,0.337,0.33,86.7,35.2,3.1,31.6,92.580282169,32.2
"Weber, Ryan",543901,2016,157,149,23,14.6,3.2,0.309,0.537,0.34,0.877,0.228,0.328,0.312,0.513,0.367,0.363,0.343,0.201,0.421,0.416,0.365,0.37,89.4,36.2,5.5,37.8,93.664582903,13.6
"Hammel, Jason",434628,2016,692,620,144,20.8,7.7,0.239,0.423,0.307,0.73,0.184,0.271,0.249,0.434,0.315,0.324,0.316,0.185,0.36,0.374,0.309,0.323,90.0,33.5,5.3,37.2,93.989707505,23.8
"Wainwright, Adam",425794,2016,847,766,161,19.0,7.0,0.287,0.446,0.338,0.784,0.159,0.334,0.275,0.427,0.335,0.328,0.331,0.152,0.388,0.38,0.358,0.348,86.9,37.5,5.1,30.2,92.663444238,20.2
"Rodríguez, Francisco",408061,2016,235,210,52,22.1,8.9,0.214,0.357,0.285,0.642,0.143,0.252,0.235,0.389,0.279,0.308,0.31,0.155,0.315,0.358,0.28,0.316,90.1,23.0,6.2,39.8,94.27930462,27.6
"Buchter, Ryan",488748,2016,247,212,78,31.6,12.6,0.16,0.288,0.271,0.559,0.128,0.227,0.178,0.296,0.248,0.263,0.291,0.118,0.293,0.32,0.25,0.285,88.5,36.8,5.1,32.4,92.976033955,25.2
"Moscot, Jon",621209,2016,104,89,10,9.6,9.6,0.292,0.685,0.366,1.051,0.393,0.229,0.342,0.652,0.43,0.442,0.413,0.309,0.45,0.466,0.325,0.383,89.7,43.4,9.6,36.1,94.242817722,10.7
"Fernández, José",605228,2016,737,664,253,34.3,7.5,0.224,0.336,0.288,0.624,0.112,0.337,0.219,0.328,0.271,0.269,0.284,0.109,0.38,0.377,0.358,0.353,89.2,36.2,5.0,36.2,93.485750856,32.8
"Jones, Nate",518858,2016,274,252,80,29.2,5.5,0.19,0.31,0.243,0.553,0.12,0.246,0.217,0.35,0.237,0.266,0.269,0.133,0.307,0.354,0.276,0.319,89.6,27.8,6.3,36.9,93.78360744,29.7
"May, Trevor",543507,2016,187,168,60,32.1,9.1,0.232,0.446,0.31,0.756,0.214,0.317,0.223,0.413,0.323,0.31,0.303,0.19,0.441,0.42,0.361,0.35,89.3,40.7,12.0,38.0,93.921612264,28.8
"Guerra, Deolis",500610,2016,220,209,36,16.4,3.2,0.249,0.392,0.279,0.671,0.143,0.274,0.271,0.421,0.288,0.313,0.301,0.15,0.327,0.358,0.299,0.328,87.4,36.6,4.6,33.1,93.018229653,21.8
"Nicolino, Justin",592593,2016,346,313,37,10.7,5.8,0.307,0.45,0.348,0.798,0.143,0.321,0.309,0.488,0.341,0.359,0.352,0.18,0.358,0.381,0.34,0.345,90.3,34.6,4.2,38.8,94.249381287,11.9
"Smyly, Drew",592767,2016,738,671,167,22.6,6.6,0.259,0.456,0.307,0.763,0.197,0.294,0.233,0.407,0.323,0.3,0.287,0.174,0.393,0.36,0.338,0.309,87.8,34.0,5.4,31.0,93.170192992,25.0
"Herrera, Kelvin",516969,2016,283,266,86,30.4,4.2,0.214,0.335,0.255,0.59,0.121,0.291,0.207,0.321,0.257,0.251,0.25,0.114,0.342,0.334,0.315,0.308,88.6,28.0,5.5,33.5,93.219176536,31.8
"Brault, Steven",643230,2016,166,144,29,17.5,10.2,0.313,0.5,0.393,0.893,0.187,0.364,0.259,0.396,0.383,0.328,0.352,0.136,0.431,0.357,0.391,0.332,89.5,29.7,3.4,29.7,93.358730777,25.0
"De La Rosa, Jorge",407822,2016,614,536,108,17.6,10.3,0.293,0.487,0.374,0.861,0.194,0.328,0.273,0.45,0.369,0.351,0.359,0.177,0.41,0.386,0.364,0.343,88.9,30.8,5.1,38.6,93.932480665,24.8
"Dickey, R.A.",285079,2016,728,655,126,17.3,8.7,0.258,0.461,0.327,0.788,0.203,0.28,0.275,0.467,0.338,0.35,0.343,0.193,0.372,0.389,0.318,0.34,87.6,34.7,5.1,35.5,93.57778803,23.6
"Peacock, Brad",502748,2016,127,113,28,22.0,11.0,0.186,0.425,0.276,0.701,0.239,0.19,0.213,0.392,0.301,0.303,0.3,0.179,0.336,0.339,0.247,0.283,89.7,30.6,5.9,42.4,93.953294,21.5
"Jansen, Kenley",445276,2016,251,234,104,41.4,4.4,0.15,0.252,0.194,0.446,0.102,0.244,0.143,0.238,0.192,0.189,0.19,0.094,0.302,0.297,0.267,0.261,86.4,28.4,6.0,24.6,91.916883178,33.5
"Barrett, Jake",545332,2016,250,216,56,22.4,11.2,0.218,0.37,0.312,0.682,0.152,0.261,0.236,0.42,0.294,0.324,0.333,0.184,0.328,0.375,0.288,0.32,90.7,31.3,4.9,42.9,94.559449686,28.5
"Hochevar, Luke",460024,2016,151,137,40,26.5,6.0,0.226,0.416,0.287,0.703,0.19,0.272,0.24,0.466,0.302,0.331,0.303,0.226,0.376,0.422,0.316,0.342,89.9,33.3,8.1,36.4,93.927128351,29.5
"Storen, Drew",519322,2016,228,207,48,21.1,5.7,0.271,0.444,0.335,0.779,0.173,0.322,0.252,0.42,0.336,0.32,0.318,0.167,0.394,0.371,0.352,0.329,88.8,30.0,6.9,36.3,94.054992785,23.7
"Walker, Taijuan",592836,2016,573,522,119,20.8,6.5,0.247,0.462,0.305,0.767,0.215,0.269,0.247,0.436,0.326,0.321,0.307,0.19,0.382,0.376,0.318,0.32,89.4,34.0,3.7,36.7,93.811845112,22.5
"Hoyt, James",624586,2016,91,79,28,30.8,9.9,0.203,0.418,0.289,0.707,0.215,0.234,0.2,0.369,0.3,0.288,0.294,0.169,0.394,0.383,0.308,0.319,87.8,22.6,1.9,30.2,93.526912766,31.7
"Fields, Josh",451661,2016,158,145,42,26.6,7.0,0.297,0.49,0.348,0.838,0.193,0.39,0.225,0.389,0.352,0.289,0.285,0.163,0.462,0.369,0.413,0.319,90.5,27.9,8.7,40.4,94.114760693,28.5
"De La Cruz, Joel",503444,2016,276,247,37,13.4,8.0,0.263,0.466,0.326,0.792,0.203,0.272,0.272,0.453,0.338,0.34,0.336,0.181,0.357,0.359,0.307,0.319,89.2,36.3,6.5,36.7,93.632776029,20.2
"Rasmus, Cory",474284,2016,114,96,17,14.9,14.0,0.26,0.438,0.368,0.806,0.178,0.276,0.243,0.431,0.349,0.346,0.361,0.188,0.354,0.351,0.313,0.297,89.5,28.7,6.3,27.5,93.082599733,23.9
"Detwiler, Ross",446321,2016,220,199,26,11.8,8.6,0.296,0.447,0.359,0.806,0.151,0.32,0.298,0.472,0.349,0.359,0.361,0.174,0.362,0.375,0.339,0.341,89.8,33.9,5.7,36.2,94.065453353,14.8
"Eovaldi, Nathan",543135,2016,525,482,97,18.5,7.6,0.255,0.465,0.313,0.778,0.21,0.275,0.268,0.469,0.331,0.34,0.325,0.201,0.378,0.391,0.319,0.336,89.8,31.3,5.2,40.3,94.41886877,22.1
"Farquhar, Danny",543144,2016,158,137,46,29.1,9.5,0.241,0.453,0.333,0.786,0.212,0.301,0.23,0.395,0.338,0.314,0.324,0.165,0.438,0.397,0.363,0.346,87.9,40.9,7.5,39.8,94.01551956,32.1
"Roe, Chaz",475054,2016,124,107,37,29.8,11.3,0.206,0.374,0.298,0.672,0.168,0.286,0.194,0.321,0.289,0.284,0.297,0.127,0.359,0.352,0.306,0.303,90.3,29.2,6.9,36.1,93.922012817,30.6
"Gearrin, Cory",518715,2016,198,180,45,22.7,7.6,0.233,0.361,0.293,0.654,0.128,0.286,0.228,0.369,0.281,0.286,0.292,0.141,0.331,0.34,0.307,0.305,88.8,29.2,2.9,38.7,93.567136767,25.9
"Strickland, Hunter",519326,2016,250,226,57,22.8,7.6,0.221,0.305,0.284,0.589,0.084,0.274,0.232,0.379,0.257,0.29,0.296,0.148,0.297,0.347,0.291,0.309,89.5,32.6,4.1,34.3,93.56078963,25.4
"Kershaw, Clayton",477132,2016,544,526,172,31.6,2.0,0.184,0.268,0.204,0.472,0.084,0.256,0.194,0.3,0.204,0.222,0.214,0.105,0.286,0.314,0.273,0.289,86.9,27.9,3.9,27.3,92.355949715,31.5
"Estrada, Marco",462136,2016,723,651,165,22.8,9.0,0.203,0.361,0.278,0.639,0.158,0.234,0.221,0.377,0.279,0.296,0.297,0.156,0.316,0.342,0.27,0.298,88.1,31.9,4.1,31.5,93.240246859,26.2
"Leone, Dominic",608678,2016,131,115,23,17.6,9.2,0.391,0.652,0.443,1.095,0.261,0.432,0.276,0.485,0.454,0.353,0.345,0.209,0.534,0.395,0.474,0.338,88.1,34.7,3.2,32.6,93.026781474,24.2
"Ziegler, Brad",446899,2016,289,257,58,20.1,9.0,0.261,0.335,0.334,0.669,0.074,0.328,0.237,0.353,0.29,0.286,0.313,0.116,0.329,0.324,0.335,0.304,89.1,24.3,3.5,35.6,93.683586382,25.7
"Severino, Luis",622663,2016,312,284,66,21.2,8.0,0.275,0.472,0.34,0.812,0.197,0.324,0.266,0.44,0.348,0.335,0.332,0.174,0.41,0.392,0.358,0.347,89.7,32.1,4.6,41.5,94.253082113,22.6
"Krol, Ian",571871,2016,217,199,56,25.8,6.0,0.271,0.377,0.324,0.701,0.106,0.357,0.22,0.338,0.302,0.268,0.28,0.118,0.383,0.336,0.375,0.31,88.4,26.2,2.1,29.0,93.321487681,23.7
"Geltz, Steve",544993,2016,112,101,23,20.5,8.0,0.238,0.574,0.304,0.878,0.336,0.191,0.283,0.68,0.365,0.423,0.347,0.397,0.43,0.512,0.304,0.365,92.4,39.2,3.8,53.2,95.45928519,23.8
"Salas, Fernando",477569,2016,293,272,64,21.8,6.5,0.232,0.419,0.28,0.699,0.187,0.258,0.241,0.424,0.297,0.307,0.29,0.183,0.354,0.369,0.3,0.315,89.2,29.5,3.8,34.8,93.737119707,22.6
"Wacha, Michael",608379,2016,606,551,114,18.8,7.4,0.289,0.459,0.341,0.8,0.17,0.337,0.265,0.425,0.339,0.318,0.32,0.16,0.395,0.367,0.36,0.332,88.1,37.0,5.6,34.1,93.390775459,18.8
"Bedrosian, Cam",592135,2016,162,145,51,31.5,8.6,0.207,0.248,0.284,0.532,0.041,0.309,0.208,0.312,0.242,0.27,0.29,0.104,0.301,0.35,0.316,0.327,91.0,33.7,6.3,45.3,94.41369086,27.0
"Jennings, Dan",543359,2016,259,220,46,17.8,10.8,0.259,0.336,0.342,0.678,0.077,0.313,0.252,0.321,0.302,0.306,0.346,0.069,0.312,0.317,0.317,0.321,87.7,26.4,3.8,32.4,93.138352542,20.2
"Wright, Daniel",642229,2016,179,162,21,11.7,4.5,0.352,0.556,0.395,0.951,0.204,0.368,0.316,0.53,0.404,0.384,0.365,0.214,0.436,0.412,0.399,0.361,89.0,40.7,3.4,36.6,93.572958803,16.8
"Bradley, Archie",605151,2016,638,558,143,22.4,10.5,0.276,0.448,0.354,0.802,0.172,0.34,0.261,0.409,0.341,0.327,0.344,0.148,0.405,0.385,0.365,0.35,89.6,33.0,6.8,37.0,94.044966107,21.2
"Schugel, A.J.",519263,2016,204,190,46,22.5,6.4,0.216,0.321,0.27,0.591,0.105,0.264,0.269,0.436,0.26,0.326,0.319,0.167,0.302,0.395,0.285,0.355,90.0,34.7,7.6,42.4,94.553454895,21.2
"Urías, Julio",628711,2016,336,296,84,25.0,9.2,0.274,0.378,0.349,0.727,0.104,0.365,0.233,0.346,0.322,0.294,0.314,0.113,0.388,0.344,0.38,0.325,86.7,34.1,3.2,30.0,92.559005924,25.7
"Kelly, Joe",523260,2016,188,158,48,25.5,12.8,0.278,0.456,0.372,0.828,0.178,0.358,0.274,0.461,0.356,0.365,0.377,0.186,0.43,0.449,0.386,0.394,91.2,34.2,8.8,41.2,95.02669028,26.8
"Kimbrel, Craig",518886,2016,220,184,83,37.7,13.6,0.152,0.255,0.283,0.538,0.103,0.245,0.168,0.309,0.252,0.278,0.299,0.142,0.311,0.37,0.275,0.31,89.9,35.9,7.8,33.0,94.021987449,34.9
"Goeddel, Erik",592340,2016,157,141,36,22.9,8.9,0.234,0.404,0.306,0.71,0.17,0.277,0.263,0.465,0.305,0.347,0.336,0.202,0.358,0.42,0.311,0.356,90.8,42.5,6.6,36.8,93.90593717,25.4
"Happ, J.A.",457918,2016,796,726,163,20.5,7.5,0.231,0.371,0.295,0.666,0.14,0.269,0.256,0.42,0.291,0.321,0.318,0.164,0.328,0.371,0.297,0.33,89.5,32.1,5.3,37.2,94.164660342,22.3
"Nelson, Jimmy",519076,2016,807,693,140,17.3,10.7,0.268,0.43,0.361,0.791,0.162,0.303,0.246,0.395,0.345,0.327,0.344,0.148,0.368,0.342,0.334,0.308,88.8,27.8,4.3,35.1,93.601808227,19.0
"McCarthy, Brandon",435221,2016,171,140,44,25.7,15.2,0.207,0.307,0.335,0.642,0.1,0.281,0.215,0.316,0.292,0.302,0.346,0.101,0.313,0.331,0.296,0.314,87.8,32.3,6.1,30.3,92.579735604,18.8
"Maurer, Brandon",543506,2016,300,273,72,24.0,7.7,0.238,0.385,0.301,0.686,0.147,0.297,0.236,0.413,0.292,0.303,0.3,0.177,0.356,0.373,0.322,0.321,89.4,35.1,8.9,38.6,93.85420755,26.7
"Tolleson, Shawn",474521,2016,168,157,29,17.3,6.0,0.338,0.529,0.375,0.904,0.191,0.372,0.281,0.452,0.382,0.331,0.324,0.171,0.448,0.384,0.411,0.345,89.6,27.9,7.8,40.3,94.079361575,21.3
"Stewart, Brock",592779,2016,126,113,25,19.8,9.5,0.292,0.496,0.36,0.856,0.204,0.321,0.241,0.406,0.365,0.313,0.314,0.165,0.428,0.354,0.375,0.309,85.6,29.2,5.6,31.5,92.938811364,24.2
"Jepsen, Kevin",448178,2016,224,197,35,15.6,9.4,0.315,0.569,0.371,0.94,0.254,0.321,0.283,0.511,0.389,0.366,0.351,0.228,0.435,0.407,0.369,0.343,92.1,32.1,9.5,43.5,94.920030375,20.9
"Greinke, Zack",425844,2016,667,615,134,20.1,6.1,0.262,0.444,0.306,0.75,0.182,0.299,0.257,0.437,0.319,0.317,0.303,0.18,0.377,0.376,0.332,0.328,87.9,32.1,4.3,30.9,93.012835633,22.8
"Ramírez, José",542432,2016,143,118,33,23.1,12.6,0.22,0.364,0.336,0.7,0.144,0.279,0.213,0.379,0.299,0.322,0.346,0.166,0.33,0.368,0.295,0.31,89.0,34.1,11.4,35.2,93.744367024,28.9
"Sipp, Tony",448609,2016,195,175,40,20.5,9.2,0.297,0.589,0.364,0.953,0.292,0.323,0.272,0.496,0.399,0.358,0.342,0.224,0.476,0.418,0.382,0.351,88.0,36.0,3.7,36.8,93.937006567,30.1
"Whalen, Rob",547007,2016,110,92,25,22.7,10.9,0.217,0.457,0.324,0.781,0.24,0.25,0.198,0.37,0.334,0.31,0.322,0.172,0.377,0.345,0.294,0.285,87.1,31.4,5.7,25.7,92.873404364,25.9
"Collmenter, Josh",518567,2016,173,151,33,19.1,9.2,0.238,0.424,0.324,0.748,0.186,0.261,0.255,0.412,0.323,0.328,0.339,0.157,0.357,0.363,0.305,0.327,87.6,34.7,5.8,30.6,92.900217265,18.6
"Richard, Clayton",453385,2016,306,270,41,13.4,10.1,0.3,0.389,0.373,0.762,0.089,0.338,0.26,0.355,0.333,0.307,0.34,0.095,0.345,0.312,0.349,0.306,88.4,25.9,3.4,31.9,93.167168596,20.9
"Rondón, Bruce",541652,2016,144,127,45,31.3,8.3,0.181,0.315,0.268,0.583,0.134,0.234,0.194,0.343,0.258,0.273,0.28,0.149,0.325,0.351,0.28,0.301,89.4,35.7,6.0,32.1,93.50728,34.3
"Nolasco, Ricky",445060,2016,817,756,144,17.6,5.4,0.267,0.435,0.308,0.743,0.168,0.296,0.262,0.433,0.318,0.318,0.306,0.171,0.362,0.363,0.325,0.322,88.7,33.8,6.1,35.9,93.551862007,20.9
"Shoemaker, Matt",533167,2016,668,624,143,21.4,4.5,0.266,0.418,0.305,0.723,0.152,0.316,0.262,0.442,0.31,0.323,0.305,0.18,0.373,0.394,0.342,0.344,87.8,35.0,5.1,35.0,93.427076529,27.1
"Allen, Cody",592102,2016,264,232,87,33.0,10.2,0.177,0.323,0.261,0.584,0.146,0.237,0.207,0.364,0.255,0.289,0.291,0.156,0.331,0.393,0.279,0.334,91.1,34.0,6.0,40.7,94.746561973,31.2
"Rosenthal, Trevor",572096,2016,197,164,56,28.4,14.7,0.293,0.384,0.408,0.792,0.091,0.429,0.256,0.373,0.357,0.339,0.378,0.118,0.442,0.41,0.444,0.389,89.3,33.9,6.4,39.4,94.245267477,26.9
"Teheran, Julio",527054,2016,758,703,167,22.0,5.4,0.223,0.376,0.275,0.651,0.153,0.262,0.233,0.405,0.281,0.298,0.285,0.172,0.331,0.356,0.292,0.307,88.8,33.1,4.8,33.6,93.514894605,24.1
"Pineda, Michael",501381,2016,755,693,207,27.4,7.0,0.266,0.462,0.322,0.784,0.196,0.34,0.234,0.409,0.335,0.304,0.293,0.175,0.434,0.387,0.376,0.332,89.8,35.6,6.1,39.3,94.022051211,31.2
"Salazar, Danny",517593,2016,584,515,161,27.6,10.8,0.235,0.379,0.318,0.697,0.144,0.307,0.228,0.388,0.304,0.307,0.314,0.16,0.374,0.379,0.338,0.331,91.3,32.4,5.6,44.1,94.842019148,25.6
"Kelly, Casey",543391,2016,102,92,7,6.9,6.9,0.326,0.489,0.382,0.871,0.163,0.341,0.32,0.552,0.363,0.395,0.383,0.232,0.37,0.407,0.349,0.348,88.6,33.7,5.8,38.4,93.955668571,14.8
"Bergman, Christian",548357,2016,119,110,22,18.5,5.0,0.355,0.636,0.385,1.021,0.281,0.39,0.311,0.577,0.427,0.398,0.352,0.265,0.515,0.481,0.438,0.397,91.5,34.1,9.9,46.2,95.307053882,19.7
"Robles, Hansel",570663,2016,331,288,85,25.7,10.9,0.24,0.382,0.321,0.703,0.142,0.308,0.223,0.352,0.303,0.296,0.313,0.129,0.364,0.354,0.332,0.319,89.2,34.9,6.2,35.9,93.665494804,25.1
"Surkamp, Eric",474668,2016,197,168,22,11.2,10.7,0.327,0.548,0.411,0.959,0.221,0.333,0.324,0.533,0.404,0.402,0.411,0.208,0.417,0.415,0.369,0.369,89.2,39.6,4.0,31.5,93.397702857,16.6
"Verrett, Logan",548337,2016,406,353,66,16.3,10.6,0.283,0.533,0.365,0.898,0.25,0.307,0.289,0.524,0.377,0.382,0.372,0.235,0.415,0.423,0.345,0.355,89.9,36.5,5.5,35.8,94.005358799,19.6
"Chamberlain, Joba",501955,2016,82,68,18,22.0,13.4,0.176,0.324,0.293,0.617,0.148,0.216,0.214,0.295,0.259,0.275,0.331,0.081,0.274,0.298,0.231,0.291,87.4,28.8,7.7,30.8,92.937113922,28.2
"Escobar, Edwin",546276,2016,116,99,17,14.7,10.3,0.333,0.556,0.426,0.982,0.223,0.372,0.29,0.514,0.413,0.383,0.389,0.224,0.453,0.412,0.402,0.35,89.2,45.8,8.4,38.6,93.567196049,20.6
"Wisler, Matt",605538,2016,671,613,115,17.1,7.3,0.259,0.439,0.317,0.756,0.18,0.28,0.264,0.457,0.323,0.335,0.325,0.193,0.361,0.379,0.317,0.328,89.4,30.0,5.6,36.8,94.253213513,21.2
"Glasnow, Tyler",607192,2016,105,88,24,22.9,12.4,0.25,0.409,0.365,0.774,0.159,0.323,0.216,0.354,0.342,0.32,0.351,0.138,0.382,0.351,0.344,0.314,85.9,26.2,4.6,23.1,92.217604717,28.3
"Clemens, Paul",518560,2016,314,275,53,16.9,9.9,0.262,0.476,0.342,0.818,0.214,0.275,0.252,0.468,0.35,0.349,0.338,0.217,0.379,0.378,0.32,0.314,90.8,33.2,7.5,42.0,94.401601364,17.5
"Reed, Addison",592665,2016,304,286,91,29.9,4.3,0.21,0.294,0.243,0.537,0.084,0.29,0.23,0.351,0.228,0.26,0.263,0.12,0.313,0.363,0.305,0.337,89.3,35.0,6.0,35.5,93.530524844,25.9
"McFarland, T.J.",519008,2016,112,97,7,6.3,8.9,0.34,0.526,0.402,0.928,0.186,0.333,0.3,0.459,0.388,0.355,0.372,0.159,0.384,0.344,0.355,0.317,87.3,25.8,2.2,38.7,93.816516292,13.5
"Hessler, Keith",594857,2016,103,88,11,10.7,12.6,0.273,0.455,0.373,0.828,0.182,0.293,0.256,0.467,0.353,0.352,0.36,0.212,0.35,0.349,0.312,0.293,87.3,37.2,7.7,33.3,92.8845852,17.2
"Araujo, Elvis",542587,2016,134,112,29,21.6,12.7,0.313,0.491,0.409,0.9,0.178,0.388,0.261,0.444,0.385,0.348,0.365,0.183,0.455,0.399,0.417,0.348,89.9,33.7,5.8,43.0,94.173118929,27.4
"Hill, Rich",448179,2016,439,395,129,29.4,7.5,0.195,0.261,0.269,0.53,0.066,0.277,0.199,0.3,0.241,0.259,0.274,0.102,0.288,0.318,0.287,0.296,87.1,27.9,5.2,32.3,92.906125992,28.1
"Simon, Alfredo",430580,2016,298,255,39,13.1,10.4,0.349,0.592,0.431,1.023,0.243,0.363,0.302,0.528,0.431,0.393,0.393,0.226,0.463,0.412,0.406,0.354,88.9,36.8,5.0,37.3,93.881243981,18.1
"Wright, Steven",453214,2016,656,587,127,19.4,8.7,0.235,0.342,0.31,0.652,0.107,0.28,0.22,0.33,0.289,0.281,0.3,0.111,0.313,0.303,0.299,0.283,86.9,27.8,4.5,26.7,92.51169695,25.4
"Giles, Ken",571704,2016,286,256,102,35.7,8.7,0.234,0.402,0.306,0.708,0.168,0.354,0.212,0.341,0.306,0.277,0.287,0.129,0.443,0.393,0.387,0.354,88.5,36.3,6.4,33.1,93.084372252,40.0
"Stripling, Ross",548389,2016,419,384,74,17.7,7.2,0.25,0.404,0.305,0.709,0.154,0.286,0.253,0.397,0.304,0.305,0.309,0.143,0.341,0.343,0.309,0.314,88.7,32.5,4.8,34.7,93.262726787,20.2
"Reed, Cody",642003,2016,229,204,43,18.8,8.3,0.328,0.574,0.395,0.969,0.246,0.367,0.275,0.506,0.408,0.365,0.351,0.231,0.479,0.42,0.414,0.352,90.0,30.1,6.1,38.0,94.312414268,22.5
"Logan, Boone",457429,2016,187,163,57,30.5,10.7,0.166,0.313,0.265,0.578,0.147,0.225,0.197,0.338,0.247,0.27,0.292,0.141,0.307,0.347,0.255,0.303,87.2,34.3,7.4,29.6,92.813402,37.6
"Pérez, Martín",527048,2016,855,758,103,12.0,8.9,0.27,0.404,0.337,0.741,0.134,0.29,0.287,0.457,0.323,0.354,0.356,0.169,0.328,0.368,0.309,0.333,89.6,31.5,6.5,37.4,93.982063149,18.4
"Cueto, Johnny",456501,2016,881,818,198,22.5,5.1,0.238,0.35,0.284,0.634,0.112,0.296,0.247,0.374,0.276,0.291,0.293,0.127,0.329,0.351,0.313,0.327,87.8,30.2,5.1,33.2,93.196412053,21.8
"Eflin, Zach",621107,2016,272,249,31,11.4,6.3,0.269,0.514,0.314,0.828,0.245,0.262,0.286,0.494,0.345,0.35,0.331,0.208,0.367,0.373,0.302,0.323,88.8,35.9,6.7,36.3,93.598177783,14.0
"Gómez, Jeanmar",491646,2016,297,270,47,15.8,7.4,0.289,0.419,0.343,0.762,0.13,0.327,0.266,0.435,0.328,0.327,0.325,0.169,0.36,0.36,0.345,0.321,87.3,31.9,3.1,31.0,93.110107568,18.5
"Tropeano, Nick",607374,2016,296,259,68,23.0,10.5,0.27,0.494,0.349,0.843,0.224,0.311,0.237,0.475,0.358,0.343,0.328,0.238,0.429,0.413,0.361,0.329,89.8,29.7,3.6,31.8,94.157149593,28.8
"Rea, Colin",607067,2016,453,395,80,17.7,9.7,0.258,0.425,0.343,0.768,0.167,0.295,0.268,0.424,0.331,0.339,0.353,0.157,0.359,0.37,0.322,0.336,90.0,33.6,7.5,39.6,94.385569839,17.4
"Romo, Sergio",489265,2016,117,110,33,28.2,6.0,0.236,0.427,0.282,0.709,0.191,0.292,0.225,0.429,0.3,0.298,0.273,0.204,0.399,0.4,0.338,0.327,84.5,32.5,3.9,23.4,91.686170822,33.5
"Ross, Joe",605452,2016,447,402,93,20.8,6.5,0.269,0.388,0.325,0.713,0.119,0.327,0.27,0.397,0.309,0.318,0.33,0.127,0.361,0.376,0.346,0.355,89.0,33.2,3.8,31.7,93.582388528,24.7
"Law, Derek",571882,2016,214,205,50,23.4,4.2,0.215,0.322,0.248,0.57,0.107,0.27,0.249,0.388,0.247,0.29,0.281,0.139,0.301,0.362,0.284,0.331,88.3,32.3,3.9,30.3,93.016067632,24.9
"Campos, Leonel",599998,2016,98,81,24,24.5,14.3,0.222,0.395,0.34,0.735,0.173,0.273,0.188,0.297,0.316,0.27,0.312,0.109,0.363,0.287,0.31,0.263,87.6,23.7,8.5,28.8,92.95504807,33.1
"Cervenka, Hunter",543017,2016,182,152,42,23.1,15.4,0.204,0.336,0.331,0.667,0.132,0.262,0.209,0.339,0.291,0.297,0.34,0.13,0.314,0.325,0.282,0.293,86.2,24.3,4.5,24.3,92.328360971,25.1
"Márquez, Germán",608566,2016,98,86,15,15.3,6.1,0.326,0.547,0.385,0.932,0.221,0.371,0.235,0.298,0.394,0.286,0.327,0.064,0.437,0.298,0.389,0.303,87.5,24.3,4.1,16.2,92.5529932,20.9
"Sabathia, CC",282332,2016,768,687,152,19.8,8.5,0.25,0.39,0.322,0.712,0.14,0.291,0.222,0.353,0.312,0.289,0.298,0.131,0.348,0.316,0.32,0.285,85.1,27.5,5.0,26.9,92.141573867,23.0
"Kennedy, Ian",453178,2016,818,733,184,22.5,8.1,0.236,0.413,0.308,0.721,0.177,0.269,0.239,0.433,0.312,0.323,0.313,0.193,0.362,0.379,0.312,0.319,89.3,32.4,7.4,38.7,93.924687625,23.4
"Gsellman, Robert",607229,2016,185,163,42,22.7,8.1,0.258,0.319,0.32,0.639,0.061,0.336,0.236,0.344,0.281,0.281,0.302,0.108,0.33,0.33,0.341,0.314,89.6,31.5,4.7,37.8,93.776057167,22.4
"Caminero, Arquimedes",491708,2016,280,239,50,17.9,11.8,0.28,0.452,0.378,0.83,0.172,0.328,0.268,0.418,0.36,0.345,0.367,0.151,0.389,0.368,0.353,0.337,87.3,34.9,5.7,33.3,93.036476543,23.1
"Mitchell, Bryan",571951,2016,107,94,11,10.3,11.2,0.277,0.383,0.358,0.741,0.106,0.305,0.272,0.399,0.328,0.333,0.354,0.127,0.319,0.326,0.313,0.308,88.1,27.4,7.1,31.0,92.803621807,15.8
"Shipley, Braden",640463,2016,306,273,43,14.1,9.2,0.293,0.542,0.359,0.901,0.249,0.303,0.317,0.529,0.379,0.389,0.381,0.213,0.412,0.425,0.345,0.375,90.1,31.6,5.1,40.6,94.17024533,19.6
"Miranda, Aríel",664641,2016,232,212,44,19.0,7.8,0.222,0.458,0.28,0.738,0.236,0.222,0.257,0.47,0.312,0.336,0.316,0.212,0.353,0.387,0.276,0.325,89.6,34.7,8.2,38.8,94.067083333,18.6
"Váldez, José A.",572308,2016,100,84,22,22.0,16.0,0.202,0.429,0.33,0.759,0.227,0.224,0.247,0.437,0.33,0.353,0.368,0.19,0.354,0.392,0.274,0.335,90.8,40.3,4.8,43.5,94.328236452,25.3
"Belisle, Matt",279571,2016,186,176,32,17.2,3.8,0.244,0.335,0.276,0.611,0.091,0.287,0.276,0.391,0.259,0.298,0.309,0.115,0.301,0.354,0.297,0.341,87.8,33.6,6.2,29.5,92.828061765,18.0
"Alvarez, Jose",501625,2016,256,238,51,19.9,5.9,0.298,0.403,0.341,0.744,0.105,0.364,0.256,0.365,0.318,0.289,0.304,0.109,0.381,0.343,0.378,0.328,86.4,38.1,2.6,22.2,92.199879451,22.1
"Morin, Mike",573046,2016,227,208,49,21.6,6.6,0.25,0.375,0.302,0.677,0.125,0.299,0.236,0.385,0.294,0.292,0.29,0.149,0.346,0.346,0.325,0.309,86.6,29.0,4.9,29.6,92.854313312,26.0
"Hughes, Phil",461833,2016,259,243,34,13.1,5.0,0.313,0.506,0.345,0.851,0.193,0.325,0.32,0.548,0.362,0.384,0.354,0.228,0.4,0.427,0.36,0.371,91.7,37.7,6.6,43.9,95.351353301,14.1
"Tazawa, Junichi",547749,2016,208,192,54,26.0,6.7,0.245,0.432,0.298,0.73,0.187,0.292,0.247,0.44,0.312,0.317,0.3,0.194,0.394,0.403,0.338,0.342,90.3,36.7,7.9,39.6,93.865878188,28.1
"O'Sullivan, Sean",457711,2016,98,89,13,13.3,6.1,0.337,0.483,0.388,0.871,0.146,0.365,0.33,0.517,0.376,0.385,0.384,0.187,0.405,0.419,0.39,0.385,91.1,39.0,3.9,44.2,94.89871589,13.7
"Roark, Tanner",543699,2016,855,758,172,20.1,8.5,0.228,0.327,0.307,0.634,0.099,0.274,0.24,0.378,0.282,0.305,0.317,0.138,0.307,0.341,0.295,0.31,87.4,30.5,4.0,30.3,92.874983506,21.9
"Adleman, Tim",534947,2016,287,255,47,16.4,7.0,0.251,0.463,0.317,0.78,0.212,0.26,0.268,0.471,0.332,0.346,0.334,0.202,0.365,0.384,0.306,0.329,88.7,37.2,6.0,37.2,93.779931827,21.8
"Venditte, Pat",519381,2016,102,86,19,18.6,10.8,0.279,0.535,0.363,0.898,0.256,0.292,0.256,0.465,0.372,0.352,0.352,0.209,0.418,0.388,0.343,0.326,90.0,31.4,8.6,44.3,94.350087714,24.7
"Venditte, Pat",519381,2016,102,86,19,18.6,10.8,0.279,0.535,0.363,0.898,0.256,0.292,0.256,0.465,0.372,0.352,0.352,0.209,0.418,0.388,0.343,0.326,90.0,31.4,8.6,44.3,94.350087714,24.7
"Ramírez, Neil",519166,2016,107,86,24,22.4,16.8,0.256,0.593,0.374,0.967,0.337,0.246,0.226,0.522,0.393,0.373,0.36,0.296,0.465,0.434,0.338,0.316,91.9,30.8,6.2,43.1,95.043349841,25.9
"Torres, Carlos",448614,2016,339,300,78,23.0,8.8,0.217,0.36,0.295,0.655,0.143,0.264,0.231,0.369,0.284,0.299,0.312,0.138,0.326,0.351,0.29,0.316,86.3,30.8,5.7,29.1,92.660114101,24.9
"Bleier, Richard",542947,2016,92,86,13,14.1,4.3,0.233,0.314,0.272,0.586,0.081,0.27,0.279,0.404,0.256,0.32,0.322,0.125,0.271,0.351,0.27,0.332,90.3,33.8,10.8,43.2,94.303146216,19.3
"Nicasio, Juan",504379,2016,513,449,138,26.9,8.8,0.261,0.441,0.333,0.774,0.18,0.337,0.218,0.343,0.33,0.285,0.3,0.125,0.417,0.349,0.368,0.317,88.5,30.3,4.6,31.6,93.410485101,24.4
"Feliz, Neftalí",491703,2016,218,193,61,28.0,9.6,0.207,0.409,0.287,0.696,0.202,0.244,0.241,0.454,0.299,0.331,0.319,0.212,0.374,0.427,0.301,0.352,89.2,32.6,5.9,37.0,93.804312273,30.6
"Wood, Blake",502028,2016,330,287,81,24.5,11.5,0.251,0.411,0.34,0.751,0.16,0.317,0.232,0.371,0.325,0.307,0.325,0.139,0.386,0.358,0.346,0.322,89.9,26.8,2.4,37.3,94.243338606,25.8
"Gray, Jon",592351,2016,711,630,185,26.0,8.3,0.243,0.386,0.317,0.703,0.143,0.313,0.238,0.386,0.307,0.31,0.317,0.149,0.373,0.379,0.34,0.34,88.2,36.0,5.1,34.7,93.545400457,26.5
"Ellington, Brian",623395,2016,141,121,32,22.7,11.3,0.223,0.331,0.321,0.652,0.108,0.284,0.18,0.294,0.287,0.261,0.289,0.114,0.317,0.278,0.3,0.247,88.6,27.5,9.9,30.8,92.988993412,25.5
"García, Jaime",448802,2016,741,668,150,20.2,7.7,0.268,0.448,0.331,0.779,0.18,0.31,0.249,0.398,0.334,0.31,0.315,0.149,0.389,0.355,0.344,0.321,88.7,28.1,4.4,35.3,93.764564168,21.7
"Sanchez, Aaron",592717,2016,790,719,161,20.4,8.0,0.224,0.335,0.29,0.625,0.111,0.268,0.251,0.399,0.277,0.313,0.316,0.148,0.306,0.357,0.287,0.324,90.0,27.5,5.7,39.8,94.444513755,21.0
"Casilla, Santiago",433586,2016,241,213,65,27.0,7.9,0.235,0.399,0.311,0.71,0.164,0.298,0.216,0.356,0.306,0.286,0.298,0.139,0.382,0.354,0.336,0.315,87.3,27.0,4.6,30.9,92.974892143,26.2
"Conley, Adam",543045,2016,583,500,124,21.3,10.6,0.25,0.394,0.344,0.738,0.144,0.306,0.226,0.402,0.321,0.317,0.328,0.176,0.36,0.357,0.33,0.304,87.9,32.6,6.2,31.6,93.284953229,23.4
"Maness, Seth",595307,2016,134,124,16,11.9,6.0,0.274,0.419,0.316,0.735,0.145,0.299,0.282,0.414,0.31,0.316,0.326,0.132,0.335,0.342,0.312,0.324,89.7,31.8,9.1,38.2,94.318404906,16.0
"Ventura, Yordano",570649,2016,816,723,144,17.6,9.6,0.263,0.415,0.339,0.754,0.152,0.298,0.265,0.446,0.329,0.342,0.343,0.181,0.356,0.375,0.326,0.33,89.8,30.2,4.4,38.4,94.09919715,22.1
"Siegrist, Kevin",543779,2016,248,218,66,26.6,10.5,0.193,0.372,0.278,0.65,0.179,0.221,0.203,0.372,0.28,0.289,0.291,0.168,0.332,0.347,0.271,0.291,85.6,27.1,2.6,24.5,92.087536842,26.1
"Goody, Nick",580792,2016,128,113,34,26.6,9.4,0.265,0.54,0.339,0.879,0.275,0.315,0.241,0.485,0.367,0.345,0.32,0.243,0.474,0.439,0.375,0.346,91.2,38.3,13.6,43.2,95.059983375,32.4
"Kahnle, Tommy",592454,2016,119,99,25,21.0,16.8,0.212,0.333,0.345,0.678,0.121,0.264,0.215,0.305,0.299,0.292,0.347,0.09,0.309,0.299,0.284,0.288,85.4,29.7,2.7,24.3,92.182882027,24.2
"Biagini, Joe",607352,2016,295,266,62,21.0,6.4,0.259,0.361,0.317,0.678,0.102,0.324,0.227,0.324,0.296,0.274,0.293,0.097,0.341,0.31,0.333,0.298,87.4,28.7,3.8,34.4,93.326162079,25.2
"Capuano, Chris",425626,2016,106,90,27,25.5,14.2,0.256,0.544,0.368,0.912,0.288,0.286,0.267,0.532,0.381,0.383,0.38,0.265,0.475,0.481,0.365,0.385,92.4,41.3,6.3,47.6,95.652878852,25.5
"Cedeño, Xavier",458584,2016,173,157,43,24.9,7.5,0.229,0.312,0.285,0.597,0.083,0.298,0.229,0.314,0.262,0.266,0.289,0.085,0.314,0.322,0.31,0.317,88.3,33.3,6.8,27.4,92.69490708,28.0
"Miley, Wade",489119,2016,711,649,137,19.3,6.9,0.288,0.467,0.341,0.808,0.179,0.329,0.277,0.464,0.346,0.345,0.336,0.187,0.401,0.401,0.362,0.354,89.0,35.1,6.4,37.4,93.886690891,20.8
"Hamels, Cole",430935,2016,848,760,200,23.6,9.1,0.243,0.38,0.319,0.699,0.137,0.299,0.244,0.395,0.307,0.315,0.321,0.151,0.358,0.372,0.329,0.333,87.6,32.0,5.2,35.7,93.704193047,27.2
"Osuna, Roberto",532077,2016,288,267,82,28.5,4.9,0.206,0.352,0.251,0.603,0.146,0.257,0.231,0.395,0.254,0.285,0.275,0.164,0.335,0.38,0.293,0.329,88.4,36.0,1.6,34.9,93.73225107,30.0
"Kazmir, Scott",431148,2016,590,526,134,22.7,8.8,0.253,0.435,0.327,0.762,0.182,0.299,0.242,0.395,0.327,0.312,0.32,0.154,0.386,0.365,0.337,0.327,85.9,35.8,6.3,31.0,92.655854286,23.3
"Hernandez, David",456696,2016,321,285,80,24.9,10.0,0.27,0.439,0.347,0.786,0.169,0.338,0.243,0.376,0.335,0.303,0.323,0.134,0.416,0.365,0.374,0.336,88.9,33.3,8.2,33.8,93.477955931,26.9
"Karns, Nate",501992,2016,417,367,101,24.2,10.8,0.259,0.417,0.343,0.76,0.158,0.327,0.25,0.406,0.331,0.326,0.338,0.156,0.392,0.386,0.354,0.347,89.8,35.1,7.8,36.9,94.036649923,26.4
"Robertson, David",502085,2016,267,229,75,28.1,12.0,0.231,0.358,0.326,0.684,0.127,0.313,0.198,0.335,0.298,0.277,0.297,0.138,0.368,0.333,0.34,0.291,87.1,28.3,6.3,28.3,92.581176364,30.6
"Lugo, Seth",607625,2016,260,223,45,17.3,8.1,0.22,0.372,0.294,0.666,0.152,0.24,0.271,0.47,0.285,0.354,0.346,0.2,0.306,0.401,0.269,0.342,89.3,31.6,5.8,35.3,93.730263296,21.1
"Vizcaíno, Arodys",527055,2016,181,154,50,27.6,13.8,0.24,0.331,0.35,0.681,0.091,0.337,0.196,0.29,0.303,0.272,0.313,0.094,0.363,0.31,0.356,0.291,89.2,22.9,4.8,35.2,93.661040784,31.9
"Devenski, Chris",606965,2016,408,383,104,25.5,4.9,0.206,0.3,0.251,0.551,0.094,0.272,0.224,0.337,0.242,0.268,0.269,0.113,0.295,0.334,0.282,0.311,86.9,35.9,4.3,27.4,92.61319214,29.0
"Johnson, Erik",605304,2016,146,132,21,14.4,7.5,0.348,0.75,0.39,1.14,0.402,0.32,0.305,0.58,0.465,0.392,0.353,0.276,0.528,0.436,0.404,0.355,92.4,29.8,9.6,51.8,95.621045929,16.8
"Carrasco, Carlos",471911,2016,599,558,150,25.0,5.7,0.24,0.425,0.286,0.711,0.185,0.29,0.233,0.386,0.303,0.288,0.28,0.153,0.38,0.359,0.326,0.318,89.5,30.6,6.6,37.9,93.83353198,27.0
"Straily, Dan",573185,2016,792,699,162,20.5,9.2,0.22,0.409,0.303,0.712,0.189,0.242,0.242,0.423,0.307,0.324,0.324,0.181,0.342,0.367,0.285,0.315,88.9,35.7,6.2,35.0,93.516067978,23.4
"Treinen, Blake",595014,2016,263,228,63,24.0,11.8,0.224,0.333,0.314,0.647,0.109,0.284,0.194,0.284,0.28,0.253,0.291,0.09,0.324,0.284,0.305,0.268,86.7,20.7,3.0,28.4,92.235564753,25.6
"Motte, Jason",435400,2016,109,98,24,22.0,7.3,0.286,0.592,0.349,0.941,0.306,0.319,0.279,0.557,0.389,0.377,0.344,0.277,0.477,0.461,0.373,0.367,90.5,33.3,9.3,42.7,94.221680541,17.8
"Hendricks, Kyle",543294,2016,745,686,170,22.8,5.9,0.207,0.319,0.262,0.581,0.112,0.252,0.212,0.321,0.254,0.259,0.269,0.108,0.295,0.306,0.274,0.285,86.6,28.9,4.2,26.2,92.363342796,24.7
"Triggs, Andrew",592811,2016,238,220,55,23.1,5.5,0.255,0.395,0.304,0.699,0.14,0.317,0.249,0.386,0.301,0.298,0.3,0.137,0.365,0.361,0.337,0.332,89.7,30.5,4.8,38.3,94.024742727,24.8
"Diaz, Jumbo",471822,2016,182,161,37,20.3,10.4,0.224,0.404,0.309,0.713,0.18,0.241,0.222,0.355,0.309,0.293,0.309,0.134,0.343,0.32,0.29,0.289,88.0,28.8,4.0,35.2,93.061827273,24.3
"Miller, Shelby",571946,2016,460,410,70,15.2,9.1,0.31,0.493,0.374,0.867,0.183,0.343,0.304,0.528,0.37,0.382,0.371,0.225,0.406,0.424,0.37,0.366,89.9,34.1,4.3,39.3,94.30802208,18.2
"Guerra, Junior",448855,2016,492,441,100,20.3,8.7,0.213,0.347,0.286,0.633,0.134,0.252,0.236,0.393,0.277,0.304,0.308,0.157,0.304,0.344,0.274,0.305,88.2,30.9,6.1,32.4,93.073785343,24.8
"Hatcher, Chris",501822,2016,181,158,43,23.8,11.6,0.253,0.475,0.344,0.819,0.222,0.299,0.247,0.428,0.344,0.327,0.339,0.181,0.419,0.393,0.348,0.339,88.9,33.6,6.0,38.8,93.743190261,23.6
"Duffey, Tyler",608648,2016,596,554,114,19.1,5.4,0.301,0.531,0.345,0.876,0.23,0.341,0.287,0.507,0.369,0.358,0.334,0.219,0.439,0.425,0.378,0.363,90.2,35.1,6.1,43.0,94.577700529,19.7
"Porcello, Rick",519144,2016,890,840,189,21.2,3.6,0.23,0.367,0.268,0.635,0.137,0.269,0.244,0.415,0.274,0.301,0.282,0.172,0.324,0.361,0.295,0.315,88.4,32.8,6.6,35.1,93.520286813,18.6
"Scahill, Rob",543746,2016,147,133,27,18.4,6.1,0.256,0.346,0.32,0.666,0.09,0.305,0.254,0.336,0.295,0.296,0.321,0.081,0.321,0.322,0.318,0.319,88.4,23.4,4.7,36.4,93.556041308,24.2
"Ohlendorf, Ross",456027,2016,290,249,68,23.4,11.0,0.237,0.454,0.338,0.792,0.217,0.269,0.238,0.434,0.342,0.338,0.34,0.196,0.398,0.393,0.326,0.33,88.3,33.7,8.2,37.0,93.564305198,25.0
"Broxton, Jonathan",455009,2016,259,227,57,22.0,9.3,0.229,0.366,0.307,0.673,0.137,0.271,0.236,0.347,0.288,0.29,0.319,0.11,0.331,0.335,0.301,0.318,85.4,37.1,3.4,26.3,91.804733647,22.2
"Ramírez, JC",500724,2016,335,300,59,17.6,6.6,0.257,0.403,0.309,0.712,0.146,0.275,0.217,0.338,0.305,0.267,0.275,0.121,0.339,0.289,0.31,0.265,88.2,27.2,5.2,33.6,93.040718577,21.3
"Neal, Zach",594943,2016,281,272,27,9.6,2.1,0.265,0.441,0.281,0.722,0.176,0.265,0.264,0.422,0.306,0.302,0.283,0.158,0.328,0.324,0.291,0.293,87.2,26.7,4.9,33.6,93.232130081,18.6
"Kluber, Corey",446372,2016,860,788,227,26.4,6.6,0.216,0.357,0.274,0.631,0.141,0.274,0.223,0.363,0.275,0.282,0.281,0.14,0.339,0.35,0.302,0.313,86.7,34.4,4.7,30.4,92.779869048,28.2
"Estévez, Carlos",608032,2016,246,208,59,24.0,11.4,0.24,0.389,0.339,0.728,0.149,0.299,0.209,0.338,0.313,0.295,0.32,0.129,0.362,0.333,0.327,0.297,88.4,26.6,3.9,36.4,93.206493092,25.6
"Peralta, Wily",503449,2016,554,498,93,16.8,7.8,0.305,0.494,0.361,0.855,0.189,0.341,0.282,0.453,0.365,0.345,0.343,0.171,0.412,0.385,0.372,0.347,89.2,34.9,4.6,35.9,93.881343058,21.0
"Wilson, Tyler",592869,2016,414,382,55,13.3,5.8,0.288,0.487,0.334,0.821,0.199,0.302,0.291,0.48,0.349,0.354,0.341,0.19,0.378,0.387,0.333,0.342,89.8,32.9,6.3,36.9,93.974735836,15.6
"Bastardo, Antonio",455374,2016,297,256,74,24.9,10.8,0.234,0.422,0.325,0.747,0.188,0.282,0.206,0.359,0.32,0.298,0.309,0.153,0.382,0.348,0.324,0.297,86.6,35.3,6.4,25.1,92.451546704,30.2
"Boyd, Matthew",571510,2016,412,376,82,19.9,7.0,0.258,0.449,0.316,0.765,0.191,0.286,0.241,0.415,0.328,0.311,0.302,0.174,0.377,0.354,0.327,0.307,87.8,32.7,5.4,32.7,93.386000753,20.4
"Hughes, Jared",453172,2016,257,224,34,13.2,8.6,0.277,0.442,0.352,0.794,0.165,0.301,0.247,0.366,0.339,0.305,0.33,0.119,0.355,0.31,0.323,0.292,88.0,24.5,2.0,33.7,93.284674317,20.3
"Blevins, Jerry",460283,2016,178,157,52,29.2,8.4,0.229,0.331,0.295,0.626,0.102,0.308,0.215,0.319,0.27,0.262,0.285,0.104,0.348,0.338,0.333,0.316,85.5,34.5,7.3,30.0,92.307328396,26.5
"Neris, Héctor",593576,2016,328,292,102,31.1,9.1,0.202,0.339,0.281,0.62,0.137,0.273,0.227,0.346,0.27,0.289,0.306,0.119,0.348,0.38,0.307,0.349,89.1,32.1,5.7,35.2,93.333473526,33.8
"Díaz, Edwin",621242,2016,217,199,88,40.6,6.9,0.226,0.337,0.29,0.627,0.111,0.377,0.198,0.295,0.274,0.248,0.264,0.097,0.43,0.38,0.405,0.354,87.9,32.4,1.8,33.3,93.132755405,38.9
"McAllister, Zach",502083,2016,233,207,54,23.2,9.9,0.256,0.406,0.336,0.742,0.15,0.32,0.239,0.401,0.322,0.314,0.322,0.162,0.38,0.369,0.346,0.325,89.4,29.9,6.5,37.0,94.011716443,24.2
"Jackson, Edwin",429719,2016,373,325,61,16.4,11.0,0.283,0.495,0.361,0.856,0.212,0.307,0.272,0.48,0.362,0.358,0.355,0.208,0.397,0.391,0.343,0.335,89.4,32.6,7.0,37.0,93.826664449,22.5
"Foltynewicz, Mike",592314,2016,525,475,111,21.1,6.7,0.263,0.442,0.319,0.761,0.179,0.306,0.244,0.41,0.325,0.308,0.303,0.166,0.384,0.36,0.34,0.316,88.6,31.6,5.4,37.0,93.611759148,22.0
"Barnes, Jacob",606930,2016,106,98,26,24.5,5.7,0.245,0.327,0.286,0.613,0.082,0.319,0.219,0.324,0.264,0.255,0.264,0.105,0.329,0.316,0.329,0.297,86.7,28.4,6.8,25.7,92.432298056,33.5
"Colon, Bartolo",112526,2016,791,745,128,16.2,4.0,0.268,0.43,0.3,0.73,0.162,0.295,0.272,0.433,0.311,0.318,0.306,0.161,0.355,0.365,0.322,0.33,90.0,29.9,6.2,37.6,93.890421364,13.6
"Worley, Vance",474699,2016,364,322,56,15.4,9.6,0.261,0.41,0.336,0.746,0.149,0.283,0.24,0.379,0.325,0.311,0.323,0.139,0.341,0.322,0.312,0.293,87.8,26.8,3.7,29.4,93.006769195,12.7
"Peavy, Jake",408241,2016,520,476,102,19.6,6.9,0.282,0.504,0.333,0.837,0.222,0.324,0.263,0.488,0.354,0.343,0.318,0.225,0.417,0.403,0.356,0.336,89.8,33.9,3.9,36.8,93.86073168,23.2
"Anderson, Cody",594736,2016,270,255,54,20.0,4.8,0.333,0.569,0.367,0.936,0.236,0.381,0.278,0.448,0.392,0.324,0.316,0.17,0.48,0.395,0.421,0.356,89.1,35.1,6.4,35.6,93.814872328,24.7
"Archer, Chris",502042,2016,850,769,233,27.4,7.9,0.238,0.403,0.3,0.703,0.165,0.3,0.229,0.405,0.304,0.302,0.292,0.176,0.386,0.382,0.339,0.327,90.2,29.7,4.6,40.5,94.340095524,29.6
"Strahm, Matt",621381,2016,88,75,30,34.1,12.5,0.173,0.2,0.284,0.484,0.027,0.283,0.184,0.258,0.227,0.253,0.295,0.074,0.264,0.314,0.283,0.304,85.8,37.0,4.3,32.6,92.899710889,31.7
"Duke, Zach",435043,2016,258,221,68,26.4,11.2,0.217,0.294,0.318,0.612,0.077,0.303,0.196,0.263,0.275,0.26,0.303,0.067,0.315,0.29,0.312,0.288,84.7,24.8,3.8,24.2,91.730670921,26.1
"Oh, Seunghwan",493200,2016,313,290,103,32.9,5.8,0.19,0.269,0.241,0.51,0.079,0.273,0.178,0.287,0.223,0.226,0.234,0.11,0.303,0.312,0.293,0.282,88.8,28.4,5.8,32.6,92.93902162,35.1
"Britton, Zack",502154,2016,254,235,74,29.1,7.1,0.162,0.209,0.221,0.43,0.047,0.231,0.167,0.226,0.191,0.201,0.227,0.06,0.232,0.249,0.236,0.245,88.6,15.4,3.1,27.2,92.504536051,37.8
"Leake, Mike",502190,2016,757,705,125,16.5,4.0,0.288,0.437,0.319,0.756,0.149,0.321,0.28,0.449,0.323,0.327,0.313,0.17,0.368,0.375,0.344,0.337,89.0,29.7,4.7,36.8,93.866092434,16.3
"Pomeranz, Drew",519141,2016,703,631,186,26.5,9.2,0.217,0.368,0.29,0.658,0.151,0.27,0.204,0.349,0.286,0.279,0.281,0.144,0.348,0.337,0.306,0.293,88.1,28.4,5.3,34.4,93.231277581,25.9
"O'Flaherty, Eric",447714,2016,136,122,22,16.2,8.1,0.32,0.492,0.385,0.877,0.172,0.371,0.25,0.393,0.373,0.31,0.323,0.143,0.42,0.336,0.39,0.306,89.3,29.7,1.0,33.7,93.834883636,21.1
"Tonkin, Michael",543859,2016,315,286,80,25.4,7.6,0.28,0.49,0.342,0.832,0.21,0.347,0.261,0.465,0.356,0.341,0.325,0.203,0.449,0.428,0.388,0.364,90.6,38.0,7.7,42.8,94.732123824,25.5
"Cain, Matt",430912,2016,397,345,72,18.1,8.1,0.299,0.501,0.362,0.863,0.202,0.331,0.27,0.456,0.367,0.343,0.34,0.186,0.418,0.385,0.369,0.337,88.9,33.1,6.6,33.4,93.585487582,22.0
"Duffy, Danny",518633,2016,731,676,188,25.7,5.7,0.241,0.419,0.292,0.711,0.178,0.294,0.237,0.428,0.305,0.308,0.288,0.191,0.384,0.389,0.333,0.329,89.5,34.8,6.3,36.0,93.732759521,27.3
"Eveland, Dana",445968,2016,120,96,21,17.5,16.7,0.333,0.51,0.458,0.968,0.177,0.397,0.272,0.445,0.413,0.373,0.412,0.173,0.453,0.391,0.421,0.348,86.9,42.1,6.6,35.5,93.312768026,21.2
"Locke, Jeff",502046,2016,563,506,73,13.0,7.8,0.298,0.484,0.357,0.841,0.186,0.321,0.284,0.452,0.358,0.344,0.347,0.167,0.385,0.369,0.347,0.335,89.0,31.2,3.2,33.4,93.662401831,19.3
"Bauer, Trevor",545333,2016,811,721,168,20.7,8.6,0.248,0.393,0.32,0.713,0.145,0.294,0.259,0.407,0.31,0.325,0.334,0.147,0.35,0.373,0.32,0.34,89.6,30.3,4.8,39.7,94.059035186,22.5
"Colomé, Alex",517008,2016,226,209,71,31.4,6.6,0.206,0.306,0.265,0.571,0.1,0.28,0.2,0.308,0.252,0.25,0.261,0.108,0.331,0.328,0.312,0.304,90.0,30.4,8.0,37.7,93.902299562,32.2
"Feldman, Scott",444857,2016,338,308,56,16.6,5.6,0.282,0.455,0.327,0.782,0.173,0.314,0.251,0.404,0.331,0.303,0.301,0.154,0.377,0.342,0.341,0.307,85.8,31.2,1.5,23.8,92.04247878,19.0
"Garza, Matt",490063,2016,461,414,70,15.2,7.8,0.283,0.432,0.341,0.773,0.149,0.315,0.265,0.399,0.333,0.316,0.327,0.134,0.361,0.34,0.336,0.317,89.3,23.3,4.3,37.5,94.004116393,19.0
"Hellickson, Jeremy",476451,2016,772,711,154,19.9,5.8,0.243,0.418,0.292,0.71,0.175,0.276,0.262,0.436,0.304,0.322,0.312,0.174,0.352,0.379,0.307,0.336,87.6,37.4,4.4,28.4,93.001822156,24.1
"Gibson, Kyle",502043,2016,653,587,104,15.9,8.4,0.298,0.46,0.36,0.82,0.162,0.332,0.277,0.443,0.352,0.339,0.342,0.166,0.388,0.371,0.359,0.336,88.4,32.7,5.1,33.5,93.341247867,22.7
"Skaggs, Tyler",572140,2016,219,191,50,22.8,10.5,0.267,0.403,0.347,0.75,0.136,0.331,0.268,0.478,0.328,0.361,0.355,0.21,0.378,0.435,0.354,0.368,90.0,35.4,6.9,40.3,95.055603258,20.1
"Bolsinger, Mike",502211,2016,122,109,25,20.5,7.4,0.303,0.541,0.367,0.908,0.238,0.338,0.31,0.578,0.384,0.402,0.374,0.267,0.461,0.487,0.393,0.403,90.7,39.5,9.3,45.3,94.49931012,26.0
"Axford, John",446099,2016,289,252,60,20.8,10.4,0.258,0.369,0.341,0.71,0.111,0.314,0.246,0.388,0.314,0.318,0.334,0.142,0.348,0.355,0.335,0.323,89.7,28.6,5.1,38.3,94.135046614,25.7
"Martinez, Nick",607259,2016,179,155,16,8.9,10.6,0.29,0.523,0.385,0.908,0.233,0.282,0.281,0.465,0.388,0.366,0.379,0.185,0.381,0.353,0.324,0.314,88.2,29.5,7.2,35.3,93.308411471,15.5
"Chatwood, Tyler",543022,2016,669,589,117,17.5,10.5,0.25,0.39,0.333,0.723,0.14,0.287,0.247,0.369,0.316,0.311,0.332,0.123,0.337,0.329,0.309,0.308,87.7,28.1,4.6,35.2,93.318093815,19.8
"Koehler, Tom",543408,2016,774,675,147,19.0,10.7,0.261,0.421,0.344,0.765,0.16,0.301,0.26,0.417,0.33,0.333,0.347,0.157,0.365,0.371,0.33,0.334,87.8,36.4,3.5,33.4,93.205661946,23.5
"Blanton, Joe",430599,2016,315,284,80,25.4,8.3,0.194,0.31,0.263,0.573,0.116,0.24,0.222,0.351,0.248,0.281,0.292,0.129,0.293,0.343,0.266,0.31,87.7,38.2,6.8,30.4,92.612450537,31.0
"Osich, Josh",592612,2016,159,136,25,15.7,11.3,0.228,0.434,0.331,0.765,0.206,0.229,0.234,0.382,0.328,0.318,0.34,0.148,0.336,0.321,0.277,0.287,87.6,18.6,0.9,31.0,92.958761143,25.7
"Reyes, Alex",621052,2016,189,164,52,27.5,12.2,0.201,0.28,0.298,0.578,0.079,0.286,0.165,0.234,0.261,0.233,0.268,0.069,0.298,0.251,0.292,0.242,84.8,27.2,1.8,15.8,91.106652294,26.9
"Ramírez, Erasmo",541640,2016,378,339,63,16.7,6.9,0.265,0.442,0.323,0.765,0.177,0.288,0.251,0.404,0.325,0.306,0.311,0.153,0.365,0.341,0.324,0.307,88.7,27.0,4.9,35.1,93.540198267,19.4
"Gallardo, Yovani",451596,2016,525,456,85,16.2,11.6,0.276,0.454,0.359,0.813,0.178,0.305,0.258,0.414,0.349,0.331,0.345,0.156,0.373,0.349,0.334,0.315,89.0,33.6,5.8,35.7,93.510307425,17.5
"McGowan, Dustin",430661,2016,279,242,63,22.6,11.8,0.202,0.343,0.301,0.644,0.141,0.241,0.209,0.337,0.276,0.28,0.31,0.128,0.307,0.314,0.271,0.284,86.8,28.7,6.1,27.6,92.393717191,30.9
"Manship, Jeff",453249,2016,189,166,36,19.0,11.6,0.241,0.422,0.328,0.75,0.181,0.266,0.249,0.433,0.322,0.332,0.336,0.184,0.354,0.369,0.305,0.317,87.8,26.7,5.3,30.5,92.983797846,28.9
"Cabrera, Mauricio",606291,2016,162,138,32,19.8,11.7,0.225,0.268,0.319,0.587,0.043,0.287,0.222,0.316,0.268,0.288,0.321,0.093,0.272,0.302,0.287,0.29,90.5,30.0,9.1,37.3,94.143952762,27.1
"Vincent, Nick",543883,2016,247,229,65,26.3,6.1,0.231,0.419,0.28,0.699,0.188,0.273,0.221,0.37,0.292,0.27,0.271,0.149,0.38,0.349,0.321,0.308,87.0,31.9,3.0,30.1,92.853702099,28.8
"Anderson, Chase",502624,2016,647,583,120,18.5,8.2,0.266,0.489,0.33,0.819,0.223,0.29,0.27,0.474,0.348,0.348,0.335,0.204,0.396,0.396,0.333,0.341,88.1,38.1,5.7,30.0,93.015949605,20.8
"González, Severino",605894,2016,151,140,34,22.5,4.6,0.286,0.486,0.318,0.804,0.2,0.343,0.245,0.404,0.335,0.292,0.283,0.159,0.417,0.357,0.367,0.318,87.7,39.4,3.7,26.6,92.337269266,22.8
"Rondón, Héctor",444468,2016,200,187,58,29.0,4.0,0.225,0.38,0.261,0.641,0.155,0.276,0.213,0.333,0.275,0.259,0.254,0.12,0.365,0.343,0.321,0.312,89.7,28.8,5.3,33.3,92.912796532,24.6
"Holland, Derek",502706,2016,461,421,67,14.5,7.6,0.276,0.437,0.333,0.77,0.161,0.296,0.272,0.455,0.331,0.338,0.331,0.183,0.358,0.367,0.326,0.324,88.4,36.1,5.6,33.9,93.527250113,17.2
"Morgan, Adam",605388,2016,507,466,95,18.7,5.7,0.303,0.534,0.346,0.88,0.231,0.334,0.293,0.49,0.369,0.353,0.339,0.197,0.436,0.416,0.375,0.367,89.6,37.2,7.4,39.3,94.376183081,24.0
"Lobstein, Kyle",543456,2016,110,95,15,13.6,10.9,0.263,0.4,0.358,0.758,0.137,0.295,0.287,0.451,0.332,0.361,0.379,0.164,0.335,0.374,0.313,0.341,88.1,32.1,6.2,35.8,93.621212875,18.9
"Barnes, Matt",598264,2016,288,250,71,24.7,11.1,0.248,0.372,0.339,0.711,0.124,0.322,0.24,0.387,0.314,0.318,0.335,0.147,0.367,0.374,0.344,0.337,89.9,36.3,7.1,37.9,93.855068644,28.0
"Medlen, Kris",450665,2016,119,97,18,15.1,16.8,0.309,0.464,0.42,0.884,0.155,0.354,0.308,0.466,0.384,0.397,0.429,0.158,0.394,0.414,0.37,0.382,89.7,32.1,6.2,42.0,94.664835443,23.2
"Meyer, Alex",543542,2016,117,98,29,24.8,14.5,0.255,0.469,0.359,0.828,0.214,0.324,0.245,0.453,0.354,0.352,0.354,0.209,0.418,0.414,0.352,0.344,89.4,36.6,14.1,40.8,94.37316831,23.8
"O'Rourke, Ryan",594951,2016,101,87,24,23.8,9.9,0.207,0.322,0.293,0.615,0.115,0.246,0.2,0.333,0.275,0.277,0.288,0.133,0.306,0.31,0.281,0.273,87.3,21.2,4.5,27.3,93.324882344,28.6
"Wilhelmsen, Tom",452666,2016,209,187,28,13.4,9.1,0.321,0.578,0.388,0.966,0.257,0.329,0.28,0.499,0.407,0.366,0.353,0.219,0.441,0.388,0.375,0.33,89.4,29.4,5.6,39.4,94.155068397,20.5
"Benoit, Joaquín",276542,2016,204,176,52,25.5,11.8,0.21,0.318,0.305,0.623,0.108,0.264,0.216,0.339,0.278,0.294,0.314,0.122,0.315,0.339,0.294,0.308,88.2,33.9,4.7,32.3,93.0892852,30.0
"Delgado, Randall",517414,2016,337,291,68,20.2,10.7,0.265,0.433,0.344,0.777,0.168,0.314,0.227,0.351,0.332,0.292,0.314,0.124,0.376,0.318,0.338,0.293,88.3,31.2,6.5,37.7,93.44066574,24.0
"Beck, Chris",571476,2016,123,103,20,16.3,13.8,0.301,0.447,0.407,0.854,0.146,0.346,0.258,0.399,0.371,0.341,0.374,0.141,0.391,0.347,0.369,0.32,86.9,38.1,1.2,28.6,92.766307468,26.6
"Brach, Brad",542960,2016,311,283,92,29.6,8.0,0.201,0.314,0.264,0.578,0.113,0.267,0.204,0.323,0.254,0.26,0.269,0.118,0.32,0.33,0.294,0.303,87.2,34.0,5.2,33.0,93.079819326,31.5
"Rusin, Chris",543734,2016,350,317,69,19.7,6.6,0.259,0.391,0.315,0.706,0.132,0.317,0.26,0.381,0.305,0.304,0.317,0.121,0.353,0.352,0.331,0.334,89.0,25.5,4.7,36.1,93.955943444,21.9
"Tomlin, Josh",458708,2016,725,694,118,16.3,2.8,0.269,0.487,0.291,0.778,0.218,0.278,0.278,0.482,0.327,0.332,0.301,0.203,0.381,0.388,0.322,0.336,87.9,35.4,5.3,32.2,93.261151109,17.0
"Lincecum, Tim",453311,2016,200,172,32,16.0,11.5,0.395,0.669,0.467,1.136,0.274,0.435,0.312,0.526,0.475,0.395,0.397,0.215,0.544,0.433,0.479,0.38,90.9,40.6,8.4,42.7,94.702368429,26.0
"Alcántara, Raúl",593417,2016,103,93,14,13.6,3.9,0.333,0.688,0.379,1.067,0.355,0.306,0.322,0.687,0.44,0.437,0.371,0.365,0.489,0.488,0.383,0.373,92.6,33.3,4.9,48.1,95.737243205,14.3
"Germen, Gonzalez",542674,2016,182,154,32,17.6,13.7,0.266,0.455,0.37,0.825,0.189,0.305,0.284,0.483,0.352,0.371,0.386,0.198,0.38,0.408,0.333,0.357,88.3,36.3,4.8,37.1,93.707663917,26.1
"Thornburg, Tyler",592804,2016,263,235,90,34.2,9.5,0.162,0.294,0.247,0.541,0.132,0.229,0.191,0.331,0.24,0.269,0.275,0.14,0.307,0.361,0.26,0.311,88.9,33.6,8.9,39.0,93.87746979,28.8
"Santiago, Héctor",502327,2016,785,690,144,18.3,10.1,0.245,0.449,0.324,0.773,0.204,0.262,0.256,0.487,0.332,0.353,0.336,0.231,0.364,0.394,0.306,0.322,89.7,33.0,8.3,39.3,94.190346703,19.9
"DeSclafani, Anthony",543101,2016,507,463,105,20.7,5.9,0.259,0.415,0.308,0.723,0.156,0.301,0.252,0.401,0.31,0.304,0.302,0.15,0.366,0.358,0.332,0.325,88.8,34.5,4.1,36.1,93.461752535,21.5
"Putnam, Zach",474029,2016,114,101,30,26.3,9.6,0.248,0.327,0.316,0.643,0.079,0.324,0.27,0.417,0.282,0.325,0.337,0.147,0.342,0.408,0.342,0.376,89.7,38.4,6.8,38.4,93.624591944,36.8
"Gray, Sonny",543243,2016,516,465,94,18.2,8.1,0.286,0.475,0.343,0.818,0.189,0.319,0.268,0.436,0.349,0.333,0.33,0.168,0.396,0.375,0.352,0.334,90.2,28.6,4.2,43.4,94.447179837,20.0
"Musgrove, Joe",605397,2016,256,236,55,21.5,6.3,0.25,0.453,0.305,0.758,0.203,0.289,0.253,0.422,0.324,0.315,0.307,0.169,0.383,0.371,0.324,0.328,89.3,35.7,7.1,40.7,93.88532,22.7
"Volquez, Edinson",450172,2016,853,758,139,16.3,8.9,0.286,0.439,0.354,0.793,0.153,0.322,0.274,0.454,0.343,0.347,0.346,0.18,0.374,0.379,0.347,0.336,88.9,32.2,5.5,35.5,93.710160517,19.8
"Edwards Jr., Carl",605218,2016,138,122,52,37.7,10.1,0.123,0.246,0.21,0.456,0.123,0.162,0.19,0.319,0.203,0.26,0.272,0.129,0.261,0.373,0.208,0.328,85.9,37.5,1.4,29.2,92.496099429,39.5
"Sampson, Keyvius",572102,2016,188,157,42,22.3,14.4,0.255,0.459,0.371,0.83,0.204,0.292,0.235,0.435,0.358,0.343,0.355,0.2,0.41,0.386,0.348,0.322,88.3,36.8,6.8,31.6,93.324881053,26.9
"Milone, Tommy",543548,2016,311,281,49,15.8,7.1,0.299,0.509,0.349,0.858,0.21,0.314,0.289,0.485,0.361,0.353,0.343,0.196,0.408,0.398,0.357,0.35,87.2,34.7,5.0,36.4,93.715972863,21.1
"Chargois, JT",608638,2016,100,86,17,17.0,12.0,0.291,0.372,0.38,0.752,0.081,0.357,0.255,0.375,0.335,0.325,0.352,0.12,0.35,0.336,0.357,0.317,91.6,24.3,5.7,40.0,94.608388841,22.0
"Greene, Shane",572888,2016,256,226,59,23.0,8.6,0.257,0.35,0.331,0.681,0.093,0.331,0.224,0.333,0.301,0.283,0.304,0.109,0.347,0.322,0.343,0.303,85.4,29.8,1.8,29.2,92.657058922,28.3
"Gausman, Kevin",592332,2016,757,698,174,23.0,6.2,0.262,0.43,0.312,0.742,0.168,0.311,0.25,0.421,0.319,0.314,0.303,0.17,0.388,0.383,0.347,0.336,88.7,31.5,3.4,33.7,93.493115354,25.4
"López, Reynaldo",625643,2016,200,173,42,21.0,11.0,0.272,0.422,0.35,0.772,0.15,0.333,0.235,0.36,0.332,0.308,0.339,0.124,0.383,0.361,0.353,0.335,88.3,25.7,5.9,26.5,93.6125729,22.8
"Stroman, Marcus",573186,2016,854,792,166,19.4,6.3,0.264,0.407,0.313,0.72,0.143,0.31,0.257,0.387,0.312,0.306,0.309,0.13,0.359,0.352,0.333,0.327,90.4,26.5,5.7,41.9,94.684735397,21.5
"deGrom, Jacob",594798,2016,604,557,143,23.7,6.0,0.255,0.382,0.302,0.684,0.127,0.316,0.256,0.407,0.298,0.309,0.305,0.151,0.363,0.381,0.341,0.346,88.4,32.0,4.7,31.8,93.517242374,24.8
"Suárez, Albert",544150,2016,355,318,54,15.2,7.3,0.264,0.484,0.325,0.809,0.22,0.285,0.258,0.428,0.338,0.32,0.322,0.17,0.373,0.35,0.315,0.31,88.4,32.1,5.2,32.8,93.426676198,20.2
"Jeffress, Jeremy",502026,2016,241,216,42,17.4,7.5,0.255,0.333,0.322,0.655,0.078,0.306,0.245,0.32,0.287,0.28,0.314,0.075,0.312,0.302,0.314,0.303,85.1,31.6,3.4,26.6,92.17115546,22.4
"Asher, Alec",594742,2016,111,102,13,11.7,3.6,0.216,0.294,0.257,0.551,0.078,0.236,0.253,0.382,0.243,0.293,0.293,0.129,0.248,0.309,0.244,0.288,86.8,35.9,8.7,32.6,92.933893409,13.8
"Pérez, Oliver",424144,2016,182,153,46,25.3,11.0,0.248,0.392,0.359,0.751,0.144,0.327,0.227,0.358,0.328,0.312,0.347,0.131,0.385,0.362,0.352,0.33,87.2,30.3,3.7,25.0,92.613960619,23.6
"Garton, Ryan",623439,2016,171,159,33,19.3,6.4,0.277,0.409,0.324,0.733,0.132,0.322,0.266,0.432,0.314,0.318,0.314,0.165,0.369,0.376,0.349,0.337,88.6,32.3,4.7,33.1,93.14312512,21.1
"Clevinger, Mike",605182,2016,233,203,50,21.5,12.4,0.246,0.429,0.339,0.768,0.183,0.288,0.244,0.42,0.334,0.332,0.338,0.176,0.375,0.372,0.325,0.323,87.5,37.7,3.2,26.6,92.776383709,22.9
"Ramos, Cesár",459987,2016,212,188,27,12.7,9.4,0.319,0.59,0.382,0.972,0.271,0.316,0.27,0.484,0.406,0.358,0.344,0.214,0.438,0.376,0.366,0.316,88.1,37.8,7.9,35.4,93.360843963,18.1
"Corbin, Patrick",571578,2016,701,619,131,18.7,9.4,0.286,0.468,0.357,0.825,0.182,0.326,0.272,0.463,0.354,0.35,0.347,0.191,0.401,0.396,0.359,0.346,89.9,31.3,4.6,36.5,94.36229232,22.8
"Cecil, Brett",446399,2016,157,145,45,28.7,5.1,0.269,0.428,0.314,0.742,0.159,0.347,0.256,0.411,0.32,0.314,0.308,0.155,0.425,0.419,0.386,0.378,90.2,36.3,7.8,43.1,94.535616633,28.5
"Verlander, Justin",434378,2016,903,827,254,28.1,6.3,0.207,0.368,0.263,0.631,0.161,0.256,0.206,0.362,0.272,0.274,0.264,0.157,0.344,0.348,0.295,0.297,87.9,29.8,4.5,32.9,93.214610402,26.9
"Solís, Sammy",519301,2016,172,147,47,27.3,12.2,0.211,0.293,0.314,0.607,0.082,0.303,0.21,0.274,0.272,0.267,0.313,0.064,0.316,0.307,0.31,0.309,89.0,28.2,1.9,32.0,93.0396299,26.8
"Hunter, Tommy",488984,2016,139,128,23,16.5,5.8,0.273,0.352,0.326,0.678,0.079,0.327,0.283,0.374,0.297,0.311,0.336,0.091,0.328,0.346,0.333,0.346,88.4,28.3,4.7,38.7,93.497617788,21.7
"Danks, John",433579,2016,100,87,16,16.0,11.0,0.322,0.575,0.39,0.965,0.253,0.338,0.303,0.604,0.404,0.406,0.375,0.301,0.449,0.452,0.384,0.362,91.3,37.0,9.6,42.5,94.531618333,20.9
"Fiers, Mike",571666,2016,724,667,134,18.5,5.8,0.28,0.474,0.327,0.801,0.194,0.314,0.274,0.449,0.342,0.332,0.322,0.175,0.395,0.382,0.348,0.341,89.8,35.5,5.5,39.2,94.093293835,21.6
"Papelbon, Jonathan",449097,2016,152,137,31,20.4,9.2,0.27,0.416,0.338,0.754,0.146,0.33,0.261,0.44,0.321,0.326,0.33,0.18,0.377,0.384,0.349,0.339,91.2,38.3,5.6,41.1,94.584437788,23.6
"Boyer, Blaine",430641,2016,282,262,26,9.2,6.0,0.305,0.42,0.348,0.768,0.115,0.325,0.266,0.344,0.329,0.287,0.312,0.078,0.342,0.292,0.336,0.294,85.9,32.8,3.8,26.9,92.221849404,13.1
"Báez, Pedro",520980,2016,294,267,83,28.2,7.5,0.195,0.356,0.259,0.615,0.161,0.234,0.213,0.374,0.268,0.284,0.276,0.161,0.332,0.358,0.28,0.307,87.3,29.4,5.3,30.5,92.899451694,30.0
"Cole, A.J.",595918,2016,168,149,39,23.2,8.3,0.248,0.463,0.315,0.778,0.215,0.283,0.187,0.365,0.328,0.273,0.266,0.178,0.393,0.313,0.327,0.253,88.8,28.3,3.5,26.5,92.828948131,23.8
"Weaver, Luke",596133,2016,167,148,45,26.9,7.2,0.311,0.507,0.364,0.871,0.196,0.394,0.31,0.492,0.37,0.373,0.37,0.182,0.484,0.498,0.434,0.449,89.6,50.0,10.2,34.3,93.962906735,22.3
"Darvish, Yu",506433,2016,416,378,132,31.7,7.5,0.214,0.36,0.276,0.636,0.146,0.29,0.197,0.339,0.276,0.264,0.262,0.142,0.366,0.347,0.324,0.3,86.3,33.6,6.8,32.0,92.83921096,29.5
"Bettis, Chad",518452,2016,814,735,138,17.0,7.2,0.278,0.439,0.336,0.775,0.161,0.315,0.272,0.431,0.332,0.329,0.332,0.159,0.372,0.369,0.34,0.335,88.7,31.1,5.2,34.9,93.557475874,21.6
"Zimmermann, Jordan",519455,2016,450,416,66,14.7,5.8,0.284,0.478,0.325,0.803,0.194,0.305,0.266,0.469,0.341,0.333,0.31,0.203,0.376,0.366,0.332,0.314,88.0,30.6,6.5,34.0,93.21724634,17.3
"Maeda, Kenta",628317,2016,716,655,179,25.0,7.0,0.229,0.359,0.291,0.65,0.13,0.283,0.224,0.358,0.281,0.281,0.288,0.133,0.341,0.342,0.313,0.31,85.7,34.9,3.5,25.5,91.917763885,27.5
"Vogelsong, Ryan",285064,2016,365,315,61,16.7,11.0,0.254,0.457,0.345,0.802,0.203,0.284,0.247,0.417,0.344,0.331,0.343,0.17,0.369,0.352,0.315,0.31,88.0,32.3,3.8,30.4,92.977523556,17.4
"McCullers Jr., Lance",621121,2016,352,307,106,30.1,12.8,0.261,0.381,0.355,0.736,0.12,0.383,0.214,0.326,0.325,0.289,0.315,0.113,0.417,0.353,0.398,0.327,88.5,29.4,6.0,35.3,93.293523636,31.5
"Albers, Matt",458006,2016,236,209,30,12.7,8.1,0.321,0.56,0.382,0.942,0.239,0.333,0.285,0.521,0.397,0.372,0.353,0.236,0.428,0.396,0.37,0.333,89.3,32.6,6.0,38.0,94.272990391,17.5
"Strasburg, Stephen",544931,2016,598,546,183,30.6,7.4,0.218,0.359,0.278,0.637,0.141,0.298,0.21,0.341,0.277,0.269,0.272,0.131,0.366,0.352,0.327,0.316,87.7,36.6,6.8,33.6,93.187773591,24.9
"Wilson, Justin",458677,2016,251,232,65,25.9,6.8,0.263,0.392,0.316,0.708,0.129,0.342,0.213,0.327,0.305,0.262,0.27,0.114,0.387,0.323,0.365,0.298,88.0,23.2,3.6,29.8,93.342568944,27.0
"Petit, Yusmeiro",433589,2016,265,246,49,18.5,5.7,0.272,0.48,0.313,0.793,0.208,0.296,0.244,0.406,0.333,0.297,0.289,0.162,0.393,0.349,0.338,0.307,88.6,27.4,4.0,32.8,93.194803927,19.5
"Clippard, Tyler",461325,2016,262,234,72,27.5,9.9,0.231,0.406,0.31,0.716,0.175,0.289,0.183,0.319,0.309,0.26,0.269,0.136,0.387,0.31,0.333,0.267,86.3,32.5,9.2,27.6,92.313884684,27.4
"Smith, Will",519293,2016,167,146,48,28.7,10.8,0.212,0.336,0.301,0.637,0.124,0.292,0.206,0.306,0.281,0.27,0.297,0.1,0.342,0.326,0.313,0.306,85.8,37.0,4.0,26.0,92.115348211,30.1
"Wittgren, Nick",621295,2016,213,197,42,19.7,4.7,0.254,0.381,0.29,0.671,0.127,0.291,0.249,0.406,0.286,0.298,0.288,0.157,0.339,0.355,0.318,0.316,90.0,36.3,3.1,35.0,93.709205844,16.0
"Peralta, Joel",407908,2016,119,109,33,27.7,6.7,0.275,0.596,0.328,0.924,0.321,0.309,0.246,0.439,0.384,0.319,0.302,0.193,0.513,0.414,0.39,0.352,87.7,42.9,7.8,31.2,92.8387792,27.1
"Suter, Brent",608718,2016,91,84,15,16.5,5.5,0.298,0.429,0.344,0.773,0.131,0.333,0.263,0.365,0.336,0.298,0.313,0.102,0.378,0.329,0.362,0.321,84.5,37.1,2.9,24.3,91.700843134,21.1
"Eickhoff, Jerad",595191,2016,811,745,167,20.6,5.2,0.251,0.446,0.294,0.74,0.195,0.281,0.236,0.385,0.313,0.293,0.286,0.149,0.371,0.344,0.318,0.306,88.6,32.8,6.1,35.0,93.474457478,21.7
"Harris, Will",501789,2016,255,236,69,27.1,5.9,0.22,0.292,0.268,0.56,0.072,0.295,0.217,0.317,0.247,0.256,0.267,0.1,0.308,0.323,0.308,0.307,89.8,23.5,4.7,35.3,93.668329333,30.4
"Melancon, Mark",453343,2016,270,255,65,24.1,4.4,0.204,0.271,0.241,0.512,0.067,0.259,0.218,0.307,0.226,0.248,0.256,0.089,0.271,0.306,0.271,0.296,85.3,28.1,3.1,24.0,91.839124457,23.9
"Buchholz, Clay",453329,2016,588,520,93,15.8,9.4,0.25,0.417,0.324,0.741,0.167,0.265,0.251,0.421,0.321,0.328,0.329,0.17,0.339,0.348,0.3,0.306,88.2,29.9,6.0,32.9,93.054127674,22.0
"Rodriguez Jr., Fernando",451775,2016,163,143,37,22.7,10.4,0.21,0.329,0.296,0.625,0.119,0.26,0.223,0.348,0.278,0.295,0.311,0.125,0.305,0.331,0.28,0.303,89.0,33.3,7.4,36.1,93.751023019,29.1
"Achter, A.J.",592091,2016,160,146,14,8.8,7.5,0.295,0.5,0.35,0.85,0.205,0.286,0.292,0.531,0.36,0.371,0.348,0.239,0.368,0.382,0.323,0.321,86.7,34.6,3.0,27.1,92.611097099,19.7
"Taillon, Jameson",592791,2016,418,393,85,20.3,4.1,0.252,0.415,0.287,0.702,0.163,0.291,0.24,0.373,0.3,0.283,0.279,0.133,0.359,0.341,0.32,0.313,88.9,24.6,4.8,34.5,93.58710805,18.8
"Johnson, Jim",462382,2016,266,242,68,25.6,7.5,0.236,0.331,0.301,0.632,0.095,0.314,0.245,0.367,0.28,0.301,0.311,0.122,0.334,0.368,0.326,0.343,89.0,29.1,3.4,38.3,94.070496529,19.6
"Martes, Francis",642564,2017,249,208,69,27.7,12.4,0.245,0.404,0.361,0.765,0.159,0.328,0.236,0.386,0.333,0.329,0.358,0.15,0.402,0.396,0.362,0.355,87.8,37.6,5.7,37.6,93.610879357,30.5
"Faria, Jake",607188,2017,357,316,84,23.5,8.7,0.225,0.377,0.301,0.678,0.152,0.267,0.235,0.384,0.294,0.306,0.313,0.149,0.338,0.356,0.301,0.32,87.7,34.2,8.0,36.3,93.552715957,28.8
"Albers, Matt",458006,2017,233,211,63,27.0,7.3,0.166,0.28,0.24,0.52,0.114,0.203,0.19,0.283,0.232,0.248,0.265,0.093,0.264,0.291,0.235,0.274,83.4,28.2,3.4,21.9,91.758464789,22.9
"Newcomb, Sean",656794,2017,456,385,108,23.7,12.5,0.26,0.418,0.361,0.779,0.158,0.333,0.251,0.404,0.335,0.331,0.356,0.152,0.391,0.385,0.357,0.349,88.9,35.1,6.7,35.0,93.533630949,27.1
"Jiménez, Ubaldo",434622,2017,648,580,139,21.5,9.0,0.291,0.543,0.359,0.902,0.252,0.33,0.28,0.482,0.379,0.358,0.351,0.202,0.452,0.423,0.38,0.368,89.3,35.7,6.3,39.5,94.179600432,21.0
"Chatwood, Tyler",543022,2017,631,543,120,19.0,12.2,0.25,0.442,0.346,0.788,0.192,0.286,0.252,0.397,0.338,0.329,0.349,0.145,0.368,0.354,0.319,0.323,86.4,31.2,4.2,32.1,93.296800048,24.4
"Stroman, Marcus",573186,2017,834,762,164,19.7,7.4,0.264,0.392,0.323,0.715,0.128,0.31,0.263,0.394,0.31,0.314,0.323,0.131,0.352,0.357,0.334,0.335,88.7,24.3,4.2,38.6,94.068462118,23.6
"Matz, Steven",571927,2017,298,272,48,16.1,6.4,0.305,0.504,0.356,0.86,0.199,0.333,0.285,0.469,0.363,0.346,0.34,0.184,0.41,0.389,0.369,0.347,88.4,31.1,5.7,37.7,93.858318251,18.3
"Hunter, Tommy",488984,2017,228,213,64,28.1,6.1,0.202,0.333,0.254,0.587,0.131,0.259,0.192,0.29,0.256,0.237,0.246,0.098,0.321,0.294,0.289,0.276,84.9,32.9,2.0,25.9,91.958522069,26.1
"Alvarez, Jose",501625,2017,203,190,45,22.2,5.9,0.263,0.426,0.307,0.733,0.163,0.312,0.257,0.441,0.304,0.309,0.302,0.184,0.38,0.388,0.345,0.339,86.5,34.2,6.2,32.9,93.192085603,23.7
"Workman, Brandon",519443,2017,163,147,37,22.7,7.4,0.252,0.476,0.311,0.787,0.224,0.288,0.232,0.415,0.327,0.304,0.298,0.183,0.4,0.366,0.333,0.316,89.9,31.9,5.3,42.5,94.001376757,24.0
"Bridwell, Parker",592170,2017,492,456,73,14.8,6.1,0.252,0.417,0.303,0.72,0.165,0.262,0.29,0.488,0.309,0.353,0.339,0.197,0.333,0.39,0.299,0.345,88.3,35.3,6.8,35.9,93.5943005,20.6
"Miller, Andrew",453192,2017,244,215,95,38.9,8.6,0.144,0.205,0.236,0.441,0.061,0.237,0.172,0.249,0.207,0.236,0.261,0.077,0.264,0.324,0.256,0.309,82.5,39.8,3.3,21.3,91.546181271,36.2
"Pill, Tyler",543652,2017,99,82,16,16.2,10.1,0.268,0.463,0.354,0.817,0.195,0.292,0.282,0.439,0.341,0.345,0.369,0.157,0.368,0.375,0.324,0.344,85.9,33.8,4.2,35.2,93.707561343,19.9
"Tillman, Chris",501957,2017,444,386,63,14.2,11.5,0.324,0.575,0.406,0.981,0.251,0.336,0.312,0.55,0.414,0.403,0.398,0.238,0.446,0.432,0.385,0.373,90.2,37.7,7.7,42.6,94.58998,17.8
"Barnette, Tony",501817,2017,252,222,57,22.6,8.7,0.288,0.459,0.349,0.808,0.171,0.348,0.252,0.389,0.338,0.304,0.321,0.137,0.409,0.359,0.374,0.333,86.8,36.3,5.8,34.5,92.989163529,29.6
"Hand, Brad",543272,2017,311,282,104,33.4,6.4,0.191,0.319,0.261,0.58,0.128,0.265,0.192,0.302,0.255,0.251,0.262,0.11,0.338,0.331,0.302,0.303,86.1,29.4,3.9,26.7,92.109008983,31.0
"Romano, Sal",607219,2017,384,331,73,19.0,9.6,0.275,0.45,0.349,0.799,0.175,0.322,0.239,0.366,0.34,0.303,0.322,0.128,0.381,0.329,0.345,0.305,87.4,27.0,5.2,34.1,93.274212731,22.0
"Mahle, Tyler",641816,2017,92,75,14,15.2,12.0,0.253,0.307,0.378,0.685,0.054,0.311,0.247,0.335,0.313,0.322,0.373,0.087,0.296,0.308,0.311,0.304,86.2,27.0,3.2,22.2,91.708598852,18.7
"Barnes, Jacob",606930,2017,304,265,80,26.3,10.9,0.215,0.358,0.306,0.664,0.143,0.272,0.205,0.314,0.287,0.276,0.301,0.109,0.339,0.322,0.303,0.296,86.2,30.3,6.4,30.3,92.550568804,33.8
"Bell, Chad",518445,2017,293,259,57,19.5,10.6,0.313,0.514,0.392,0.906,0.201,0.363,0.289,0.503,0.384,0.372,0.372,0.214,0.445,0.427,0.401,0.371,88.3,35.6,9.4,41.1,94.16939703,21.0
"Wittgren, Nick",621295,2017,182,166,43,23.6,7.1,0.277,0.476,0.324,0.8,0.199,0.339,0.26,0.448,0.334,0.325,0.312,0.188,0.414,0.402,0.365,0.348,90.0,42.9,13.5,40.5,93.9824092,26.2
"Bundy, Dylan",605164,2017,698,633,152,21.8,7.3,0.24,0.42,0.301,0.721,0.18,0.273,0.242,0.44,0.308,0.321,0.306,0.199,0.358,0.376,0.311,0.32,88.8,34.2,6.1,36.5,93.825075741,25.4
"Freeman, Sam",518693,2017,254,222,59,23.2,10.6,0.216,0.284,0.308,0.592,0.068,0.28,0.225,0.3,0.267,0.279,0.317,0.075,0.29,0.309,0.293,0.306,85.0,26.1,2.4,27.9,92.297831768,26.5
"Conley, Adam",543045,2017,463,403,72,15.6,9.1,0.283,0.491,0.36,0.851,0.208,0.303,0.273,0.483,0.36,0.356,0.353,0.21,0.391,0.387,0.342,0.332,88.2,33.1,6.5,37.4,93.812875307,22.2
"Minor, Mike",501985,2017,307,280,88,28.7,7.2,0.204,0.321,0.263,0.584,0.117,0.277,0.184,0.289,0.252,0.234,0.246,0.104,0.32,0.293,0.295,0.269,85.7,28.6,6.1,30.3,92.443066789,27.6
"Ramírez, José",542432,2017,258,221,56,21.7,11.2,0.204,0.371,0.307,0.678,0.167,0.228,0.223,0.415,0.297,0.321,0.325,0.192,0.317,0.355,0.269,0.297,87.0,29.8,6.0,32.3,93.067404601,27.1
"Zych, Tony",543964,2017,173,144,35,20.2,12.1,0.208,0.292,0.326,0.618,0.084,0.257,0.23,0.326,0.276,0.304,0.346,0.096,0.276,0.318,0.27,0.301,84.3,32.1,4.5,29.5,92.316993153,23.6
"Miley, Wade",489119,2017,728,624,142,19.5,12.8,0.287,0.462,0.38,0.842,0.175,0.333,0.277,0.45,0.362,0.359,0.374,0.173,0.403,0.397,0.367,0.358,87.6,33.9,4.9,35.8,93.77031341,21.9
"Richard, Clayton",453385,2017,858,780,151,17.6,6.9,0.308,0.482,0.36,0.842,0.174,0.354,0.278,0.412,0.357,0.324,0.335,0.134,0.409,0.366,0.379,0.345,87.4,29.1,3.4,33.3,93.477245504,20.6
"Ramos, Edubray",591693,2017,256,225,75,29.3,10.9,0.253,0.364,0.335,0.699,0.111,0.361,0.25,0.38,0.304,0.313,0.336,0.131,0.39,0.408,0.377,0.381,88.9,35.3,5.2,35.3,93.652464014,27.5
"Infante, Gregory",500872,2017,227,199,49,21.6,8.8,0.226,0.347,0.3,0.647,0.121,0.272,0.238,0.365,0.275,0.296,0.317,0.127,0.31,0.34,0.29,0.316,87.6,37.4,4.5,30.5,93.307799935,24.3
"Montero, Rafael",606160,2017,550,461,114,20.7,12.2,0.306,0.438,0.394,0.832,0.132,0.376,0.25,0.374,0.359,0.319,0.349,0.124,0.411,0.351,0.397,0.328,84.6,30.8,4.9,25.3,92.331377806,24.2
"Gallardo, Yovani",451596,2017,578,509,94,16.3,10.4,0.271,0.472,0.348,0.82,0.201,0.289,0.275,0.479,0.349,0.356,0.354,0.204,0.378,0.388,0.33,0.337,88.3,34.1,4.7,35.1,93.774949153,20.6
"Farmer, Buck",571656,2017,219,193,49,22.4,9.1,0.285,0.482,0.361,0.843,0.197,0.336,0.229,0.379,0.36,0.303,0.313,0.149,0.425,0.34,0.377,0.305,88.9,31.5,4.1,34.9,93.290145517,25.9
"Alexander, Scott",518397,2017,284,252,59,20.8,10.2,0.246,0.325,0.322,0.647,0.079,0.307,0.229,0.337,0.288,0.29,0.31,0.109,0.316,0.317,0.318,0.3,86.5,24.0,4.6,34.7,93.361268711,29.4
"Bailey, Homer",456701,2017,420,363,67,16.0,10.0,0.309,0.485,0.39,0.875,0.176,0.352,0.299,0.455,0.375,0.365,0.384,0.156,0.407,0.394,0.376,0.367,87.5,38.9,5.0,37.6,93.517509899,22.3
"Strickland, Hunter",519326,2017,268,233,58,21.6,10.8,0.253,0.365,0.337,0.702,0.112,0.316,0.236,0.429,0.303,0.319,0.323,0.193,0.343,0.366,0.331,0.31,87.3,33.5,5.6,29.8,92.588921864,24.9
"Junis, Jakob",596001,2017,422,382,80,19.0,5.9,0.264,0.44,0.322,0.762,0.176,0.297,0.272,0.483,0.325,0.347,0.33,0.211,0.37,0.4,0.331,0.342,89.5,36.0,9.4,38.2,94.088571533,22.0
"Zimmermann, Jordan",519455,2017,713,651,103,14.4,6.2,0.313,0.528,0.359,0.887,0.215,0.332,0.293,0.511,0.372,0.362,0.343,0.218,0.413,0.4,0.367,0.346,89.3,37.4,7.2,35.4,93.562504564,17.9
"Holland, Derek",502706,2017,626,538,104,16.6,12.0,0.29,0.535,0.383,0.918,0.245,0.308,0.287,0.51,0.388,0.383,0.383,0.223,0.423,0.417,0.357,0.358,88.5,37.9,6.8,39.5,94.022564736,18.9
"Clippard, Tyler",461325,2017,264,225,72,27.3,11.7,0.209,0.404,0.307,0.711,0.195,0.253,0.207,0.369,0.305,0.296,0.307,0.162,0.367,0.352,0.301,0.302,86.3,34.0,10.1,34.0,92.959273117,30.7
"Keuchel, Dallas",572971,2017,583,533,125,21.4,8.1,0.218,0.336,0.284,0.62,0.118,0.257,0.234,0.349,0.273,0.287,0.299,0.116,0.305,0.326,0.284,0.307,85.5,23.7,2.9,32.8,93.177216212,27.1
"Nelson, Jimmy",519076,2017,728,665,199,27.3,6.6,0.257,0.374,0.315,0.689,0.117,0.343,0.233,0.355,0.301,0.285,0.293,0.122,0.381,0.356,0.365,0.331,85.9,32.0,6.6,31.4,92.957324581,25.5
"Fields, Josh",451661,2017,223,206,60,26.9,6.7,0.194,0.379,0.251,0.63,0.185,0.219,0.208,0.381,0.267,0.279,0.266,0.174,0.333,0.351,0.272,0.294,89.9,34.7,9.5,39.5,93.706530276,26.3
"Solís, Sammy",519301,2017,112,99,28,25.0,11.6,0.222,0.394,0.313,0.707,0.172,0.269,0.211,0.362,0.308,0.294,0.303,0.15,0.359,0.336,0.31,0.294,87.0,35.2,4.2,29.6,92.48128507,24.4
"Betances, Dellin",476454,2017,261,205,100,38.3,16.9,0.141,0.215,0.323,0.538,0.074,0.255,0.126,0.213,0.267,0.26,0.311,0.087,0.294,0.278,0.276,0.247,84.5,26.4,3.8,24.5,91.665762286,38.2
"Feliz, Neftalí",491703,2017,196,171,37,18.9,11.7,0.234,0.468,0.327,0.795,0.234,0.246,0.254,0.464,0.334,0.347,0.347,0.21,0.367,0.386,0.296,0.326,87.7,34.8,6.7,34.8,93.309637273,25.3
"Fried, Max",608331,2017,121,105,22,18.2,9.9,0.286,0.438,0.38,0.818,0.152,0.338,0.271,0.434,0.355,0.349,0.367,0.164,0.386,0.377,0.361,0.342,86.9,31.3,10.8,38.6,94.53616241,22.4
"Hildenberger, Trevor",657610,2017,170,158,44,25.9,3.5,0.241,0.38,0.284,0.664,0.139,0.306,0.227,0.328,0.281,0.261,0.272,0.101,0.359,0.33,0.33,0.314,86.1,28.4,5.2,25.9,92.297145175,25.9
"Peters, Dillon",596071,2017,139,118,27,19.4,13.7,0.271,0.39,0.381,0.771,0.119,0.33,0.248,0.387,0.341,0.332,0.363,0.139,0.364,0.351,0.352,0.323,89.6,24.2,0.0,40.7,94.823394778,24.3
"Guerra, Junior",448855,2017,314,265,67,21.3,13.7,0.23,0.472,0.345,0.817,0.242,0.238,0.259,0.462,0.35,0.361,0.371,0.203,0.386,0.404,0.307,0.347,88.0,35.0,4.0,35.5,93.549390203,27.0
"Axford, John",446099,2017,109,87,21,19.3,15.6,0.31,0.46,0.426,0.886,0.15,0.369,0.26,0.409,0.385,0.354,0.387,0.149,0.418,0.368,0.397,0.335,86.0,33.3,5.8,31.9,92.808532059,20.0
"Wood, Blake",502028,2017,332,294,84,25.3,9.9,0.286,0.422,0.355,0.777,0.136,0.369,0.249,0.356,0.334,0.301,0.325,0.107,0.412,0.361,0.393,0.346,87.0,29.4,0.9,31.9,93.120429381,28.7
"Ynoa, Gabriel",593679,2017,147,135,26,17.7,5.4,0.289,0.481,0.329,0.81,0.192,0.321,0.276,0.524,0.341,0.361,0.324,0.247,0.392,0.419,0.351,0.345,89.7,33.0,6.3,42.0,94.867190273,21.3
"Hammel, Jason",434628,2017,804,737,145,18.0,6.0,0.284,0.442,0.331,0.773,0.158,0.318,0.278,0.475,0.329,0.345,0.33,0.197,0.375,0.396,0.347,0.347,88.2,35.5,7.0,33.9,93.393397793,21.5
"Osich, Josh",592612,2017,201,172,43,21.4,13.4,0.279,0.459,0.38,0.839,0.18,0.336,0.273,0.471,0.362,0.366,0.376,0.198,0.413,0.42,0.372,0.365,87.7,34.6,5.4,36.4,93.499340238,21.7
"Grimm, Justin",518748,2017,232,202,59,25.4,11.6,0.233,0.436,0.325,0.761,0.203,0.265,0.257,0.472,0.328,0.354,0.348,0.215,0.39,0.432,0.326,0.364,88.1,38.6,6.2,35.2,93.431698264,30.1
"Pomeranz, Drew",519141,2017,739,659,174,23.5,9.2,0.252,0.388,0.323,0.711,0.136,0.311,0.247,0.408,0.31,0.317,0.32,0.161,0.363,0.375,0.338,0.334,87.9,32.5,5.9,35.7,93.572409186,24.2
"Shackelford, Kevin",594992,2017,135,118,38,28.1,9.6,0.254,0.424,0.341,0.765,0.17,0.32,0.189,0.286,0.332,0.261,0.284,0.097,0.415,0.297,0.37,0.276,86.3,24.7,2.5,32.1,92.078084444,31.9
"Covey, Dylan",592229,2017,309,272,41,13.3,11.0,0.305,0.596,0.383,0.979,0.291,0.297,0.298,0.55,0.408,0.392,0.377,0.251,0.438,0.416,0.358,0.35,89.6,31.3,6.9,39.9,94.393696147,16.2
"Gómez, Jeanmar",491646,2017,100,89,21,21.0,7.0,0.348,0.629,0.408,1.037,0.281,0.393,0.3,0.525,0.429,0.372,0.365,0.224,0.534,0.454,0.456,0.394,87.2,37.1,8.6,41.4,93.817251343,23.8
"Morris, Bryan",457768,2017,94,79,15,16.0,11.7,0.304,0.405,0.385,0.79,0.101,0.359,0.283,0.46,0.338,0.35,0.368,0.177,0.367,0.384,0.369,0.346,88.0,32.4,2.9,33.8,93.428497077,26.1
"Merritt, Ryan",607320,2017,89,84,7,7.9,4.5,0.31,0.369,0.337,0.706,0.059,0.333,0.311,0.372,0.307,0.318,0.346,0.061,0.315,0.328,0.333,0.343,83.1,37.2,2.6,29.5,92.171255385,12.5
"Farquhar, Danny",543144,2017,215,175,45,20.9,13.0,0.223,0.309,0.335,0.644,0.086,0.273,0.194,0.304,0.284,0.279,0.316,0.11,0.294,0.286,0.289,0.258,87.1,26.8,5.1,24.6,92.062255758,28.9
"Banda, Anthony",607455,2017,115,102,25,21.7,8.7,0.255,0.431,0.339,0.77,0.176,0.329,0.236,0.374,0.329,0.304,0.323,0.138,0.378,0.342,0.338,0.313,88.5,26.0,11.7,35.1,93.904070135,26.6
"Pinto, Ricardo",620982,2017,146,123,25,17.1,11.6,0.317,0.553,0.399,0.952,0.236,0.344,0.266,0.469,0.398,0.357,0.361,0.202,0.447,0.389,0.39,0.336,86.4,36.9,3.9,28.4,92.465917677,21.2
"Valdez, César",491624,2017,140,128,21,15.0,7.9,0.32,0.609,0.379,0.988,0.289,0.34,0.32,0.593,0.41,0.406,0.378,0.273,0.461,0.456,0.383,0.383,90.1,48.6,15.9,43.9,94.780095234,23.9
"Drake, Oliver",543118,2017,251,223,62,24.7,10.0,0.283,0.453,0.355,0.808,0.17,0.368,0.273,0.415,0.344,0.331,0.347,0.142,0.427,0.407,0.391,0.379,88.1,36.6,4.9,34.8,93.461697,27.3
"Bedrosian, Cam",592135,2017,190,171,53,27.9,8.9,0.24,0.398,0.307,0.705,0.158,0.316,0.23,0.382,0.302,0.296,0.299,0.152,0.384,0.375,0.345,0.331,90.0,30.8,4.2,40.0,94.090253025,30.1
"Cosart, Jarred",543054,2017,114,92,15,13.2,16.7,0.283,0.348,0.416,0.764,0.065,0.338,0.254,0.353,0.35,0.341,0.392,0.1,0.323,0.311,0.338,0.303,87.7,28.2,5.1,34.6,93.521516753,19.7
"Hatcher, Chris",501822,2017,257,232,63,24.5,8.2,0.25,0.427,0.31,0.737,0.177,0.298,0.231,0.388,0.312,0.293,0.294,0.157,0.385,0.357,0.339,0.316,88.3,38.7,10.4,34.9,93.307245,29.1
"Duffy, Danny",518633,2017,609,556,130,21.3,6.7,0.257,0.397,0.312,0.709,0.14,0.313,0.248,0.405,0.306,0.309,0.305,0.157,0.358,0.362,0.334,0.324,87.0,32.0,6.7,31.1,92.97968539,24.7
"Skaggs, Tyler",572140,2017,365,329,76,20.8,7.7,0.274,0.45,0.34,0.79,0.176,0.318,0.263,0.446,0.339,0.337,0.332,0.184,0.392,0.39,0.353,0.342,87.8,31.4,4.7,38.8,93.963231315,19.9
"Feliz, Michael",593140,2017,218,192,70,32.1,10.1,0.276,0.51,0.344,0.854,0.234,0.381,0.24,0.406,0.356,0.312,0.316,0.166,0.497,0.423,0.421,0.372,88.1,47.6,12.7,41.3,93.86800127,32.2
"Green, Chad",643338,2017,253,231,103,40.7,6.7,0.147,0.242,0.211,0.453,0.095,0.24,0.187,0.323,0.203,0.25,0.248,0.136,0.293,0.384,0.264,0.336,90.0,38.2,3.8,43.8,93.934826641,36.2
"Volquez, Edinson",450172,2017,396,331,81,20.5,13.1,0.236,0.378,0.34,0.718,0.142,0.283,0.256,0.414,0.313,0.343,0.364,0.159,0.335,0.382,0.306,0.342,87.5,31.2,6.2,32.4,93.511199265,22.5
"Bauer, Trevor",545333,2017,749,680,196,26.2,8.0,0.266,0.446,0.329,0.775,0.18,0.338,0.25,0.422,0.332,0.32,0.316,0.172,0.417,0.399,0.372,0.352,89.4,36.1,5.1,39.2,93.93590112,23.9
"Díaz, Miguel",622766,2017,192,160,33,17.2,13.0,0.275,0.55,0.379,0.929,0.275,0.28,0.243,0.459,0.39,0.355,0.358,0.215,0.423,0.372,0.341,0.31,87.3,36.6,4.6,31.3,93.43112907,21.4
"Guerra, Deolis",500610,2017,105,92,22,21.0,11.4,0.217,0.424,0.305,0.729,0.207,0.239,0.216,0.469,0.312,0.329,0.306,0.253,0.344,0.37,0.282,0.283,87.9,32.4,2.8,30.0,92.741292754,32.4
"Peralta, Wandy",593974,2017,263,233,57,21.7,9.1,0.227,0.382,0.299,0.681,0.155,0.263,0.21,0.312,0.293,0.266,0.285,0.102,0.333,0.293,0.296,0.275,86.0,25.4,5.5,31.5,92.736965419,31.7
"Allen, Cody",592102,2017,282,258,92,32.6,7.4,0.221,0.364,0.285,0.649,0.143,0.306,0.197,0.352,0.283,0.269,0.263,0.155,0.382,0.36,0.343,0.308,86.3,36.5,4.8,29.5,92.648036871,34.2
"Montgomery, Jordan",656756,2017,649,592,144,22.2,7.9,0.236,0.387,0.297,0.684,0.151,0.277,0.238,0.399,0.295,0.307,0.301,0.16,0.344,0.36,0.31,0.317,86.9,31.8,5.5,31.6,92.866520535,26.9
"Dyson, Sam",473879,2017,260,226,34,13.1,11.5,0.296,0.473,0.386,0.859,0.177,0.321,0.25,0.401,0.362,0.319,0.346,0.151,0.381,0.324,0.349,0.295,86.8,25.9,6.2,30.1,93.022254656,18.4
"Hardy, Blaine",543278,2017,156,139,28,17.9,8.3,0.331,0.547,0.378,0.925,0.216,0.361,0.296,0.549,0.384,0.382,0.356,0.252,0.446,0.442,0.4,0.37,89.3,35.7,5.2,45.2,94.476458348,24.4
"Lugo, Seth",607625,2017,436,402,85,19.5,5.7,0.284,0.445,0.325,0.77,0.161,0.327,0.268,0.437,0.327,0.325,0.315,0.169,0.383,0.382,0.354,0.341,87.1,34.9,5.9,35.5,93.256434151,20.6
"Nicolino, Justin",592593,2017,229,204,26,11.4,8.7,0.324,0.52,0.385,0.905,0.196,0.339,0.329,0.512,0.377,0.383,0.393,0.183,0.404,0.41,0.369,0.378,88.4,38.5,8.2,34.1,93.625296348,15.3
"Benoit, Joaquín",276542,2017,213,189,46,21.6,10.3,0.228,0.407,0.31,0.717,0.179,0.263,0.221,0.4,0.308,0.305,0.305,0.179,0.347,0.343,0.299,0.292,86.0,32.6,4.9,28.5,92.77996695,27.6
"Gregerson, Luke",502381,2017,263,241,70,26.6,7.6,0.257,0.477,0.313,0.79,0.22,0.308,0.239,0.425,0.329,0.305,0.298,0.185,0.428,0.395,0.36,0.338,86.6,32.9,6.4,36.6,93.555831353,35.3
"Ziegler, Brad",446899,2017,211,186,26,12.3,7.6,0.306,0.376,0.38,0.756,0.07,0.352,0.274,0.354,0.326,0.304,0.351,0.08,0.341,0.313,0.356,0.318,85.7,28.8,4.3,36.2,93.263439937,20.1
"Despaigne, Odrisamer",628333,2017,254,223,31,12.2,9.4,0.256,0.354,0.333,0.687,0.098,0.283,0.274,0.424,0.303,0.337,0.351,0.15,0.298,0.343,0.294,0.317,84.5,37.8,6.1,28.1,92.397387268,17.5
"Milner, Hoby",571948,2017,139,116,22,15.8,11.5,0.259,0.371,0.365,0.736,0.112,0.301,0.235,0.353,0.32,0.307,0.345,0.119,0.326,0.308,0.316,0.287,80.4,36.1,2.1,18.6,90.951008,23.0
"Sanchez, Aaron",592717,2017,167,146,24,14.4,12.0,0.288,0.459,0.377,0.836,0.171,0.31,0.286,0.486,0.362,0.371,0.376,0.2,0.376,0.389,0.344,0.343,87.1,34.4,4.1,36.4,93.734563223,16.0
"Lorenzen, Michael",547179,2017,361,320,80,22.2,9.4,0.244,0.372,0.323,0.695,0.128,0.297,0.235,0.363,0.3,0.297,0.317,0.129,0.345,0.341,0.324,0.314,85.2,30.0,3.7,29.6,92.606853025,24.4
"Bibens-Dirkx, Austin",502212,2017,299,274,38,12.7,6.7,0.27,0.478,0.324,0.802,0.208,0.268,0.285,0.52,0.34,0.363,0.339,0.235,0.36,0.389,0.311,0.329,87.1,35.7,7.1,34.5,93.483163025,20.7
"Hudson, Daniel",543339,2017,271,230,66,24.4,12.2,0.248,0.409,0.352,0.761,0.161,0.314,0.238,0.371,0.331,0.32,0.346,0.133,0.381,0.364,0.343,0.333,85.1,30.5,3.6,27.9,92.159734568,28.1
"Steckenrider, Drew",608716,2017,151,132,54,35.8,11.9,0.227,0.356,0.318,0.674,0.129,0.347,0.2,0.348,0.295,0.284,0.296,0.147,0.411,0.389,0.38,0.337,87.9,32.9,5.1,40.5,93.901165696,29.6
"Olson, Tyler",621397,2017,77,69,18,23.4,7.8,0.188,0.217,0.263,0.48,0.029,0.255,0.223,0.261,0.224,0.257,0.295,0.037,0.237,0.288,0.255,0.302,83.9,23.1,0.0,23.1,91.511480588,23.0
"Weaver, Luke",596133,2017,252,232,72,28.6,6.7,0.254,0.392,0.307,0.699,0.138,0.338,0.235,0.372,0.301,0.288,0.292,0.137,0.394,0.376,0.366,0.344,86.3,33.3,3.1,34.4,93.072823291,23.6
"Kahnle, Tommy",592454,2017,256,232,96,37.5,6.6,0.228,0.323,0.282,0.605,0.095,0.36,0.193,0.3,0.263,0.243,0.252,0.107,0.389,0.351,0.379,0.324,88.6,34.0,5.0,35.5,93.6854145,33.3
"Rondón, Héctor",444468,2017,237,215,69,29.1,8.4,0.233,0.423,0.301,0.724,0.19,0.294,0.227,0.412,0.311,0.307,0.296,0.185,0.402,0.396,0.342,0.335,86.0,34.0,3.4,32.7,93.105525655,26.6
"Bracho, Silvino",611093,2017,87,80,25,28.7,8.0,0.225,0.438,0.287,0.725,0.213,0.26,0.218,0.451,0.309,0.311,0.281,0.233,0.4,0.405,0.327,0.319,87.8,27.3,3.6,32.7,93.62174463,28.5
"Smith, Josh A.",595001,2017,151,135,25,16.6,9.9,0.259,0.474,0.331,0.805,0.215,0.296,0.268,0.447,0.338,0.342,0.342,0.179,0.37,0.375,0.315,0.331,87.9,35.1,7.2,35.1,93.590669099,18.1
"Giolito, Lucas",608337,2017,179,163,34,19.0,6.7,0.19,0.387,0.258,0.645,0.197,0.19,0.243,0.393,0.277,0.306,0.307,0.15,0.301,0.341,0.24,0.307,86.9,28.5,6.2,34.1,93.176880156,22.9
"Vizcaíno, Arodys",527055,2017,235,211,64,27.2,8.9,0.199,0.351,0.277,0.628,0.152,0.248,0.21,0.377,0.272,0.291,0.29,0.168,0.327,0.357,0.284,0.305,88.0,33.1,8.8,32.9,92.88495726,31.1
"Ottavino, Adam",493603,2017,243,197,63,25.9,16.0,0.244,0.411,0.374,0.785,0.167,0.31,0.219,0.37,0.343,0.324,0.356,0.151,0.395,0.362,0.35,0.318,85.4,32.8,5.1,32.1,92.956660876,28.5
"McHugh, Collin",543521,2017,270,245,62,23.0,7.4,0.253,0.424,0.322,0.746,0.171,0.313,0.247,0.415,0.322,0.318,0.317,0.168,0.38,0.374,0.339,0.331,88.1,41.5,7.7,34.4,93.237413149,27.7
"Sale, Chris",519242,2017,851,794,308,36.2,5.1,0.208,0.349,0.254,0.603,0.141,0.303,0.194,0.336,0.26,0.252,0.243,0.142,0.378,0.365,0.337,0.317,86.8,35.8,6.7,30.5,92.794633025,31.8
"Blanton, Joe",430599,2017,195,179,39,20.0,6.7,0.296,0.536,0.345,0.881,0.24,0.328,0.263,0.425,0.367,0.317,0.316,0.162,0.44,0.372,0.376,0.336,86.9,35.2,7.7,32.4,92.73522234,28.2
"Sewald, Paul",623149,2017,275,245,69,25.1,7.6,0.237,0.404,0.301,0.705,0.167,0.292,0.235,0.398,0.3,0.3,0.301,0.164,0.367,0.368,0.324,0.323,88.4,35.2,7.7,33.5,93.322843051,25.8
"Andriese, Matt",542882,2017,374,341,76,20.3,7.5,0.264,0.469,0.326,0.795,0.205,0.296,0.263,0.467,0.338,0.339,0.327,0.203,0.392,0.394,0.338,0.339,89.6,32.3,9.4,38.6,94.094612912,24.7
"Petit, Yusmeiro",433589,2017,354,333,101,28.5,5.1,0.207,0.321,0.249,0.57,0.114,0.268,0.213,0.362,0.243,0.261,0.255,0.149,0.319,0.347,0.296,0.305,87.0,31.6,5.6,34.3,93.053329348,24.3
"Wilson, Alex",543935,2017,260,240,42,16.2,5.8,0.279,0.438,0.327,0.765,0.159,0.311,0.27,0.455,0.32,0.328,0.323,0.185,0.362,0.374,0.335,0.33,87.8,35.0,5.0,38.7,94.070579082,19.3
"Alcántara, Raúl",593417,2017,108,92,12,11.1,11.1,0.239,0.478,0.343,0.821,0.239,0.224,0.268,0.461,0.347,0.355,0.368,0.192,0.337,0.348,0.272,0.305,88.2,34.6,6.2,38.3,94.048485625,18.2
"McGee, Jake",459429,2017,229,210,58,25.3,7.0,0.224,0.343,0.281,0.624,0.119,0.289,0.223,0.358,0.272,0.277,0.28,0.135,0.328,0.336,0.307,0.306,87.6,27.3,7.8,34.6,93.400370132,20.6
"Straily, Dan",573185,2017,769,687,170,22.1,7.8,0.256,0.466,0.318,0.784,0.21,0.294,0.235,0.413,0.33,0.306,0.3,0.178,0.394,0.361,0.336,0.311,87.2,32.4,5.1,29.2,92.746977879,26.6
"Fulmer, Carson",608334,2017,101,85,19,18.8,12.9,0.188,0.329,0.31,0.639,0.141,0.194,0.215,0.408,0.289,0.325,0.333,0.192,0.279,0.335,0.242,0.277,87.4,28.4,3.0,29.9,92.626172424,20.2
"Garton, Ryan",623439,2017,90,82,16,17.8,6.7,0.22,0.415,0.27,0.685,0.195,0.222,0.272,0.445,0.29,0.333,0.321,0.173,0.323,0.381,0.269,0.337,86.9,30.9,8.8,38.2,93.372231045,24.3
"Senzatela, Antonio",622608,2017,564,504,102,18.1,8.3,0.254,0.437,0.32,0.757,0.183,0.283,0.264,0.41,0.322,0.326,0.333,0.146,0.357,0.363,0.314,0.332,87.7,32.8,5.4,34.5,93.313721881,18.0
"Bumgarner, Madison",518516,2017,450,424,101,22.4,4.4,0.238,0.427,0.277,0.704,0.189,0.274,0.25,0.434,0.295,0.306,0.288,0.184,0.363,0.378,0.312,0.329,88.6,31.9,3.7,34.5,93.642543028,21.5
"Sipp, Tony",448609,2017,165,146,39,23.6,9.7,0.247,0.507,0.323,0.83,0.26,0.28,0.224,0.393,0.344,0.302,0.307,0.169,0.419,0.357,0.333,0.309,85.6,28.4,6.4,33.3,92.83057219,28.0
"Bowman, Matt",621199,2017,247,218,46,18.6,7.3,0.239,0.353,0.306,0.659,0.114,0.279,0.23,0.336,0.285,0.279,0.3,0.106,0.31,0.302,0.295,0.287,85.2,26.4,2.2,28.8,92.405090289,23.7
"Pressly, Ryan",519151,2017,252,227,61,24.2,7.5,0.229,0.401,0.296,0.697,0.172,0.268,0.24,0.401,0.293,0.3,0.307,0.161,0.358,0.369,0.311,0.328,88.5,30.8,4.1,37.3,94.058539337,27.0
"Diaz, Jumbo",471822,2017,136,118,28,20.6,11.0,0.271,0.458,0.348,0.806,0.187,0.318,0.223,0.379,0.338,0.306,0.315,0.156,0.391,0.347,0.348,0.299,88.7,26.9,6.5,35.2,93.895148488,25.6
"Eflin, Zach",621107,2017,280,256,35,12.5,4.3,0.309,0.551,0.345,0.896,0.242,0.3,0.292,0.53,0.373,0.366,0.334,0.238,0.407,0.398,0.35,0.335,88.4,30.3,4.8,35.7,93.396469955,15.1
"Neshek, Pat",450212,2017,235,226,69,29.4,2.6,0.212,0.305,0.231,0.536,0.093,0.288,0.187,0.302,0.23,0.218,0.208,0.115,0.312,0.297,0.302,0.269,85.1,33.8,6.3,26.3,91.80797281,26.4
"Reed, Addison",592665,2017,306,287,76,24.8,4.9,0.226,0.39,0.266,0.656,0.164,0.267,0.246,0.421,0.275,0.299,0.285,0.175,0.348,0.381,0.305,0.333,87.6,36.0,6.1,36.4,93.254865399,25.8
"Richards, Garrett",572070,2017,108,100,27,25.0,6.5,0.18,0.26,0.234,0.494,0.08,0.236,0.223,0.349,0.22,0.274,0.274,0.127,0.256,0.335,0.247,0.306,87.1,28.4,6.8,28.8,92.68561,27.3
"Pelfrey, Mike",460059,2017,546,471,79,14.5,11.4,0.27,0.488,0.364,0.852,0.218,0.276,0.267,0.462,0.362,0.356,0.363,0.195,0.377,0.368,0.322,0.32,87.8,29.9,4.3,37.2,93.624794656,17.4
"Santana, Ervin",429722,2017,863,786,167,19.4,7.1,0.225,0.392,0.286,0.678,0.167,0.247,0.235,0.398,0.291,0.3,0.296,0.163,0.325,0.338,0.284,0.298,86.0,29.8,4.0,30.1,92.70750678,23.4
"Gray, Sonny",543243,2017,678,615,153,22.6,8.4,0.226,0.374,0.294,0.668,0.148,0.27,0.244,0.404,0.29,0.31,0.311,0.159,0.334,0.364,0.3,0.325,87.4,29.5,4.7,38.6,93.97063919,27.3
"Tanaka, Masahiro",547888,2017,751,700,194,25.8,5.5,0.257,0.467,0.304,0.771,0.21,0.307,0.247,0.444,0.326,0.315,0.295,0.197,0.416,0.4,0.354,0.341,88.0,34.6,6.3,36.2,93.577293373,31.2
"Lackey, John",407793,2017,731,654,149,20.4,7.3,0.252,0.469,0.316,0.785,0.217,0.27,0.268,0.47,0.331,0.343,0.334,0.202,0.382,0.401,0.321,0.346,88.2,34.8,7.9,36.2,93.589858625,23.1
"Gonzalez, Gio",461829,2017,827,731,188,22.7,9.6,0.216,0.345,0.298,0.643,0.129,0.261,0.226,0.364,0.281,0.295,0.307,0.138,0.316,0.337,0.289,0.304,86.1,29.5,4.5,27.9,92.514745688,22.3
"McCarthy, Kevin",641838,2017,196,181,27,13.8,6.6,0.276,0.381,0.323,0.704,0.105,0.305,0.273,0.418,0.306,0.321,0.322,0.144,0.327,0.346,0.323,0.322,85.2,32.1,5.8,28.8,92.777644194,18.8
"Gibson, Kyle",502043,2017,693,624,121,17.5,8.7,0.292,0.468,0.358,0.826,0.176,0.328,0.289,0.465,0.355,0.354,0.356,0.176,0.395,0.395,0.36,0.358,88.5,33.6,4.3,37.9,93.977377166,23.6
"Rodriguez, Eduardo",593958,2017,582,523,150,25.8,8.6,0.241,0.424,0.312,0.736,0.183,0.3,0.229,0.412,0.315,0.308,0.301,0.183,0.386,0.376,0.335,0.32,86.3,35.5,5.8,31.3,92.916060053,26.3
"Maton, Phil",664208,2017,180,165,46,25.6,7.8,0.248,0.467,0.311,0.778,0.219,0.284,0.23,0.413,0.331,0.306,0.296,0.183,0.412,0.379,0.345,0.323,87.7,29.4,4.2,34.8,93.444234464,28.3
"Kershaw, Clayton",477132,2017,678,641,202,29.8,4.4,0.212,0.357,0.246,0.603,0.145,0.27,0.213,0.364,0.258,0.263,0.248,0.151,0.346,0.358,0.308,0.314,85.3,30.5,4.3,27.1,92.361550426,29.9
"Espino, Paolo",502179,2017,109,95,20,18.3,9.2,0.242,0.537,0.333,0.87,0.295,0.235,0.271,0.57,0.365,0.391,0.36,0.299,0.405,0.442,0.307,0.344,86.8,31.6,1.3,30.3,93.14744726,19.6
"Knebel, Corey",608349,2017,309,267,126,40.8,12.9,0.18,0.277,0.291,0.568,0.097,0.311,0.167,0.273,0.254,0.249,0.28,0.105,0.366,0.354,0.34,0.317,86.4,29.8,4.3,32.6,92.882302199,35.1
"Oh, Seunghwan",493200,2017,264,239,54,20.5,5.7,0.285,0.464,0.33,0.794,0.179,0.324,0.245,0.425,0.324,0.296,0.296,0.18,0.398,0.362,0.36,0.314,85.8,34.9,4.2,28.1,92.569449628,27.0
"Foltynewicz, Mike",592314,2017,692,610,143,20.7,8.5,0.277,0.446,0.349,0.795,0.169,0.332,0.265,0.437,0.342,0.336,0.339,0.172,0.395,0.387,0.36,0.346,88.5,33.8,6.5,32.9,93.540747189,23.0
"Peralta, Wily",503449,2017,269,232,52,19.3,11.9,0.315,0.552,0.396,0.948,0.237,0.364,0.269,0.466,0.396,0.352,0.357,0.196,0.459,0.394,0.399,0.343,87.5,33.7,3.8,31.0,93.25228522,21.4
"Blach, Ty",621389,2017,692,633,73,10.5,6.2,0.283,0.439,0.327,0.766,0.156,0.296,0.288,0.446,0.326,0.335,0.334,0.158,0.341,0.352,0.317,0.325,86.9,32.7,7.0,33.0,93.033970628,15.6
"Gee, Dillon",518716,2017,212,191,41,19.3,7.1,0.283,0.476,0.344,0.82,0.193,0.319,0.253,0.452,0.349,0.331,0.32,0.198,0.4,0.376,0.355,0.322,87.1,30.9,4.6,32.9,93.070873378,23.1
"Hart, Donnie",643354,2017,190,172,29,15.3,6.8,0.279,0.413,0.342,0.755,0.134,0.309,0.257,0.395,0.328,0.318,0.325,0.138,0.35,0.338,0.333,0.31,85.8,29.2,3.5,29.2,92.473615385,24.2
"Wood, Travis",475243,2017,436,380,65,14.9,10.3,0.311,0.529,0.382,0.911,0.218,0.329,0.28,0.494,0.385,0.365,0.359,0.215,0.418,0.391,0.369,0.337,88.9,38.0,5.6,37.4,93.809734776,14.3
"Fister, Doug",450729,2017,392,343,83,21.2,9.7,0.254,0.397,0.329,0.726,0.143,0.305,0.246,0.38,0.312,0.31,0.328,0.134,0.355,0.353,0.328,0.327,86.8,29.9,6.3,34.8,93.462981756,19.3
"Brothers, Rex",571521,2017,105,92,33,31.4,11.4,0.25,0.424,0.343,0.767,0.174,0.357,0.227,0.4,0.322,0.305,0.323,0.172,0.439,0.41,0.39,0.355,88.7,35.6,5.1,33.9,93.05716322,33.5
"Samardzija, Jeff",502188,2017,847,801,205,24.2,3.8,0.255,0.447,0.287,0.734,0.192,0.305,0.247,0.425,0.309,0.301,0.281,0.178,0.39,0.379,0.34,0.331,87.4,36.1,6.0,33.8,93.23230199,22.5
"Milone, Tommy",543548,2017,221,205,38,17.2,6.3,0.317,0.61,0.361,0.971,0.293,0.329,0.302,0.55,0.4,0.374,0.347,0.248,0.472,0.438,0.389,0.371,87.1,35.5,4.1,35.5,93.15136759,19.0
"LeBlanc, Wade",453281,2017,283,263,54,19.1,6.0,0.243,0.426,0.291,0.717,0.183,0.27,0.282,0.463,0.304,0.337,0.328,0.181,0.35,0.396,0.305,0.354,86.4,33.2,5.7,31.8,92.869122174,22.7
"Giles, Ken",571704,2017,247,222,83,33.6,8.5,0.198,0.297,0.268,0.565,0.099,0.292,0.19,0.287,0.251,0.248,0.265,0.097,0.33,0.325,0.312,0.307,86.9,31.7,4.2,34.0,92.888542143,33.9
"Carrasco, Carlos",471911,2017,798,735,226,28.3,5.8,0.235,0.386,0.287,0.673,0.151,0.308,0.235,0.389,0.289,0.295,0.289,0.154,0.372,0.382,0.336,0.339,87.4,34.1,5.0,34.6,93.471092998,29.8
"Martinez, Carlos",593372,2017,858,772,217,25.3,8.3,0.232,0.391,0.302,0.693,0.159,0.287,0.221,0.352,0.299,0.284,0.293,0.131,0.362,0.338,0.321,0.308,87.0,30.5,5.0,33.3,93.155882382,24.6
"Kimbrel, Craig",518886,2017,254,235,126,49.6,5.5,0.14,0.243,0.202,0.445,0.103,0.262,0.163,0.319,0.199,0.236,0.223,0.155,0.346,0.432,0.303,0.352,92.0,31.8,8.2,45.5,95.377707407,42.7
"Triggs, Andrew",592811,2017,283,256,50,17.7,6.7,0.266,0.41,0.323,0.733,0.144,0.295,0.255,0.406,0.316,0.317,0.318,0.151,0.35,0.351,0.325,0.319,88.6,29.5,5.7,33.8,93.48030125,24.6
"Chapman, Aroldis",547973,2017,209,185,69,33.0,9.6,0.2,0.297,0.287,0.584,0.097,0.298,0.179,0.285,0.259,0.247,0.269,0.106,0.333,0.312,0.316,0.283,84.4,30.8,6.0,23.9,92.211417179,30.0
"Jeffress, Jeremy",502026,2017,295,257,51,17.3,11.5,0.284,0.459,0.371,0.83,0.175,0.32,0.247,0.399,0.354,0.323,0.343,0.152,0.388,0.346,0.353,0.312,84.3,28.8,3.8,25.9,92.28762475,23.7
"Márquez, Germán",608566,2017,700,634,147,21.0,7.0,0.274,0.473,0.332,0.805,0.199,0.32,0.258,0.434,0.341,0.324,0.319,0.176,0.403,0.38,0.354,0.335,88.7,31.3,5.2,36.0,93.721957316,20.7
"Moylan, Peter",493247,2017,243,212,46,18.9,10.3,0.189,0.288,0.288,0.576,0.099,0.221,0.223,0.325,0.256,0.285,0.318,0.102,0.255,0.296,0.24,0.283,84.3,26.9,2.4,24.6,91.976601687,25.7
"Bergman, Christian",548357,2017,230,207,33,14.3,6.5,0.295,0.502,0.35,0.852,0.207,0.301,0.315,0.555,0.36,0.39,0.369,0.24,0.395,0.434,0.349,0.373,89.6,36.9,6.1,36.5,93.903603621,16.4
"González, Miguel",456068,2017,684,616,100,14.6,8.0,0.271,0.458,0.334,0.792,0.187,0.291,0.269,0.462,0.337,0.341,0.334,0.193,0.361,0.366,0.321,0.32,88.3,34.4,7.3,35.9,93.29712099,15.2
"Lester, Jon",452657,2017,763,691,180,23.6,7.9,0.259,0.43,0.32,0.75,0.171,0.313,0.24,0.391,0.32,0.304,0.307,0.151,0.388,0.365,0.348,0.329,86.4,34.1,5.6,29.5,92.577866844,25.2
"Clevinger, Mike",605182,2017,501,437,137,27.3,12.0,0.211,0.357,0.31,0.667,0.146,0.275,0.229,0.386,0.294,0.312,0.326,0.157,0.346,0.377,0.307,0.334,87.2,37.2,6.6,34.6,93.215201007,31.0
"Davis, Rookie",606959,2017,122,104,20,16.4,11.5,0.365,0.644,0.442,1.086,0.279,0.397,0.277,0.43,0.453,0.35,0.367,0.153,0.516,0.372,0.447,0.341,86.5,34.5,8.0,25.3,91.850501429,21.6
"Cole, A.J.",595918,2017,230,195,44,19.1,12.2,0.262,0.441,0.361,0.802,0.179,0.299,0.26,0.433,0.348,0.347,0.361,0.173,0.378,0.377,0.336,0.335,87.8,32.9,6.5,34.2,93.378530267,23.9
"Torres, Carlos",448614,2017,322,280,56,17.4,10.2,0.279,0.429,0.356,0.785,0.15,0.312,0.26,0.409,0.339,0.329,0.342,0.15,0.367,0.353,0.342,0.322,85.2,34.3,3.5,27.4,92.201124798,21.2
"Scribner, Troy",644428,2017,99,87,18,18.2,10.1,0.195,0.494,0.293,0.787,0.299,0.161,0.247,0.491,0.331,0.353,0.338,0.245,0.353,0.386,0.246,0.311,89.4,37.7,10.1,40.6,93.662231014,24.8
"Worley, Vance",474699,2017,333,292,50,15.0,9.0,0.339,0.534,0.408,0.942,0.195,0.381,0.296,0.471,0.396,0.359,0.372,0.175,0.438,0.389,0.404,0.355,88.1,34.4,6.5,36.0,93.679410408,13.8
"Ramírez, Erasmo",541640,2017,539,497,109,20.2,5.8,0.247,0.443,0.291,0.734,0.196,0.271,0.258,0.458,0.308,0.324,0.304,0.2,0.362,0.385,0.311,0.33,88.5,33.0,6.8,35.8,93.826673462,22.2
"Brach, Brad",542960,2017,275,245,70,25.5,9.5,0.208,0.339,0.281,0.62,0.131,0.257,0.225,0.389,0.27,0.298,0.299,0.164,0.317,0.361,0.287,0.314,86.6,34.6,5.6,33.5,92.906252712,26.3
"Santiago, Héctor",502327,2017,311,274,51,16.4,10.0,0.255,0.442,0.341,0.783,0.187,0.263,0.276,0.555,0.338,0.386,0.36,0.279,0.357,0.424,0.313,0.339,90.5,33.5,5.8,39.4,94.382640776,17.8
"Stephens, Jackson",623451,2017,101,91,21,20.8,8.9,0.209,0.44,0.287,0.727,0.231,0.203,0.25,0.466,0.31,0.339,0.324,0.216,0.348,0.39,0.271,0.325,86.5,32.9,5.7,28.6,92.708620145,19.9
"Boxberger, Brad",502202,2017,121,107,40,33.1,9.1,0.215,0.374,0.292,0.666,0.159,0.297,0.178,0.322,0.279,0.251,0.264,0.144,0.387,0.341,0.338,0.29,86.8,24.6,5.8,31.9,93.164518955,31.3
"Leone, Dominic",608678,2017,279,253,81,29.0,8.2,0.202,0.36,0.265,0.625,0.158,0.266,0.203,0.354,0.264,0.269,0.27,0.151,0.337,0.345,0.291,0.299,86.4,34.3,6.3,32.6,92.868052229,32.8
"Suter, Brent",608718,2017,341,315,64,18.8,6.5,0.263,0.387,0.315,0.702,0.124,0.307,0.258,0.383,0.302,0.3,0.31,0.125,0.345,0.342,0.329,0.323,84.4,35.6,3.6,24.5,91.7022016,21.3
"García, Jaime",448802,2017,673,602,129,19.2,9.5,0.261,0.429,0.331,0.76,0.168,0.303,0.258,0.425,0.324,0.324,0.329,0.166,0.365,0.366,0.329,0.327,87.2,31.9,5.8,36.8,93.646062945,26.0
"Albers, Andrew",452027,2017,177,164,37,20.9,5.6,0.262,0.415,0.311,0.726,0.153,0.303,0.266,0.405,0.312,0.315,0.317,0.14,0.366,0.371,0.336,0.345,87.9,42.2,3.9,29.7,92.855646563,17.2
"Iwakuma, Hisashi",547874,2017,128,114,16,12.5,9.4,0.237,0.482,0.32,0.802,0.245,0.22,0.267,0.556,0.341,0.381,0.348,0.289,0.346,0.398,0.276,0.311,88.1,31.6,9.2,41.7,93.681355521,19.1
"Salas, Fernando",477569,2017,263,229,56,21.3,8.4,0.293,0.441,0.345,0.786,0.148,0.347,0.256,0.43,0.326,0.32,0.32,0.174,0.395,0.387,0.372,0.336,89.0,27.0,4.9,33.3,93.691222938,26.6
"Maeda, Kenta",628317,2017,557,508,140,25.1,6.1,0.238,0.423,0.29,0.713,0.185,0.283,0.23,0.377,0.303,0.286,0.284,0.147,0.377,0.353,0.325,0.317,86.2,34.9,5.6,28.4,92.508379754,27.4
"Teheran, Julio",527054,2017,812,723,151,18.6,8.9,0.257,0.443,0.329,0.772,0.186,0.285,0.253,0.424,0.33,0.324,0.326,0.171,0.368,0.361,0.323,0.319,87.2,30.6,5.0,30.5,92.903528463,21.6
"Norris, Daniel",596057,2017,459,407,86,18.7,9.6,0.295,0.474,0.365,0.839,0.179,0.346,0.272,0.48,0.357,0.353,0.347,0.208,0.406,0.4,0.37,0.345,89.3,35.6,8.3,38.0,93.958933913,22.7
"Castro, Miguel",612434,2017,274,237,38,13.9,10.2,0.224,0.376,0.306,0.682,0.152,0.231,0.247,0.408,0.291,0.315,0.328,0.161,0.293,0.325,0.261,0.29,85.7,27.7,6.3,29.1,92.705034039,22.6
"Kuhl, Chad",641771,2017,680,592,142,20.9,10.6,0.269,0.441,0.352,0.793,0.172,0.325,0.262,0.419,0.338,0.332,0.348,0.157,0.388,0.38,0.35,0.344,88.8,36.7,6.5,38.6,93.917541339,23.1
"Bettis, Chad",518452,2017,200,182,30,15.0,5.5,0.286,0.5,0.328,0.828,0.214,0.303,0.264,0.404,0.349,0.311,0.31,0.14,0.39,0.342,0.34,0.317,85.4,32.3,3.2,27.2,91.987690588,20.5
"Sims, Lucas",608371,2017,255,222,44,17.3,9.0,0.288,0.505,0.364,0.869,0.217,0.324,0.263,0.436,0.366,0.335,0.342,0.173,0.41,0.366,0.358,0.326,86.7,34.8,7.6,29.9,93.001408125,20.6
"Barraclough, Kyle",607457,2017,286,239,76,26.6,13.3,0.222,0.31,0.329,0.639,0.088,0.296,0.209,0.312,0.285,0.285,0.321,0.103,0.324,0.326,0.317,0.305,85.6,30.6,5.9,25.4,92.047575976,31.1
"Petricka, Jake",502593,2017,122,114,26,21.3,4.9,0.342,0.57,0.377,0.947,0.228,0.398,0.285,0.436,0.398,0.326,0.324,0.151,0.49,0.393,0.438,0.366,89.1,36.0,10.1,37.1,94.040231798,18.1
"Biagini, Joe",607352,2017,517,471,97,18.8,8.1,0.265,0.425,0.327,0.752,0.16,0.305,0.251,0.384,0.323,0.306,0.315,0.134,0.363,0.34,0.332,0.316,86.2,29.3,4.0,31.2,93.162608753,19.5
"Colon, Bartolo",112526,2017,648,603,89,13.7,5.4,0.318,0.554,0.355,0.909,0.236,0.335,0.283,0.5,0.381,0.35,0.324,0.216,0.425,0.387,0.371,0.333,88.8,34.0,7.6,37.4,93.973900841,12.7
"Johnson, Brian",598271,2017,121,113,21,17.4,6.6,0.283,0.487,0.331,0.818,0.204,0.31,0.287,0.543,0.344,0.367,0.334,0.256,0.396,0.426,0.348,0.352,86.8,39.1,5.4,33.7,93.54677337,17.4
"Severino, Luis",622663,2017,782,720,230,29.4,6.5,0.208,0.338,0.266,0.604,0.13,0.274,0.215,0.339,0.263,0.271,0.274,0.124,0.336,0.348,0.305,0.318,87.2,29.7,3.2,33.5,93.196214467,28.1
"Adleman, Tim",534947,2017,531,469,108,20.3,9.6,0.264,0.531,0.342,0.873,0.267,0.283,0.243,0.46,0.365,0.337,0.326,0.216,0.422,0.382,0.34,0.317,87.7,35.0,7.1,32.7,93.238116761,24.6
"Mengden, Daniel",596043,2017,169,157,29,17.2,5.3,0.229,0.382,0.268,0.65,0.153,0.242,0.271,0.468,0.277,0.333,0.311,0.197,0.31,0.382,0.277,0.333,88.9,35.1,6.1,36.6,94.029484385,21.5
"Hoyt, James",624586,2017,211,195,66,31.3,6.6,0.262,0.431,0.318,0.749,0.169,0.361,0.245,0.395,0.321,0.303,0.303,0.149,0.439,0.412,0.395,0.373,89.3,31.8,7.8,37.5,93.949639764,36.0
"Osuna, Roberto",532077,2017,249,234,83,33.3,3.6,0.197,0.274,0.234,0.508,0.077,0.287,0.202,0.298,0.223,0.236,0.241,0.095,0.306,0.33,0.301,0.313,86.3,31.8,4.5,33.3,92.753622649,33.5
"Tepera, Ryan",572193,2017,319,278,81,25.4,9.7,0.205,0.331,0.302,0.633,0.126,0.262,0.216,0.346,0.277,0.289,0.312,0.13,0.316,0.335,0.288,0.304,85.3,31.7,5.0,30.8,93.025122092,28.9
"Gonzales, Marco",594835,2017,185,172,32,17.3,5.9,0.343,0.541,0.384,0.925,0.198,0.383,0.298,0.485,0.391,0.353,0.342,0.187,0.454,0.404,0.418,0.364,88.3,35.5,7.1,41.1,94.123180426,22.0
"Godley, Zack",643327,2017,627,561,165,26.3,8.5,0.221,0.364,0.293,0.657,0.143,0.285,0.23,0.368,0.285,0.294,0.303,0.138,0.346,0.361,0.312,0.327,88.0,28.7,3.5,38.7,93.824904742,31.4
"Hill, Rich",448179,2017,552,488,166,30.1,8.9,0.203,0.352,0.286,0.638,0.149,0.265,0.196,0.347,0.28,0.278,0.283,0.152,0.35,0.348,0.306,0.299,86.0,31.4,4.3,29.1,92.59006262,28.1
"Glasnow, Tyler",607192,2017,305,254,56,18.4,14.4,0.319,0.575,0.422,0.997,0.256,0.366,0.275,0.479,0.418,0.373,0.385,0.204,0.475,0.406,0.407,0.352,87.8,33.0,4.9,36.0,93.329833216,20.5
"Yacabonis, Jimmy",642231,2017,90,73,8,8.9,15.6,0.247,0.37,0.356,0.726,0.123,0.242,0.247,0.367,0.315,0.344,0.374,0.12,0.28,0.318,0.265,0.289,87.4,30.9,8.8,41.2,94.311851176,15.1
"Middleton, Keynan",641871,2017,246,226,63,25.6,7.3,0.265,0.473,0.317,0.79,0.208,0.318,0.241,0.448,0.331,0.315,0.297,0.207,0.422,0.399,0.364,0.334,88.1,43.6,4.2,37.0,93.620483152,35.2
"Estévez, Carlos",608032,2017,149,133,31,20.8,9.4,0.293,0.414,0.365,0.779,0.121,0.364,0.279,0.403,0.336,0.327,0.352,0.124,0.392,0.38,0.382,0.364,88.5,38.8,4.9,37.9,93.861339608,24.3
"Bush, Matt",456713,2017,240,216,58,24.2,7.9,0.264,0.417,0.333,0.75,0.153,0.329,0.241,0.386,0.325,0.305,0.312,0.146,0.389,0.36,0.358,0.327,85.5,34.0,3.1,27.0,92.313858481,25.2
"Law, Derek",571882,2017,168,148,35,20.8,8.3,0.304,0.473,0.367,0.84,0.169,0.364,0.26,0.449,0.355,0.328,0.328,0.189,0.422,0.384,0.391,0.335,88.4,39.3,6.8,36.8,93.397775043,25.3
"Barnes, Danny",592130,2017,265,240,62,23.4,9.1,0.2,0.371,0.275,0.646,0.171,0.222,0.198,0.349,0.279,0.271,0.274,0.151,0.321,0.309,0.27,0.267,88.3,30.9,5.6,31.5,92.884654011,25.3
"Syndergaard, Noah",592789,2017,124,118,34,27.4,2.4,0.246,0.305,0.268,0.573,0.059,0.341,0.243,0.341,0.246,0.262,0.268,0.097,0.328,0.353,0.341,0.342,86.7,32.6,2.3,31.8,93.248409048,29.6
"Cobb, Alex",502171,2017,742,689,128,17.3,5.9,0.254,0.405,0.304,0.709,0.151,0.283,0.269,0.432,0.304,0.324,0.319,0.163,0.34,0.366,0.311,0.331,88.2,31.6,5.9,35.1,93.570908318,16.9
"Davis, Wade",451584,2017,242,210,79,32.6,11.6,0.186,0.31,0.29,0.6,0.124,0.264,0.205,0.347,0.269,0.291,0.308,0.143,0.333,0.374,0.298,0.33,85.1,37.1,6.1,28.5,92.283204961,33.9
"Fiers, Mike",571666,2017,670,591,146,21.8,9.3,0.266,0.479,0.348,0.827,0.213,0.302,0.256,0.445,0.354,0.34,0.34,0.189,0.411,0.392,0.352,0.34,86.5,33.0,5.1,32.8,93.080269546,21.5
"Taillon, Jameson",592791,2017,587,525,125,21.3,7.8,0.29,0.44,0.349,0.789,0.15,0.359,0.255,0.382,0.337,0.305,0.318,0.127,0.4,0.354,0.376,0.333,86.3,33.0,5.6,31.2,92.8653836,20.3
"Hahn, Jesse",534910,2017,315,276,55,17.5,8.6,0.283,0.402,0.346,0.748,0.119,0.332,0.268,0.422,0.324,0.331,0.338,0.153,0.353,0.364,0.344,0.332,88.5,34.3,7.4,33.9,93.560752301,17.9
"Romero, Enny",544836,2017,245,217,65,26.5,9.4,0.253,0.406,0.331,0.737,0.153,0.327,0.234,0.411,0.316,0.313,0.316,0.176,0.391,0.387,0.357,0.334,88.4,34.4,5.2,34.7,93.371135867,27.6
"Hughes, Jared",453172,2017,244,212,48,19.7,9.8,0.231,0.396,0.326,0.722,0.165,0.281,0.247,0.396,0.308,0.317,0.34,0.149,0.338,0.352,0.299,0.319,86.5,28.9,4.2,36.7,93.695223476,26.9
"Torres, José",600526,2017,284,258,63,22.2,5.6,0.244,0.457,0.295,0.752,0.213,0.27,0.234,0.421,0.317,0.305,0.29,0.186,0.38,0.365,0.318,0.311,89.6,30.8,7.0,40.1,94.075067382,24.5
"Avilán, Luis",501593,2017,194,171,52,26.8,11.3,0.246,0.368,0.335,0.703,0.122,0.342,0.238,0.358,0.305,0.3,0.33,0.119,0.372,0.367,0.353,0.344,83.6,36.1,1.7,24.6,91.975254741,33.0
"Nolasco, Ricky",445060,2017,786,716,143,18.2,7.4,0.286,0.508,0.341,0.849,0.222,0.314,0.291,0.517,0.357,0.365,0.346,0.227,0.412,0.423,0.356,0.363,90.0,36.6,5.3,40.0,94.38914035,25.4
"Brady, Michael",572728,2017,136,122,24,17.6,4.4,0.27,0.557,0.326,0.883,0.287,0.28,0.261,0.489,0.36,0.337,0.32,0.228,0.416,0.385,0.33,0.322,88.9,32.7,7.9,29.7,93.29271134,20.5
"Chacín, Jhoulys",468504,2017,765,667,153,20.0,9.4,0.235,0.373,0.32,0.693,0.138,0.275,0.238,0.38,0.302,0.307,0.323,0.142,0.329,0.337,0.302,0.306,86.3,29.1,2.3,28.4,92.380081553,20.5
"Shreve, Chasen",592741,2017,198,171,58,29.3,12.6,0.205,0.409,0.303,0.712,0.204,0.252,0.194,0.357,0.301,0.28,0.294,0.162,0.378,0.343,0.304,0.289,88.0,30.4,7.0,40.0,93.936646348,33.8
"Leiter Jr., Mark",643410,2017,395,354,84,21.3,7.8,0.254,0.46,0.325,0.785,0.206,0.283,0.263,0.45,0.333,0.338,0.335,0.188,0.388,0.395,0.331,0.345,86.2,33.0,4.0,33.8,93.106691045,21.4
"Ray, Robbie",592662,2017,665,582,218,32.8,10.7,0.199,0.356,0.29,0.646,0.157,0.27,0.215,0.37,0.282,0.297,0.306,0.155,0.367,0.394,0.316,0.345,89.9,31.5,7.3,41.0,94.264737912,34.4
"McFarland, T.J.",519008,2017,241,217,29,12.0,7.1,0.3,0.406,0.351,0.757,0.106,0.326,0.264,0.371,0.319,0.295,0.321,0.107,0.342,0.312,0.34,0.302,86.9,25.4,4.7,31.1,93.294337819,15.4
"Pagán, Emilio",641941,2017,196,184,56,28.6,4.1,0.212,0.364,0.246,0.61,0.152,0.26,0.192,0.319,0.26,0.239,0.231,0.127,0.341,0.311,0.3,0.277,89.0,29.8,3.1,30.5,93.318347462,27.6
"Moore, Matt",519043,2017,790,706,148,18.7,8.5,0.283,0.486,0.349,0.835,0.203,0.323,0.275,0.508,0.354,0.361,0.343,0.234,0.404,0.414,0.356,0.347,89.6,36.4,7.2,40.3,94.293487491,19.8
"Cessa, Luis",570666,2017,160,140,30,18.8,10.6,0.257,0.479,0.35,0.829,0.222,0.282,0.268,0.499,0.355,0.368,0.36,0.231,0.389,0.408,0.327,0.341,87.1,40.0,4.5,33.6,93.258814,25.7
"Ureña, José",570632,2017,724,638,113,15.6,8.8,0.238,0.415,0.32,0.735,0.177,0.251,0.263,0.462,0.316,0.345,0.343,0.199,0.33,0.369,0.288,0.319,86.4,34.3,4.5,30.9,92.867668147,19.9
"Hendricks, Kyle",543294,2017,570,521,123,21.6,7.0,0.242,0.372,0.298,0.67,0.13,0.285,0.251,0.39,0.291,0.303,0.307,0.139,0.339,0.357,0.316,0.329,85.0,32.6,4.4,29.3,92.625822468,21.1
"Montas, Frankie",593423,2017,152,129,36,23.7,13.2,0.302,0.566,0.408,0.974,0.264,0.349,0.265,0.525,0.412,0.386,0.378,0.26,0.502,0.46,0.419,0.37,88.4,39.8,6.5,37.0,93.795629451,27.5
"Anderson, Brett",474463,2017,251,227,38,15.1,8.4,0.322,0.498,0.375,0.873,0.176,0.364,0.316,0.502,0.37,0.375,0.374,0.186,0.408,0.415,0.38,0.38,89.5,39.6,9.4,44.3,94.534388095,20.4
"Warren, Adam",476589,2017,223,202,54,24.2,6.7,0.173,0.262,0.229,0.491,0.089,0.208,0.22,0.351,0.212,0.272,0.277,0.131,0.243,0.331,0.229,0.299,85.9,34.6,7.2,24.8,92.138299272,23.3
"Bolsinger, Mike",502211,2017,196,161,39,19.9,13.8,0.298,0.534,0.398,0.932,0.236,0.331,0.26,0.463,0.392,0.363,0.372,0.203,0.44,0.395,0.378,0.337,88.3,26.0,3.9,40.2,94.354171496,20.4
"Abad, Fernando",472551,2017,182,165,37,20.3,7.7,0.242,0.37,0.302,0.672,0.128,0.286,0.226,0.345,0.29,0.284,0.296,0.119,0.328,0.321,0.308,0.299,87.1,31.5,5.4,25.4,92.540757287,18.2
"Quintana, Jose",500779,2017,790,715,207,26.2,7.7,0.238,0.396,0.305,0.701,0.158,0.301,0.244,0.402,0.301,0.309,0.312,0.159,0.372,0.384,0.333,0.343,87.5,36.3,8.0,35.5,93.267433228,21.4
"Norris, Bud",502032,2017,267,237,74,27.7,10.1,0.236,0.371,0.322,0.693,0.135,0.31,0.232,0.361,0.301,0.298,0.319,0.128,0.373,0.367,0.344,0.339,88.7,34.4,2.5,33.7,93.587145123,30.0
"Pérez, Oliver",424144,2017,143,126,39,27.3,8.4,0.254,0.437,0.336,0.773,0.183,0.333,0.227,0.406,0.327,0.311,0.315,0.179,0.412,0.387,0.364,0.33,86.6,39.8,6.8,29.9,92.716325287,25.0
"Lynn, Lance",458681,2017,776,676,153,19.7,10.1,0.223,0.395,0.312,0.707,0.172,0.248,0.234,0.398,0.305,0.315,0.324,0.164,0.331,0.347,0.287,0.305,86.6,32.3,4.9,27.5,92.614986169,22.7
"Archer, Chris",502042,2017,852,784,249,29.2,7.0,0.246,0.407,0.303,0.71,0.161,0.325,0.233,0.387,0.306,0.296,0.293,0.154,0.4,0.386,0.359,0.343,89.6,34.8,7.6,40.2,94.061407524,30.3
"Hoffman, Jeff",656546,2017,440,388,82,18.6,9.1,0.273,0.49,0.343,0.833,0.217,0.307,0.248,0.445,0.351,0.331,0.324,0.197,0.396,0.368,0.341,0.313,87.7,31.8,6.7,35.7,93.65910987,19.5
"Uehara, Koji",493157,2017,178,164,50,28.1,6.7,0.232,0.396,0.282,0.678,0.164,0.287,0.256,0.453,0.284,0.316,0.305,0.197,0.375,0.424,0.33,0.365,87.5,38.8,3.4,33.6,93.229486053,31.7
"Weaver, Jered",450308,2017,191,173,23,12.0,6.3,0.295,0.624,0.353,0.977,0.329,0.259,0.292,0.569,0.404,0.386,0.352,0.276,0.434,0.411,0.338,0.336,87.4,35.5,4.6,30.0,92.981207365,19.0
"Mitchell, Bryan",571951,2017,153,139,17,11.1,8.5,0.302,0.417,0.366,0.783,0.115,0.333,0.327,0.488,0.34,0.378,0.389,0.162,0.349,0.396,0.344,0.372,88.8,36.1,4.9,36.9,93.963918926,16.7
"Hellickson, Jeremy",476451,2017,695,628,96,13.8,6.8,0.255,0.497,0.312,0.809,0.242,0.248,0.277,0.488,0.338,0.35,0.335,0.212,0.363,0.379,0.297,0.326,87.8,35.3,7.7,34.7,93.326679048,18.1
"Morton, Charlie",450203,2017,617,549,163,26.4,8.1,0.228,0.386,0.306,0.692,0.158,0.297,0.228,0.357,0.301,0.294,0.308,0.128,0.363,0.353,0.322,0.325,85.4,32.6,4.1,29.8,92.67287439,26.1
"García, Jarlín",606424,2017,225,200,42,18.7,7.6,0.235,0.39,0.305,0.695,0.155,0.266,0.244,0.388,0.301,0.31,0.317,0.144,0.327,0.341,0.294,0.311,85.5,34.6,5.6,32.1,92.760872327,26.5
"Wilhelmsen, Tom",452666,2017,113,99,17,15.0,10.6,0.253,0.424,0.336,0.76,0.171,0.266,0.3,0.576,0.328,0.403,0.38,0.275,0.338,0.44,0.301,0.36,87.9,33.7,2.4,33.7,93.776889639,17.3
"Okert, Steven",595345,2017,118,99,22,18.6,9.3,0.242,0.424,0.33,0.754,0.182,0.276,0.256,0.46,0.318,0.342,0.345,0.205,0.348,0.384,0.304,0.325,89.3,43.9,4.9,32.1,93.157015897,22.0
"Mejía, Adalberto",606167,2017,443,391,85,19.2,9.9,0.281,0.463,0.359,0.822,0.182,0.328,0.27,0.453,0.349,0.345,0.352,0.182,0.395,0.39,0.356,0.345,87.9,38.2,5.5,32.9,93.518667591,23.6
"Yates, Kirby",489446,2017,231,209,88,38.1,8.2,0.211,0.416,0.281,0.697,0.205,0.291,0.183,0.38,0.295,0.271,0.257,0.197,0.445,0.402,0.361,0.314,87.2,37.7,4.9,36.1,93.412872975,36.4
"Price, David",456034,2017,317,287,76,24.0,7.6,0.226,0.359,0.293,0.652,0.133,0.278,0.23,0.398,0.285,0.302,0.297,0.168,0.332,0.359,0.305,0.311,86.3,33.8,4.7,32.1,92.972706557,26.1
"Overton, Dillon",592614,2017,103,96,11,10.7,3.9,0.313,0.573,0.34,0.913,0.26,0.296,0.359,0.681,0.371,0.437,0.384,0.322,0.407,0.483,0.345,0.397,91.0,37.9,4.6,40.2,94.649075116,19.3
"Garrett, Amir",607237,2017,321,275,63,19.6,12.5,0.269,0.575,0.362,0.937,0.306,0.266,0.27,0.484,0.388,0.365,0.366,0.214,0.444,0.411,0.344,0.349,89.8,29.2,8.3,40.3,94.375274717,20.0
"Rzepczynski, Marc",519240,2017,136,115,25,18.4,14.7,0.252,0.339,0.368,0.707,0.087,0.307,0.22,0.308,0.307,0.284,0.34,0.088,0.323,0.289,0.322,0.281,87.3,16.7,0.0,35.6,93.467002778,26.2
"Wojciechowski, Asher",592879,2017,278,247,64,23.0,6.8,0.287,0.551,0.348,0.899,0.264,0.333,0.24,0.447,0.374,0.32,0.306,0.207,0.464,0.385,0.384,0.322,88.3,32.1,6.8,32.8,93.119363333,22.8
"Kennedy, Ian",453178,2017,655,582,131,20.0,9.3,0.246,0.485,0.32,0.805,0.239,0.258,0.263,0.514,0.338,0.359,0.337,0.251,0.385,0.416,0.313,0.337,89.5,35.4,6.3,35.8,93.946074244,22.6
"Busenitz, Alan",641427,2017,121,107,23,19.0,7.4,0.206,0.355,0.256,0.611,0.149,0.212,0.23,0.385,0.259,0.295,0.288,0.155,0.282,0.331,0.247,0.29,88.8,32.6,4.5,39.3,93.958580114,17.1
"Kela, Keone",605309,2017,151,133,51,33.8,11.3,0.135,0.241,0.238,0.479,0.106,0.179,0.166,0.319,0.218,0.259,0.265,0.153,0.255,0.33,0.22,0.269,86.2,31.7,8.5,26.8,92.272481951,28.7
"Cishek, Steve",518553,2017,174,156,41,23.6,8.0,0.167,0.244,0.247,0.491,0.077,0.204,0.21,0.324,0.222,0.273,0.289,0.114,0.234,0.312,0.224,0.288,84.0,28.4,4.3,20.7,91.741054298,26.0
"Paxton, James",572020,2017,552,506,156,28.3,6.7,0.223,0.324,0.278,0.602,0.101,0.301,0.213,0.306,0.263,0.256,0.271,0.093,0.331,0.32,0.318,0.308,87.2,31.7,5.1,31.3,93.088450427,28.2
"Kelley, Shawn",518875,2017,121,109,25,20.7,9.1,0.266,0.624,0.339,0.963,0.358,0.236,0.268,0.601,0.395,0.389,0.342,0.334,0.473,0.468,0.345,0.35,91.4,38.1,3.6,40.7,94.386589012,29.3
"Velasquez, Vince",592826,2017,315,274,68,21.6,10.8,0.27,0.496,0.355,0.851,0.226,0.306,0.273,0.483,0.36,0.361,0.358,0.211,0.42,0.422,0.356,0.361,89.4,35.7,8.1,41.1,94.715592282,20.7
"Breslow, Craig",444520,2017,159,138,23,14.5,8.8,0.297,0.464,0.361,0.825,0.167,0.322,0.303,0.526,0.346,0.379,0.373,0.224,0.372,0.415,0.345,0.361,89.9,37.5,10.0,38.3,94.305847712,14.0
"Castro, Simon",501563,2017,153,136,35,22.9,9.2,0.235,0.449,0.314,0.763,0.214,0.263,0.262,0.489,0.325,0.355,0.34,0.227,0.379,0.423,0.314,0.353,91.0,35.3,6.9,41.2,94.695119406,18.0
"Meyer, Alex",543542,2017,292,244,75,25.7,14.4,0.197,0.324,0.323,0.647,0.127,0.256,0.226,0.349,0.293,0.318,0.349,0.123,0.314,0.356,0.282,0.327,86.9,34.5,6.4,30.0,93.099533491,27.9
"Morrow, Brandon",453344,2017,170,160,50,29.4,5.3,0.194,0.212,0.241,0.453,0.018,0.282,0.206,0.294,0.204,0.239,0.253,0.088,0.257,0.311,0.282,0.3,87.4,24.5,3.6,34.5,93.096936667,30.5
"Díaz, Edwin",621242,2017,278,240,89,32.0,11.5,0.183,0.333,0.285,0.618,0.15,0.238,0.171,0.284,0.272,0.251,0.275,0.113,0.338,0.302,0.288,0.27,87.3,27.3,6.5,34.4,92.972753444,34.5
"Corbin, Patrick",571578,2017,826,753,178,21.5,7.4,0.276,0.461,0.331,0.792,0.185,0.329,0.263,0.427,0.333,0.32,0.321,0.163,0.401,0.382,0.359,0.344,87.9,30.1,3.1,35.6,93.879800506,25.6
"Gossett, Daniel",605254,2017,414,379,72,17.4,7.5,0.306,0.549,0.357,0.906,0.243,0.33,0.311,0.537,0.38,0.382,0.363,0.227,0.437,0.441,0.375,0.385,88.1,38.3,6.4,31.5,93.566773849,21.2
"Brebbia, John",605154,2017,209,192,51,24.4,5.3,0.193,0.385,0.255,0.64,0.192,0.218,0.232,0.405,0.268,0.296,0.292,0.172,0.325,0.366,0.262,0.318,87.9,44.4,5.6,33.6,92.731857007,27.2
"Dunn, Mike",445197,2017,220,189,57,25.9,12.7,0.228,0.407,0.323,0.73,0.179,0.276,0.216,0.356,0.316,0.296,0.313,0.14,0.371,0.339,0.319,0.302,86.6,34.1,5.9,28.1,92.628673955,26.4
"Vincent, Nick",543883,2017,262,241,50,19.1,5.0,0.257,0.353,0.291,0.644,0.096,0.307,0.242,0.396,0.27,0.285,0.281,0.154,0.321,0.342,0.318,0.306,85.7,40.2,6.5,26.6,92.421143958,19.8
"Cueto, Johnny",456501,2017,648,577,136,21.0,8.2,0.277,0.47,0.345,0.815,0.193,0.327,0.281,0.476,0.347,0.354,0.35,0.195,0.406,0.418,0.36,0.368,88.2,39.7,5.8,33.6,93.393625241,23.2
"Stripling, Ross",548389,2017,304,280,74,24.3,6.3,0.246,0.4,0.291,0.691,0.154,0.296,0.236,0.373,0.29,0.278,0.282,0.138,0.364,0.347,0.33,0.317,86.4,30.8,2.8,28.1,92.767774029,25.6
"Smith, Joe",501925,2017,214,201,71,33.2,4.7,0.229,0.333,0.268,0.601,0.104,0.331,0.215,0.321,0.259,0.249,0.254,0.106,0.366,0.35,0.351,0.33,85.8,28.8,3.0,31.8,92.942522519,25.4
"Rusin, Chris",543734,2017,340,313,71,20.9,5.6,0.24,0.358,0.287,0.645,0.118,0.28,0.234,0.362,0.278,0.281,0.284,0.127,0.323,0.327,0.306,0.302,85.7,27.1,2.8,27.5,92.495969793,26.6
"Manaea, Sean",640455,2017,691,623,140,20.3,8.0,0.268,0.427,0.336,0.763,0.159,0.319,0.263,0.426,0.329,0.328,0.332,0.163,0.375,0.375,0.344,0.339,89.4,32.3,5.1,41.2,94.169367089,25.4
"Anderson, Tyler",542881,2017,362,327,81,22.4,7.2,0.269,0.495,0.325,0.82,0.226,0.31,0.24,0.422,0.346,0.314,0.302,0.182,0.419,0.374,0.355,0.321,85.7,33.6,4.7,30.2,93.075411189,24.9
"Motte, Jason",435400,2017,166,141,27,16.3,12.0,0.199,0.383,0.307,0.69,0.184,0.2,0.248,0.442,0.299,0.341,0.35,0.195,0.293,0.353,0.241,0.302,85.5,29.3,3.4,26.7,92.491120351,18.9
"Hembree, Heath",592390,2017,271,249,70,25.8,6.6,0.289,0.466,0.337,0.803,0.177,0.363,0.255,0.455,0.342,0.325,0.308,0.2,0.437,0.415,0.398,0.355,88.1,34.6,6.6,36.0,93.491068068,29.9
"Lively, Ben",594902,2017,372,335,52,14.0,6.5,0.269,0.484,0.33,0.814,0.215,0.282,0.253,0.447,0.343,0.329,0.318,0.194,0.367,0.348,0.315,0.299,85.4,32.6,8.0,27.5,92.45750883,17.6
"Flaherty, Jack",656427,2017,94,81,20,21.3,10.6,0.284,0.481,0.362,0.843,0.197,0.322,0.253,0.435,0.354,0.334,0.339,0.182,0.412,0.383,0.365,0.331,84.3,41.3,3.2,22.6,92.191929677,29.5
"Treinen, Blake",595014,2017,325,292,74,22.8,7.7,0.274,0.397,0.338,0.735,0.123,0.344,0.253,0.373,0.317,0.303,0.321,0.12,0.376,0.356,0.362,0.337,86.8,28.5,5.0,35.3,93.598875525,28.2
"Locke, Jeff",502046,2017,152,135,26,17.1,9.9,0.311,0.489,0.375,0.864,0.178,0.355,0.284,0.469,0.36,0.352,0.356,0.185,0.409,0.398,0.378,0.352,88.9,34.2,4.5,32.4,93.498278829,18.4
"Quackenbush, Kevin",534812,2017,125,107,23,18.4,12.8,0.299,0.477,0.392,0.869,0.178,0.338,0.24,0.406,0.374,0.332,0.346,0.167,0.412,0.35,0.376,0.308,89.0,32.9,5.9,29.4,93.045977439,19.8
"Bradley, Archie",605151,2017,290,266,79,27.2,7.2,0.207,0.301,0.266,0.567,0.094,0.277,0.23,0.354,0.248,0.278,0.288,0.124,0.304,0.352,0.293,0.327,88.3,31.2,4.2,36.5,93.489007676,23.3
"Crick, Kyle",605195,2017,134,115,28,20.9,12.7,0.191,0.296,0.301,0.597,0.105,0.235,0.192,0.299,0.268,0.272,0.301,0.107,0.271,0.276,0.253,0.254,83.9,27.3,4.5,20.5,91.437391724,24.9
"Hernández, Ariel",554374,2017,108,85,29,26.9,20.4,0.165,0.412,0.333,0.745,0.247,0.157,0.195,0.391,0.323,0.334,0.36,0.196,0.35,0.371,0.246,0.297,86.9,36.8,12.3,33.3,92.719623393,32.0
"Smith, Chris",434672,2017,250,224,31,12.4,8.8,0.268,0.554,0.332,0.886,0.286,0.244,0.305,0.601,0.366,0.403,0.367,0.295,0.387,0.434,0.306,0.351,88.6,35.7,5.1,36.2,94.075577268,20.9
"Wacha, Michael",608379,2017,701,636,158,22.5,7.8,0.267,0.409,0.327,0.736,0.142,0.329,0.249,0.391,0.316,0.305,0.311,0.141,0.377,0.361,0.353,0.331,87.2,32.4,3.9,30.1,92.900445085,23.0
"Lyons, Tyler",544928,2017,220,189,68,30.9,9.1,0.206,0.307,0.301,0.608,0.101,0.298,0.217,0.343,0.27,0.289,0.311,0.126,0.331,0.365,0.315,0.332,86.1,38.4,3.2,24.8,92.548103226,27.5
"Saupold, Warwick",599683,2017,280,240,44,15.7,11.1,0.267,0.417,0.362,0.779,0.15,0.291,0.258,0.435,0.334,0.34,0.358,0.177,0.35,0.358,0.323,0.317,87.6,35.2,5.5,31.2,93.273440355,18.3
"Doolittle, Sean",448281,2017,197,184,62,31.5,5.1,0.185,0.293,0.223,0.516,0.108,0.242,0.179,0.285,0.221,0.217,0.218,0.106,0.297,0.291,0.272,0.264,82.5,24.8,2.4,19.2,90.912125161,28.5
"Tazawa, Junichi",547749,2017,238,211,38,16.0,9.2,0.261,0.431,0.335,0.766,0.17,0.283,0.252,0.404,0.324,0.315,0.33,0.151,0.352,0.34,0.316,0.31,88.1,36.4,6.3,34.1,92.973326322,18.9
"Neverauskas, Dovydas",596720,2017,105,95,17,16.2,7.6,0.253,0.432,0.317,0.749,0.179,0.27,0.286,0.472,0.322,0.354,0.35,0.186,0.349,0.394,0.308,0.351,87.5,29.1,6.3,32.1,93.3029336,17.2
"Barbato, Johnny",592127,2017,130,110,23,17.7,13.8,0.227,0.409,0.346,0.755,0.182,0.253,0.251,0.424,0.331,0.349,0.367,0.173,0.335,0.361,0.287,0.318,86.9,28.7,9.2,33.3,93.229351494,24.0
"Robertson, David",502085,2017,264,237,98,37.1,8.7,0.148,0.257,0.231,0.488,0.109,0.216,0.173,0.286,0.212,0.237,0.256,0.113,0.287,0.335,0.25,0.298,87.3,29.3,6.4,32.1,92.910837174,38.0
"Bummer, Aaron",607481,2017,91,73,17,18.7,16.5,0.178,0.37,0.322,0.692,0.192,0.17,0.221,0.377,0.303,0.329,0.359,0.156,0.29,0.33,0.228,0.287,86.8,22.4,0.0,32.8,92.657629825,28.9
"Kontos, George",502004,2017,278,252,70,25.2,7.2,0.242,0.413,0.297,0.71,0.171,0.299,0.224,0.357,0.301,0.276,0.281,0.132,0.378,0.341,0.333,0.311,85.6,30.9,8.0,29.0,92.605364333,35.3
"Wilson, Justin",458677,2017,247,211,80,32.4,13.8,0.19,0.327,0.304,0.631,0.137,0.276,0.184,0.298,0.281,0.271,0.299,0.114,0.345,0.327,0.303,0.295,86.6,31.8,6.1,27.5,92.448643538,29.0
"Hoover, J.J.",543331,2017,197,170,54,27.4,13.2,0.276,0.471,0.376,0.847,0.195,0.367,0.248,0.408,0.363,0.331,0.351,0.161,0.458,0.404,0.405,0.363,88.2,38.8,6.9,34.5,93.144019828,32.4
"Rodney, Fernando",407845,2017,231,200,65,28.1,11.3,0.2,0.285,0.297,0.582,0.085,0.278,0.209,0.312,0.259,0.277,0.31,0.103,0.303,0.335,0.294,0.316,86.7,24.6,3.6,28.1,92.610899771,31.0
"Tonkin, Michael",543859,2017,97,83,24,24.7,12.4,0.265,0.542,0.361,0.903,0.277,0.296,0.229,0.441,0.379,0.341,0.34,0.212,0.461,0.401,0.367,0.333,88.2,33.3,0.0,35.0,93.688018644,27.6
"Strahm, Matt",621381,2017,154,127,37,24.0,14.3,0.236,0.417,0.362,0.779,0.181,0.286,0.206,0.362,0.338,0.309,0.337,0.156,0.386,0.337,0.333,0.291,86.4,30.4,7.6,31.5,92.833101124,25.3
"Siegrist, Kevin",543779,2017,172,148,43,25.0,12.8,0.264,0.446,0.36,0.806,0.182,0.337,0.25,0.392,0.344,0.323,0.349,0.142,0.414,0.381,0.368,0.349,87.3,37.7,4.7,30.2,92.724472264,26.4
"Krol, Ian",571871,2017,214,188,44,20.6,9.8,0.266,0.452,0.35,0.802,0.186,0.307,0.25,0.409,0.346,0.327,0.339,0.159,0.39,0.364,0.345,0.327,87.2,36.6,3.4,33.3,93.316909281,25.7
"Mariñez, Jhan",501697,2017,262,225,45,17.2,9.9,0.284,0.458,0.375,0.833,0.174,0.331,0.264,0.429,0.356,0.34,0.357,0.165,0.388,0.365,0.354,0.328,88.8,31.5,8.2,37.0,93.825711676,23.3
"Guerra, Javy",457915,2017,88,80,12,13.6,8.0,0.287,0.412,0.345,0.757,0.125,0.318,0.259,0.414,0.325,0.313,0.318,0.155,0.35,0.334,0.338,0.304,87.7,23.2,2.9,42.0,94.202050588,11.1
"Melancon, Mark",453343,2017,130,123,29,22.3,4.6,0.301,0.455,0.338,0.793,0.154,0.374,0.26,0.373,0.34,0.293,0.3,0.113,0.418,0.354,0.394,0.341,85.3,29.8,6.4,29.8,92.825547204,23.2
"Rodón, Carlos",607074,2017,297,260,76,25.6,10.4,0.246,0.438,0.331,0.769,0.192,0.299,0.244,0.403,0.331,0.32,0.329,0.159,0.4,0.382,0.344,0.342,89.4,33.7,4.8,41.7,94.39406629,25.4
"Jackson, Edwin",429719,2017,339,303,60,17.7,8.6,0.284,0.548,0.343,0.891,0.264,0.292,0.258,0.485,0.37,0.346,0.324,0.227,0.425,0.393,0.35,0.324,87.3,34.0,4.8,32.4,93.335201029,23.0
"Alvarado, José",621237,2017,123,111,29,23.6,7.3,0.216,0.297,0.273,0.57,0.081,0.28,0.199,0.325,0.248,0.254,0.26,0.126,0.292,0.301,0.289,0.27,86.1,31.8,8.2,30.6,93.361447683,25.2
"Buchter, Ryan",488748,2017,268,235,65,24.3,9.7,0.187,0.366,0.276,0.642,0.179,0.209,0.179,0.308,0.277,0.259,0.271,0.129,0.311,0.283,0.254,0.247,84.7,27.2,4.6,29.5,92.25942,23.9
"Shoemaker, Matt",533167,2017,326,291,69,21.2,8.6,0.251,0.464,0.324,0.788,0.213,0.279,0.242,0.469,0.336,0.339,0.319,0.226,0.388,0.393,0.327,0.32,89.2,36.2,8.0,34.4,93.604592896,25.2
"Peacock, Brad",502748,2017,546,485,161,29.5,10.4,0.206,0.322,0.294,0.616,0.116,0.287,0.195,0.313,0.274,0.268,0.284,0.118,0.333,0.322,0.309,0.292,85.7,31.1,4.3,28.3,92.30228,30.2
"Suárez, Albert",544150,2017,135,122,34,25.2,8.1,0.23,0.402,0.296,0.698,0.172,0.282,0.241,0.383,0.294,0.296,0.308,0.142,0.361,0.365,0.315,0.333,86.5,33.7,7.9,34.1,92.552835341,28.8
"Griffin, A.J.",456167,2017,338,300,61,18.0,8.3,0.253,0.527,0.325,0.852,0.274,0.251,0.233,0.462,0.356,0.329,0.31,0.229,0.397,0.361,0.313,0.291,86.8,32.9,3.7,31.7,92.784169212,20.1
"Vargas, Jason",450306,2017,756,685,134,17.7,7.7,0.264,0.442,0.324,0.766,0.178,0.291,0.256,0.435,0.326,0.325,0.318,0.179,0.364,0.362,0.325,0.318,87.1,33.8,7.2,32.7,92.888416733,23.6
"Paulino, David",600944,2017,127,120,34,26.8,5.5,0.3,0.575,0.339,0.914,0.275,0.359,0.263,0.515,0.381,0.347,0.304,0.252,0.507,0.458,0.419,0.37,90.5,40.7,3.5,42.4,94.312330357,25.6
"Ramírez, Neil",519166,2017,153,128,44,28.8,13.7,0.273,0.453,0.373,0.826,0.18,0.358,0.194,0.361,0.355,0.298,0.309,0.167,0.449,0.348,0.402,0.29,86.1,37.9,3.4,27.6,92.251320345,29.2
"McAllister, Zach",502083,2017,249,226,66,26.5,8.4,0.235,0.367,0.302,0.669,0.132,0.296,0.252,0.408,0.293,0.316,0.319,0.156,0.359,0.395,0.331,0.357,89.8,37.3,6.2,43.1,94.046305823,23.6
"Delgado, Randall",517414,2017,259,239,60,23.2,5.4,0.251,0.406,0.29,0.696,0.155,0.309,0.244,0.402,0.296,0.303,0.289,0.158,0.364,0.374,0.331,0.331,87.5,29.7,5.4,35.5,93.347877022,27.1
"Anderson, Chase",502624,2017,569,514,133,23.4,7.2,0.22,0.362,0.285,0.647,0.142,0.268,0.212,0.35,0.281,0.275,0.279,0.138,0.328,0.319,0.295,0.286,85.6,31.7,7.7,26.0,92.219573156,24.4
"Tuivailala, Sam",592815,2017,171,157,34,19.9,6.4,0.223,0.344,0.282,0.626,0.121,0.261,0.255,0.412,0.267,0.309,0.316,0.157,0.306,0.367,0.285,0.332,86.5,30.6,4.0,31.3,92.895427456,23.0
"Britton, Zack",502154,2017,161,141,29,18.0,11.2,0.277,0.333,0.356,0.689,0.056,0.339,0.245,0.314,0.307,0.292,0.331,0.069,0.328,0.306,0.345,0.309,87.2,20.2,3.5,39.5,93.742139735,28.1
"Lamet, Dinelson",659275,2017,485,419,139,28.7,11.1,0.21,0.401,0.306,0.707,0.191,0.262,0.203,0.385,0.304,0.301,0.305,0.182,0.373,0.371,0.309,0.307,87.8,33.2,5.2,36.0,93.442163569,28.9
"Chafin, Andrew",605177,2017,221,195,61,27.6,9.5,0.246,0.374,0.324,0.698,0.128,0.331,0.235,0.373,0.301,0.301,0.318,0.138,0.379,0.379,0.356,0.346,86.7,30.7,5.8,33.1,92.953821269,27.2
"Snell, Blake",605483,2017,547,482,119,21.8,10.8,0.234,0.39,0.317,0.707,0.156,0.281,0.232,0.384,0.308,0.306,0.316,0.152,0.347,0.345,0.31,0.308,86.4,30.4,6.3,30.0,92.782237011,26.4
"Harris, Will",501789,2017,177,170,52,29.4,4.0,0.218,0.365,0.249,0.614,0.147,0.27,0.21,0.336,0.262,0.25,0.242,0.126,0.352,0.336,0.314,0.305,85.7,26.3,4.2,30.8,92.631126174,29.4
"Cashner, Andrew",488768,2017,704,624,86,12.2,9.1,0.25,0.365,0.326,0.691,0.115,0.267,0.275,0.402,0.304,0.33,0.349,0.128,0.3,0.333,0.287,0.317,87.1,32.3,4.4,32.3,93.277513974,14.9
"Miller, Shelby",571946,2017,99,87,20,20.2,12.1,0.23,0.345,0.323,0.668,0.115,0.288,0.227,0.324,0.293,0.286,0.321,0.097,0.315,0.305,0.299,0.295,86.6,26.9,1.5,23.9,92.373081667,22.4
"Turner, Jacob",545363,2017,170,153,23,13.5,8.8,0.281,0.516,0.349,0.865,0.235,0.287,0.317,0.552,0.364,0.394,0.382,0.235,0.39,0.429,0.331,0.374,89.4,40.5,9.2,45.0,94.595190853,14.5
"Lyles, Jordan",543475,2017,324,295,55,17.0,6.8,0.325,0.569,0.379,0.948,0.244,0.356,0.286,0.483,0.398,0.352,0.344,0.196,0.458,0.397,0.398,0.352,87.3,35.8,7.4,37.3,93.549110126,21.8
"Devenski, Chris",606965,2017,316,287,100,31.6,8.2,0.174,0.341,0.247,0.588,0.167,0.22,0.184,0.337,0.251,0.257,0.257,0.153,0.326,0.337,0.266,0.283,86.3,28.7,6.4,26.1,92.375630166,36.2
"Ross, Joe",605452,2017,322,296,68,21.1,6.2,0.297,0.524,0.344,0.868,0.227,0.34,0.284,0.488,0.364,0.348,0.333,0.204,0.445,0.425,0.386,0.372,87.9,38.2,5.2,37.6,93.762784045,23.3
"Minaya, Juan",573668,2017,184,159,51,27.7,10.9,0.239,0.428,0.337,0.765,0.189,0.304,0.229,0.386,0.331,0.317,0.329,0.158,0.406,0.381,0.349,0.335,87.8,36.7,6.4,31.2,93.298504259,27.0
"Belisle, Matt",279571,2017,247,220,54,21.9,8.9,0.218,0.368,0.294,0.662,0.15,0.256,0.222,0.365,0.279,0.282,0.298,0.143,0.324,0.328,0.287,0.293,84.8,32.5,5.3,27.2,92.112496886,23.2
"Shipley, Braden",640463,2017,121,103,18,14.9,12.4,0.301,0.553,0.388,0.941,0.252,0.317,0.268,0.466,0.392,0.353,0.361,0.199,0.42,0.367,0.356,0.318,88.5,33.3,5.7,36.0,94.135308372,19.7
"Neris, Héctor",593576,2017,320,285,86,26.9,8.1,0.239,0.375,0.313,0.688,0.136,0.307,0.223,0.402,0.298,0.305,0.303,0.179,0.367,0.38,0.338,0.322,87.6,34.2,7.4,33.3,93.115880154,33.6
"Cole, Gerrit",543037,2017,849,784,196,23.1,6.5,0.254,0.434,0.306,0.74,0.18,0.301,0.256,0.427,0.315,0.317,0.309,0.171,0.383,0.386,0.338,0.343,86.3,34.0,4.0,34.4,93.325617774,21.9
"Arroyo, Bronson",276520,2017,322,294,45,14.0,5.9,0.32,0.653,0.363,1.016,0.333,0.311,0.29,0.54,0.417,0.368,0.337,0.25,0.47,0.41,0.375,0.343,88.6,37.9,4.7,29.8,93.214751755,17.3
"Givens, Mychal",571710,2017,315,285,88,27.9,7.9,0.2,0.34,0.276,0.616,0.14,0.251,0.217,0.374,0.27,0.29,0.292,0.157,0.328,0.361,0.289,0.316,86.7,33.0,5.6,32.3,93.236737487,27.1
"Ross, Tyson",475115,2017,238,193,36,15.1,15.5,0.275,0.451,0.405,0.856,0.176,0.305,0.274,0.46,0.375,0.38,0.406,0.186,0.372,0.381,0.335,0.337,86.1,30.4,3.2,29.7,92.774755,18.6
"Velázquez, Hector",584171,2017,96,89,19,19.8,7.3,0.236,0.416,0.292,0.708,0.18,0.258,0.247,0.437,0.303,0.314,0.302,0.19,0.346,0.362,0.3,0.314,87.1,41.4,5.7,31.4,92.620103143,17.2
"Strop, Pedro",467008,2017,250,218,65,26.0,10.4,0.206,0.321,0.298,0.619,0.115,0.273,0.191,0.3,0.275,0.266,0.288,0.108,0.315,0.301,0.292,0.275,85.9,25.0,4.5,27.1,92.494798533,36.0
"Pazos, James",572021,2017,240,206,65,27.1,10.0,0.248,0.388,0.335,0.723,0.14,0.319,0.213,0.308,0.316,0.283,0.309,0.095,0.381,0.327,0.352,0.309,87.2,32.2,5.5,34.5,93.094210486,27.4
"Pivetta, Nick",601713,2017,584,512,140,24.0,9.8,0.281,0.492,0.353,0.845,0.211,0.336,0.255,0.437,0.358,0.335,0.334,0.182,0.437,0.402,0.38,0.351,88.3,36.6,6.5,37.2,93.767580585,22.4
"Brault, Steven",643230,2017,162,143,23,14.2,8.6,0.287,0.434,0.356,0.79,0.147,0.322,0.273,0.425,0.339,0.336,0.348,0.152,0.36,0.356,0.339,0.328,86.4,29.3,3.3,32.8,92.901002881,18.8
"Cotton, Jharel",605194,2017,564,498,105,18.6,9.4,0.267,0.494,0.339,0.833,0.227,0.284,0.24,0.428,0.352,0.321,0.317,0.188,0.396,0.354,0.334,0.303,86.7,31.6,6.2,30.9,93.056835878,22.1
"McGowan, Dustin",430661,2017,331,294,64,19.3,8.5,0.262,0.456,0.327,0.783,0.194,0.291,0.269,0.475,0.328,0.346,0.339,0.206,0.379,0.405,0.33,0.347,88.1,30.0,7.2,38.4,93.994214892,24.3
"Holder, Jonathan",656547,2017,171,159,40,23.4,4.7,0.283,0.44,0.329,0.769,0.157,0.351,0.257,0.424,0.328,0.312,0.305,0.167,0.407,0.384,0.378,0.343,87.5,35.8,7.5,32.5,92.686243866,26.7
"Graveman, Kendall",608665,2017,444,407,70,15.8,7.2,0.28,0.442,0.338,0.78,0.162,0.313,0.281,0.468,0.334,0.346,0.339,0.187,0.366,0.381,0.337,0.339,89.2,31.1,6.8,39.3,94.341332827,17.2
"Cecil, Brett",446399,2017,277,256,66,23.8,5.8,0.262,0.414,0.3,0.714,0.152,0.319,0.229,0.356,0.299,0.27,0.275,0.126,0.374,0.336,0.344,0.31,87.2,32.8,7.7,28.9,92.778359022,27.9
"Pérez, Martín",527048,2017,811,735,115,14.2,7.8,0.301,0.453,0.359,0.812,0.152,0.33,0.296,0.469,0.349,0.356,0.357,0.173,0.376,0.385,0.355,0.352,87.1,35.7,5.7,32.4,93.105965654,17.9
"Blackburn, Paul",621112,2017,238,221,22,9.2,6.7,0.262,0.371,0.315,0.686,0.109,0.273,0.284,0.399,0.3,0.321,0.336,0.115,0.299,0.325,0.291,0.316,87.1,26.6,5.0,35.9,93.7045225,13.9
"Wright Jr., Mike",605541,2017,109,98,28,25.7,6.4,0.265,0.5,0.33,0.83,0.235,0.318,0.267,0.455,0.35,0.338,0.332,0.188,0.439,0.42,0.366,0.369,88.8,33.8,7.0,39.4,94.30430338,24.6
"Davies, Zach",605200,2017,817,741,124,15.2,6.7,0.275,0.424,0.331,0.755,0.149,0.306,0.286,0.429,0.323,0.336,0.344,0.143,0.351,0.367,0.328,0.345,86.2,34.0,4.8,31.1,92.787750866,18.3
"Feldman, Scott",444857,2017,472,424,93,19.7,7.4,0.274,0.483,0.337,0.82,0.209,0.305,0.277,0.46,0.347,0.344,0.342,0.183,0.404,0.4,0.349,0.356,85.8,37.6,3.8,27.9,92.601518092,20.5
"Harvey, Matt",518774,2017,431,373,67,15.5,10.9,0.295,0.509,0.381,0.89,0.214,0.31,0.278,0.492,0.377,0.369,0.369,0.215,0.408,0.397,0.357,0.34,87.4,33.8,5.8,34.4,93.499523846,18.5
"Wright, Steven",453214,2017,114,106,13,11.4,4.4,0.377,0.736,0.412,1.148,0.359,0.365,0.314,0.619,0.47,0.401,0.353,0.305,0.52,0.438,0.426,0.354,90.2,38.3,4.3,44.7,94.72437,14.8
"Barnes, Matt",598264,2017,287,254,83,28.9,9.8,0.224,0.354,0.301,0.655,0.13,0.299,0.21,0.322,0.287,0.276,0.293,0.112,0.356,0.338,0.328,0.315,86.3,30.3,4.6,29.1,92.597329598,30.4
"Claudio, Alex",592222,2017,323,302,56,17.3,4.6,0.235,0.318,0.273,0.591,0.083,0.27,0.239,0.321,0.253,0.26,0.279,0.082,0.286,0.297,0.285,0.293,85.6,25.2,4.8,29.3,92.519263429,21.4
"Jackson, Luke",592426,2017,224,198,33,14.7,8.5,0.278,0.409,0.35,0.759,0.131,0.313,0.286,0.471,0.324,0.354,0.362,0.186,0.345,0.386,0.329,0.345,89.2,33.3,4.8,41.5,94.289672866,22.0
"Hamels, Cole",430935,2017,614,548,105,17.1,8.6,0.228,0.385,0.308,0.693,0.157,0.251,0.25,0.427,0.301,0.327,0.328,0.176,0.316,0.351,0.281,0.309,87.9,32.1,5.8,36.0,93.468307727,21.5
"Tomlin, Josh",458708,2017,585,564,109,18.6,2.4,0.294,0.493,0.315,0.808,0.199,0.329,0.3,0.511,0.34,0.351,0.321,0.211,0.406,0.423,0.362,0.371,88.5,39.3,6.3,36.6,93.701737589,19.5
"Casilla, Santiago",433586,2017,259,224,57,22.0,8.5,0.259,0.424,0.333,0.757,0.165,0.303,0.241,0.392,0.324,0.31,0.32,0.151,0.371,0.352,0.335,0.316,89.0,31.0,4.6,35.6,93.816682151,26.9
"Scherzer, Max",453286,2017,779,709,268,34.4,6.9,0.178,0.319,0.246,0.565,0.141,0.248,0.177,0.305,0.247,0.243,0.246,0.128,0.332,0.327,0.285,0.285,86.5,31.4,6.1,29.5,92.471210917,32.2
"Gallegos, Giovanny",606149,2017,87,80,22,25.3,5.7,0.263,0.438,0.302,0.74,0.175,0.321,0.267,0.475,0.309,0.329,0.31,0.208,0.398,0.427,0.356,0.367,89.0,38.3,5.0,36.7,93.851165424,28.9
"Thompson, Jake",622097,2017,210,181,35,16.7,10.5,0.276,0.492,0.367,0.859,0.216,0.295,0.273,0.468,0.366,0.366,0.368,0.195,0.392,0.392,0.338,0.34,87.3,29.7,4.1,34.5,93.288574898,19.6
"Edgin, Josh",572831,2017,166,143,27,16.3,10.8,0.273,0.399,0.373,0.772,0.126,0.319,0.239,0.369,0.34,0.318,0.345,0.13,0.351,0.319,0.336,0.295,86.3,28.4,5.2,27.6,92.406718333,22.3
"O'Day, Darren",503285,2017,240,212,76,31.7,10.0,0.193,0.325,0.283,0.608,0.132,0.256,0.192,0.346,0.267,0.276,0.283,0.154,0.337,0.352,0.299,0.3,86.4,30.7,2.9,32.8,92.944113162,26.0
"Ramírez, JC",500724,2017,620,558,105,16.9,7.9,0.267,0.43,0.331,0.761,0.163,0.294,0.272,0.454,0.327,0.341,0.337,0.182,0.358,0.378,0.326,0.335,87.6,28.0,5.7,34.6,93.467056416,20.5
"López, Reynaldo",625643,2017,207,190,30,14.5,6.8,0.258,0.432,0.309,0.741,0.174,0.271,0.258,0.434,0.315,0.319,0.311,0.176,0.339,0.344,0.302,0.304,87.1,35.8,6.8,27.3,92.626830186,18.5
"Gohara, Luiz",627894,2017,123,113,31,25.2,6.5,0.283,0.469,0.331,0.8,0.186,0.375,0.225,0.398,0.34,0.289,0.276,0.173,0.434,0.358,0.39,0.31,89.9,36.9,6.0,41.7,93.905890366,27.0
"Johnson, Jim",462382,2017,256,227,61,23.8,9.8,0.26,0.405,0.332,0.737,0.145,0.317,0.255,0.405,0.315,0.315,0.329,0.15,0.377,0.378,0.349,0.345,87.7,32.5,6.5,31.5,93.053075663,24.5
"Duffey, Tyler",608648,2017,310,287,67,21.6,5.8,0.275,0.404,0.317,0.721,0.129,0.327,0.264,0.463,0.304,0.327,0.311,0.199,0.371,0.403,0.354,0.347,89.3,32.1,6.3,41.1,94.332208364,23.8
"Robles, Hansel",570663,2017,247,208,60,24.3,11.7,0.226,0.418,0.332,0.75,0.192,0.264,0.238,0.44,0.322,0.339,0.345,0.202,0.371,0.399,0.313,0.334,88.1,35.3,7.8,34.2,93.057854631,23.6
"Liriano, Francisco",434538,2017,439,377,85,19.4,12.1,0.279,0.454,0.371,0.825,0.175,0.331,0.258,0.409,0.354,0.339,0.357,0.151,0.393,0.37,0.356,0.335,87.8,33.3,5.4,34.5,93.376413643,24.7
"Paredes, Eduardo",622161,2017,92,81,17,18.5,6.5,0.259,0.395,0.33,0.725,0.136,0.302,0.244,0.378,0.311,0.301,0.319,0.133,0.345,0.33,0.323,0.307,87.6,31.8,4.5,39.4,93.688359688,20.0
"Dermody, Matt",571616,2017,95,87,15,15.8,5.3,0.264,0.506,0.316,0.822,0.242,0.254,0.23,0.428,0.341,0.301,0.286,0.198,0.381,0.33,0.315,0.276,85.6,38.4,6.8,24.7,91.914227534,25.2
"Martinez, Nick",607259,2017,478,445,67,14.0,5.9,0.279,0.515,0.324,0.839,0.236,0.278,0.279,0.493,0.352,0.348,0.325,0.214,0.388,0.383,0.327,0.329,87.1,35.7,5.2,30.4,92.951228797,15.6
"McCullers Jr., Lance",621121,2017,512,457,132,25.8,7.8,0.249,0.372,0.324,0.696,0.123,0.332,0.23,0.345,0.305,0.291,0.309,0.115,0.367,0.347,0.349,0.326,87.4,30.4,4.3,32.8,93.298067196,28.0
"Hader, Josh",623352,2017,188,160,68,36.2,11.7,0.156,0.281,0.273,0.554,0.125,0.236,0.158,0.265,0.251,0.249,0.276,0.107,0.314,0.312,0.269,0.275,86.1,25.5,5.3,25.5,92.319311,37.0
"Rodríguez, Francisco",408061,2017,118,106,23,19.5,9.3,0.292,0.642,0.364,1.006,0.35,0.297,0.245,0.524,0.413,0.354,0.323,0.279,0.49,0.407,0.373,0.314,88.1,32.5,7.2,34.1,93.70811939,24.7
"Altavilla, Dan",656186,2017,203,178,52,25.6,9.9,0.242,0.449,0.315,0.764,0.207,0.281,0.233,0.454,0.322,0.325,0.311,0.221,0.394,0.398,0.331,0.324,88.0,36.2,10.8,38.5,93.718740462,29.5
"Rogers, Taylor",573124,2017,237,211,49,20.7,8.9,0.246,0.37,0.323,0.693,0.124,0.295,0.278,0.452,0.297,0.341,0.352,0.174,0.34,0.403,0.321,0.362,87.8,36.6,3.7,35.4,93.619833188,20.8
"Karns, Nate",501992,2017,188,173,51,27.1,6.9,0.237,0.445,0.298,0.743,0.208,0.283,0.231,0.475,0.314,0.324,0.293,0.244,0.402,0.419,0.336,0.33,88.4,30.3,5.7,38.0,94.156001417,28.8
"Logan, Boone",457429,2017,91,80,28,30.8,9.9,0.25,0.35,0.333,0.683,0.1,0.36,0.227,0.33,0.305,0.29,0.313,0.103,0.393,0.367,0.385,0.349,85.5,37.7,1.9,24.5,91.950195385,38.9
"Perdomo, Luis",606131,2017,716,638,118,16.5,9.1,0.285,0.426,0.358,0.784,0.141,0.327,0.27,0.42,0.339,0.334,0.346,0.15,0.368,0.362,0.349,0.332,88.0,26.5,3.8,36.4,93.652672777,21.8
"Parker, Blake",453284,2017,254,232,86,33.9,6.3,0.172,0.302,0.225,0.527,0.13,0.231,0.199,0.355,0.228,0.263,0.251,0.156,0.307,0.364,0.267,0.311,87.4,33.1,5.3,33.8,93.085894832,31.8
"Greinke, Zack",425844,2017,801,749,215,26.8,5.6,0.23,0.387,0.272,0.659,0.157,0.287,0.224,0.395,0.282,0.287,0.27,0.171,0.36,0.369,0.32,0.317,87.4,31.6,6.1,30.9,93.147849508,29.0
"Wood, Alex",622072,2017,614,566,151,24.6,6.2,0.217,0.346,0.274,0.62,0.129,0.27,0.233,0.36,0.266,0.28,0.289,0.126,0.324,0.344,0.296,0.319,85.6,30.8,4.3,28.0,92.506155218,26.4
"Oberg, Scott",623184,2017,265,236,55,20.8,9.1,0.297,0.436,0.364,0.8,0.139,0.369,0.254,0.357,0.343,0.3,0.327,0.103,0.4,0.339,0.383,0.329,88.1,26.6,4.9,35.9,93.286517857,25.4
"Castillo, Luis",622491,2017,359,317,98,27.3,8.9,0.202,0.36,0.279,0.639,0.158,0.251,0.195,0.311,0.276,0.261,0.274,0.116,0.334,0.31,0.288,0.28,85.9,24.3,6.2,31.0,92.732280995,28.5
"Gearrin, Cory",518715,2017,285,240,64,22.5,12.3,0.208,0.321,0.324,0.645,0.113,0.264,0.213,0.309,0.286,0.286,0.329,0.096,0.301,0.3,0.281,0.288,86.8,28.5,4.5,34.1,92.915962881,28.4
"Pruitt, Austin",643493,2017,371,343,66,17.8,5.9,0.3,0.475,0.351,0.826,0.175,0.346,0.263,0.433,0.352,0.321,0.317,0.17,0.404,0.364,0.372,0.325,88.2,32.7,5.4,33.2,93.607763659,22.4
"Salazar, Danny",517593,2017,439,388,145,33.0,10.0,0.242,0.399,0.322,0.721,0.157,0.345,0.237,0.402,0.313,0.314,0.318,0.165,0.425,0.427,0.382,0.376,88.5,36.8,4.9,31.7,93.177938402,34.4
"Schugel, A.J.",519263,2017,136,120,27,19.9,10.3,0.258,0.392,0.333,0.725,0.134,0.308,0.234,0.392,0.31,0.306,0.317,0.158,0.35,0.346,0.33,0.306,88.8,30.5,5.3,38.7,93.751969783,19.3
"Dull, Ryan",623430,2017,177,157,45,25.4,9.0,0.236,0.408,0.316,0.724,0.172,0.283,0.223,0.378,0.312,0.299,0.307,0.155,0.374,0.356,0.327,0.312,86.7,31.0,3.5,33.0,93.129303455,29.2
"Kintzler, Brandon",445213,2017,288,266,39,13.5,5.6,0.248,0.342,0.296,0.638,0.094,0.272,0.251,0.387,0.276,0.298,0.302,0.136,0.292,0.319,0.288,0.296,85.6,31.3,3.9,27.8,92.55172469,13.4
"Madson, Ryan",425492,2017,219,203,67,30.6,4.1,0.187,0.256,0.235,0.491,0.069,0.267,0.215,0.305,0.214,0.246,0.261,0.089,0.28,0.33,0.277,0.319,84.9,28.1,4.3,28.8,92.809827956,28.9
"Berríos, José",621244,2017,616,548,139,22.6,7.8,0.239,0.38,0.313,0.693,0.141,0.291,0.231,0.386,0.302,0.305,0.309,0.155,0.346,0.35,0.317,0.311,86.0,32.5,7.2,29.1,92.601706577,23.3
"Bleier, Richard",542947,2017,265,241,26,9.8,4.9,0.257,0.369,0.302,0.671,0.112,0.263,0.254,0.367,0.286,0.287,0.3,0.113,0.293,0.294,0.283,0.281,87.4,18.0,4.1,35.9,93.591243009,18.3
"Garza, Matt",490063,2017,504,448,79,15.7,8.9,0.27,0.458,0.336,0.794,0.188,0.293,0.27,0.422,0.336,0.328,0.338,0.152,0.367,0.357,0.325,0.327,86.7,33.0,5.0,31.7,92.957984658,18.3
"Loup, Aaron",571901,2017,265,225,64,24.2,10.9,0.262,0.36,0.362,0.722,0.098,0.35,0.215,0.306,0.316,0.28,0.321,0.091,0.371,0.313,0.366,0.301,84.6,31.3,3.0,27.1,92.359508805,23.4
"Nicasio, Juan",504379,2017,290,267,72,24.8,6.9,0.217,0.333,0.277,0.61,0.116,0.279,0.23,0.348,0.265,0.278,0.29,0.118,0.318,0.339,0.297,0.318,87.4,32.1,5.6,33.9,93.175014921,23.7
"Lawrence, Casey",596271,2017,264,235,52,19.7,9.5,0.328,0.515,0.392,0.907,0.187,0.379,0.255,0.411,0.381,0.324,0.332,0.156,0.451,0.372,0.416,0.331,86.8,33.9,6.5,33.5,93.234944426,25.2
"Sabathia, CC",282332,2017,623,566,120,19.3,8.0,0.246,0.403,0.312,0.715,0.157,0.278,0.258,0.397,0.309,0.315,0.324,0.14,0.346,0.355,0.312,0.328,85.0,32.4,4.7,28.9,92.656570736,21.2
"Cahill, Trevor",502239,2017,381,331,87,22.8,11.8,0.275,0.483,0.367,0.85,0.208,0.329,0.236,0.394,0.364,0.32,0.333,0.158,0.43,0.361,0.373,0.32,86.4,29.7,4.9,29.0,92.910967603,27.6
"Stratton, Chris",608717,2017,256,222,51,19.9,10.9,0.266,0.392,0.346,0.738,0.126,0.32,0.264,0.397,0.323,0.33,0.349,0.133,0.355,0.366,0.339,0.343,86.3,41.5,4.5,30.1,92.865268497,22.0
"Wisler, Matt",605538,2017,153,133,22,14.4,8.5,0.323,0.586,0.384,0.97,0.263,0.349,0.285,0.552,0.402,0.381,0.357,0.267,0.441,0.414,0.377,0.341,88.7,41.4,11.2,40.9,94.347807143,21.2
"Ynoa, Michael",573589,2017,141,114,23,16.3,15.6,0.246,0.456,0.39,0.846,0.21,0.276,0.235,0.424,0.369,0.356,0.382,0.189,0.364,0.345,0.308,0.295,87.7,41.8,5.5,31.9,92.739313516,22.2
"Cingrani, Tony",571561,2017,176,162,52,29.5,6.8,0.247,0.488,0.303,0.791,0.241,0.3,0.196,0.346,0.333,0.263,0.256,0.15,0.448,0.336,0.364,0.29,88.3,29.7,4.5,28.8,93.020007523,31.0
"Wainwright, Adam",425794,2017,546,490,96,17.6,8.2,0.286,0.443,0.351,0.794,0.157,0.331,0.275,0.411,0.34,0.326,0.342,0.136,0.381,0.363,0.354,0.342,86.7,34.8,3.8,33.8,93.09279867,18.4
"Koehler, Tom",543408,2017,334,288,62,18.6,10.5,0.288,0.507,0.378,0.885,0.219,0.318,0.269,0.458,0.375,0.355,0.364,0.189,0.422,0.394,0.366,0.345,89.1,34.8,5.7,36.0,93.76232482,22.0
"Maurer, Brandon",543506,2017,267,245,59,22.1,7.1,0.298,0.49,0.348,0.838,0.192,0.361,0.271,0.465,0.352,0.334,0.324,0.194,0.43,0.405,0.388,0.354,87.4,37.2,6.4,31.6,92.972547258,22.5
"VerHagen, Drew",572403,2017,145,135,25,17.2,6.2,0.311,0.615,0.352,0.967,0.304,0.317,0.295,0.552,0.397,0.372,0.337,0.257,0.466,0.433,0.378,0.359,88.6,32.4,7.2,38.7,94.227267387,21.1
"Blevins, Jerry",460283,2017,217,188,69,31.8,11.1,0.229,0.324,0.327,0.651,0.095,0.336,0.187,0.264,0.29,0.253,0.291,0.077,0.369,0.303,0.358,0.294,82.8,26.7,2.5,18.5,91.305533448,32.6
"Stumpf, Daniel",621385,2017,160,139,33,20.6,9.4,0.266,0.424,0.338,0.762,0.158,0.305,0.231,0.382,0.324,0.308,0.315,0.15,0.367,0.345,0.336,0.303,85.7,29.1,2.7,25.5,92.252245943,18.8
"Scott, Robby",582494,2017,141,123,31,22.0,9.2,0.179,0.39,0.27,0.66,0.211,0.172,0.216,0.368,0.28,0.293,0.305,0.152,0.306,0.325,0.234,0.287,82.5,36.2,4.3,17.2,91.222765054,25.8
"Strasburg, Stephen",544931,2017,701,641,204,29.1,6.7,0.204,0.317,0.265,0.582,0.113,0.276,0.204,0.332,0.252,0.262,0.268,0.128,0.319,0.338,0.297,0.303,87.3,28.2,5.0,32.0,93.078753853,27.8
"Montgomery, Mike",543557,2017,540,470,100,18.5,10.2,0.219,0.321,0.31,0.631,0.102,0.257,0.237,0.352,0.28,0.3,0.327,0.114,0.29,0.318,0.277,0.301,86.0,30.5,4.5,28.5,92.587995745,20.5
"Hughes, Phil",461833,2017,244,228,38,15.6,5.3,0.316,0.553,0.354,0.907,0.237,0.335,0.292,0.541,0.378,0.363,0.332,0.249,0.433,0.414,0.377,0.349,90.8,41.1,8.3,37.0,94.294864084,15.3
"Smoker, Josh",519294,2017,267,227,68,25.5,12.0,0.282,0.485,0.374,0.859,0.203,0.355,0.24,0.414,0.358,0.322,0.341,0.173,0.45,0.393,0.395,0.341,86.9,34.1,5.5,30.5,92.758108261,30.6
"Flexen, Chris",623167,2017,233,193,36,15.5,15.0,0.321,0.554,0.427,0.981,0.233,0.345,0.27,0.446,0.416,0.368,0.388,0.176,0.445,0.375,0.39,0.332,86.3,35.0,5.6,31.3,92.990316795,19.7
"Edwards Jr., Carl",605218,2017,262,217,94,35.9,14.9,0.134,0.23,0.276,0.506,0.096,0.195,0.169,0.263,0.238,0.266,0.307,0.094,0.267,0.326,0.234,0.3,82.7,29.6,4.0,25.8,91.367096748,35.4
"Roark, Tanner",543699,2017,776,701,166,21.4,8.2,0.254,0.408,0.321,0.729,0.154,0.302,0.256,0.403,0.313,0.314,0.323,0.147,0.363,0.366,0.331,0.335,86.9,34.8,3.9,33.1,92.951654049,23.5
"Rodríguez, Joely",570257,2017,134,114,18,13.4,11.2,0.325,0.509,0.421,0.93,0.184,0.359,0.254,0.368,0.394,0.321,0.362,0.114,0.417,0.318,0.385,0.302,86.5,24.7,4.1,32.3,93.226457419,20.6
"O'Grady, Chris",622217,2017,145,123,30,20.7,12.4,0.268,0.455,0.364,0.819,0.187,0.322,0.267,0.48,0.35,0.36,0.363,0.213,0.396,0.411,0.351,0.349,88.1,38.5,6.3,34.4,93.210415213,22.3
"Brice, Austin",592169,2017,137,125,26,19.0,5.1,0.264,0.44,0.316,0.756,0.176,0.287,0.259,0.435,0.323,0.325,0.315,0.176,0.37,0.373,0.33,0.328,87.3,32.7,6.9,36.0,93.011791531,24.2
"Porcello, Rick",519144,2017,885,824,181,20.5,5.4,0.286,0.498,0.328,0.826,0.212,0.324,0.27,0.477,0.348,0.337,0.314,0.207,0.416,0.401,0.364,0.345,88.2,36.5,6.2,35.7,93.661091431,21.1
"Morin, Mike",573046,2017,93,84,16,17.2,5.4,0.345,0.536,0.38,0.916,0.191,0.388,0.249,0.389,0.381,0.301,0.302,0.14,0.446,0.342,0.414,0.312,87.4,29.6,5.6,33.8,93.412404559,26.7
"Stephenson, Robert",596112,2017,383,317,86,22.5,13.8,0.256,0.445,0.36,0.805,0.189,0.307,0.252,0.453,0.344,0.352,0.362,0.201,0.391,0.405,0.342,0.345,89.9,38.0,4.5,37.2,94.215702284,29.7
"Gsellman, Robert",607229,2017,549,493,82,14.9,7.7,0.28,0.462,0.345,0.807,0.182,0.306,0.279,0.442,0.344,0.34,0.346,0.163,0.372,0.367,0.334,0.335,86.3,33.8,4.6,32.5,93.337019231,17.0
"Watson, Tony",453265,2017,291,259,53,18.2,6.9,0.278,0.425,0.339,0.764,0.147,0.317,0.235,0.343,0.321,0.276,0.301,0.108,0.37,0.31,0.346,0.294,84.3,32.4,2.3,22.6,91.54294802,25.6
"Herrera, Kelvin",516969,2017,258,235,56,21.7,7.4,0.255,0.472,0.311,0.783,0.217,0.297,0.247,0.441,0.327,0.315,0.304,0.194,0.391,0.375,0.331,0.322,88.0,31.9,6.6,38.7,93.532531629,25.5
"Chavez, Jesse",445926,2017,586,537,119,20.3,7.7,0.276,0.493,0.333,0.826,0.217,0.306,0.276,0.501,0.348,0.353,0.335,0.225,0.41,0.418,0.352,0.355,88.9,38.3,7.6,40.8,94.233176178,20.8
"Colomé, Alex",517008,2017,281,246,58,20.6,8.2,0.232,0.337,0.299,0.636,0.105,0.279,0.214,0.341,0.268,0.271,0.289,0.127,0.306,0.31,0.294,0.28,87.9,24.9,5.6,35.0,93.000579531,26.0
"Nola, Aaron",605400,2017,693,640,184,26.6,7.1,0.241,0.383,0.297,0.68,0.142,0.311,0.223,0.36,0.293,0.278,0.281,0.136,0.368,0.346,0.338,0.314,85.7,33.4,4.4,31.0,92.633089342,26.6
"Storen, Drew",519322,2017,246,210,48,19.5,9.3,0.271,0.424,0.366,0.79,0.153,0.316,0.254,0.37,0.337,0.316,0.353,0.115,0.373,0.343,0.345,0.326,85.6,25.5,2.4,29.7,92.521284573,19.3
"Chen, Wei-Yin",612672,2017,132,121,25,18.9,6.8,0.207,0.347,0.265,0.612,0.14,0.234,0.224,0.353,0.265,0.278,0.283,0.129,0.289,0.307,0.258,0.282,86.7,30.9,4.1,28.9,92.616230753,19.4
"De Jong, Chase",608328,2017,125,110,13,10.4,10.4,0.282,0.482,0.355,0.837,0.2,0.28,0.27,0.469,0.356,0.348,0.344,0.199,0.359,0.349,0.316,0.303,88.1,29.3,9.1,33.3,93.350729184,13.7
"Grace, Matt",594840,2017,215,188,31,14.4,8.4,0.266,0.367,0.335,0.702,0.101,0.299,0.249,0.392,0.301,0.311,0.328,0.143,0.317,0.33,0.313,0.303,86.2,28.8,3.7,28.8,92.983515096,16.7
"Cain, Matt",430912,2017,567,507,75,13.2,8.6,0.31,0.477,0.369,0.846,0.167,0.331,0.296,0.488,0.358,0.361,0.36,0.192,0.384,0.389,0.358,0.347,88.5,34.9,5.4,36.6,93.554518462,12.6
"Stewart, Brock",592779,2017,147,124,29,19.7,12.9,0.226,0.347,0.331,0.678,0.121,0.261,0.199,0.291,0.297,0.272,0.313,0.092,0.313,0.275,0.292,0.263,83.2,28.6,3.1,22.4,91.895170737,24.1
"Dayton, Grant",594795,2017,102,86,20,19.6,11.8,0.221,0.442,0.307,0.749,0.221,0.219,0.204,0.388,0.312,0.295,0.299,0.184,0.342,0.318,0.275,0.263,89.3,22.9,5.7,34.3,93.75393209,23.2
"García, Luis",472610,2017,295,266,60,20.3,8.8,0.229,0.297,0.296,0.593,0.068,0.283,0.232,0.341,0.258,0.278,0.301,0.109,0.288,0.316,0.293,0.301,86.6,27.8,4.8,33.0,93.144435171,26.8
"Duensing, Brian",488846,2017,257,236,61,23.7,7.0,0.246,0.369,0.305,0.674,0.123,0.308,0.223,0.341,0.292,0.273,0.284,0.118,0.351,0.323,0.331,0.302,85.7,29.5,5.7,28.4,92.292723256,25.5
"De La Rosa, Jorge",407822,2017,219,192,45,20.5,9.6,0.24,0.396,0.323,0.719,0.156,0.277,0.229,0.366,0.306,0.294,0.315,0.137,0.346,0.33,0.311,0.3,86.1,23.3,5.3,29.5,92.516213517,30.7
"Verlander, Justin",434378,2017,849,768,219,25.8,8.5,0.221,0.37,0.29,0.66,0.149,0.272,0.24,0.42,0.285,0.315,0.31,0.18,0.344,0.39,0.307,0.337,87.6,37.4,5.8,35.6,93.56629623,23.6
"Walker, Taijuan",592836,2017,683,600,146,21.4,8.9,0.247,0.41,0.322,0.732,0.163,0.294,0.244,0.407,0.311,0.314,0.321,0.163,0.357,0.361,0.32,0.32,88.7,30.2,6.6,34.5,93.471695773,21.7
"Eickhoff, Jerad",595191,2017,576,506,118,20.5,9.2,0.281,0.445,0.349,0.794,0.164,0.331,0.264,0.448,0.338,0.337,0.338,0.184,0.389,0.389,0.358,0.341,89.0,33.8,6.5,34.6,93.661571564,21.7
"Romo, Sergio",489265,2017,224,203,59,26.3,8.5,0.207,0.384,0.277,0.661,0.177,0.243,0.217,0.388,0.281,0.29,0.288,0.171,0.344,0.36,0.29,0.307,85.7,36.6,6.9,26.8,92.499510709,34.4
"Morgan, Adam",605388,2017,229,211,63,27.5,7.9,0.242,0.436,0.301,0.737,0.194,0.297,0.24,0.391,0.311,0.297,0.3,0.151,0.403,0.382,0.345,0.343,86.8,35.1,3.4,28.6,92.711343082,33.8
"Dickey, R.A.",285079,2017,815,726,136,16.7,8.2,0.266,0.45,0.334,0.784,0.184,0.293,0.257,0.398,0.334,0.318,0.33,0.142,0.366,0.345,0.324,0.318,86.2,30.9,6.0,30.8,92.575979634,21.0
"Armstrong, Shawn",542888,2017,108,97,20,18.5,9.3,0.237,0.423,0.315,0.738,0.186,0.25,0.253,0.454,0.319,0.337,0.329,0.201,0.347,0.374,0.299,0.319,86.8,31.2,7.8,32.5,93.027819351,22.0
"Estrada, Marco",462136,2017,806,726,176,21.8,8.8,0.256,0.463,0.322,0.785,0.207,0.295,0.229,0.409,0.333,0.305,0.298,0.179,0.391,0.351,0.335,0.3,87.0,30.8,5.0,30.2,92.870869528,24.2
"Hendriks, Liam",521230,2017,273,249,78,28.6,8.4,0.229,0.369,0.293,0.662,0.14,0.303,0.223,0.403,0.288,0.298,0.288,0.18,0.364,0.38,0.331,0.323,88.9,34.9,8.1,38.4,93.650475556,27.4
"Peña, Félix",570240,2017,155,135,37,23.9,11.6,0.259,0.511,0.355,0.866,0.252,0.3,0.226,0.468,0.366,0.338,0.326,0.242,0.439,0.396,0.357,0.311,88.7,40.8,7.1,32.7,93.162736122,28.7
"deGrom, Jacob",594798,2017,827,758,239,28.9,7.1,0.237,0.389,0.292,0.681,0.152,0.306,0.218,0.349,0.291,0.273,0.277,0.13,0.381,0.353,0.344,0.32,86.3,32.1,3.8,28.8,92.71360176,29.3
"Ryu, Hyun Jin",547943,2017,541,487,116,21.4,8.3,0.263,0.462,0.33,0.792,0.199,0.303,0.259,0.437,0.336,0.328,0.328,0.178,0.396,0.386,0.344,0.341,87.5,36.2,5.3,31.6,93.150547842,26.1
"Kelly, Joe",523260,2017,238,208,52,21.8,11.3,0.202,0.279,0.294,0.573,0.077,0.252,0.242,0.356,0.259,0.305,0.331,0.115,0.27,0.338,0.266,0.322,89.1,32.3,4.4,36.7,94.041966899,24.7
"Gaviglio, Sam",543208,2017,313,281,49,15.7,8.3,0.27,0.512,0.337,0.849,0.242,0.275,0.284,0.495,0.356,0.361,0.351,0.212,0.39,0.397,0.325,0.343,88.2,32.8,5.1,38.3,93.947105281,17.6
"Kluber, Corey",446372,2017,777,732,265,34.1,4.6,0.193,0.321,0.235,0.556,0.128,0.268,0.205,0.325,0.24,0.248,0.247,0.12,0.337,0.352,0.301,0.322,85.3,33.8,4.9,29.2,92.579947586,33.6
"Hernández, Félix",433587,2017,368,333,78,21.2,7.1,0.258,0.468,0.322,0.79,0.21,0.289,0.272,0.511,0.337,0.36,0.336,0.239,0.394,0.428,0.336,0.355,87.1,37.7,5.8,33.9,93.608692913,21.8
"Heaney, Andrew",571760,2017,101,90,27,26.7,8.9,0.3,0.744,0.364,1.108,0.444,0.294,0.292,0.654,0.45,0.418,0.356,0.362,0.608,0.557,0.429,0.417,91.9,44.6,7.7,46.2,95.585301587,30.9
"Bradford, Chasen",607473,2017,143,129,27,18.9,9.1,0.233,0.357,0.301,0.658,0.124,0.27,0.239,0.371,0.285,0.295,0.308,0.132,0.312,0.326,0.291,0.301,86.6,27.2,2.9,30.1,92.545920882,25.9
"Barrett, Jake",545332,2017,121,104,26,21.5,12.4,0.26,0.5,0.347,0.847,0.24,0.274,0.275,0.522,0.351,0.367,0.362,0.247,0.41,0.434,0.338,0.36,87.8,43.8,5.0,36.3,93.850895375,27.4
"Goody, Nick",580792,2017,221,197,72,32.6,9.0,0.198,0.35,0.282,0.632,0.152,0.271,0.208,0.368,0.274,0.286,0.291,0.16,0.361,0.384,0.312,0.33,88.6,36.5,5.6,32.0,93.453532033,35.4
"McCarthy, Brandon",435221,2017,384,347,72,18.8,7.0,0.256,0.354,0.313,0.667,0.098,0.308,0.254,0.35,0.292,0.294,0.313,0.095,0.325,0.327,0.32,0.32,85.2,32.3,5.0,21.3,91.77660558,19.4
"Boshers, Buddy",542953,2017,153,138,28,18.3,6.5,0.268,0.478,0.322,0.8,0.21,0.286,0.272,0.473,0.335,0.342,0.328,0.201,0.384,0.393,0.33,0.338,87.3,32.7,7.1,33.6,93.519526216,24.2
"Odorizzi, Jake",543606,2017,603,531,127,21.1,10.1,0.22,0.437,0.3,0.737,0.217,0.228,0.24,0.444,0.313,0.326,0.318,0.205,0.352,0.372,0.285,0.311,87.9,35.4,5.3,35.7,93.299093621,25.2
"Scahill, Rob",543746,2017,97,82,10,10.3,10.3,0.256,0.427,0.351,0.778,0.171,0.254,0.298,0.505,0.321,0.371,0.388,0.207,0.318,0.38,0.284,0.333,91.0,23.0,6.8,40.5,94.507637703,14.8
"Holland, Greg",518813,2017,235,207,70,29.8,11.1,0.193,0.338,0.285,0.623,0.145,0.252,0.191,0.336,0.274,0.274,0.284,0.145,0.333,0.334,0.29,0.289,88.0,33.3,7.2,36.2,93.403930949,35.8
"Phelps, David",475479,2017,238,207,62,26.1,10.9,0.246,0.362,0.331,0.693,0.116,0.324,0.245,0.386,0.301,0.311,0.333,0.14,0.363,0.381,0.347,0.351,87.8,36.2,4.7,31.8,93.189839448,24.7
"Familia, Jeurys",544727,2017,111,91,25,22.5,13.5,0.231,0.297,0.339,0.636,0.066,0.299,0.243,0.318,0.279,0.294,0.351,0.076,0.303,0.326,0.309,0.327,84.0,28.6,1.4,28.6,92.597856324,24.6
"Moore, Andrew",621058,2017,243,230,31,12.8,3.3,0.261,0.5,0.284,0.784,0.239,0.243,0.301,0.526,0.325,0.361,0.326,0.225,0.358,0.402,0.296,0.347,90.5,34.0,6.9,41.6,94.280235124,17.4
"Pineda, Michael",501381,2017,410,383,92,22.4,5.1,0.269,0.462,0.307,0.769,0.193,0.302,0.257,0.427,0.325,0.312,0.298,0.171,0.398,0.38,0.349,0.336,87.4,31.2,4.7,33.3,93.218648483,26.4
"Stanek, Ryne",592773,2017,95,82,29,30.5,12.6,0.317,0.585,0.4,0.985,0.268,0.417,0.239,0.458,0.406,0.337,0.337,0.219,0.571,0.454,0.481,0.372,90.7,38.9,5.6,41.5,94.407709245,34.8
"Beck, Chris",571476,2017,294,252,42,14.3,11.6,0.29,0.548,0.379,0.927,0.258,0.289,0.285,0.514,0.386,0.377,0.376,0.229,0.412,0.399,0.343,0.339,88.8,35.0,7.5,36.2,93.706378585,18.2
"Williams, Trevor",592866,2017,642,568,117,18.2,8.1,0.255,0.389,0.325,0.714,0.134,0.297,0.254,0.396,0.309,0.316,0.328,0.142,0.34,0.35,0.319,0.322,86.3,33.7,4.1,29.4,92.737931314,19.3
"Butler, Eddie",572750,2017,237,205,30,12.7,11.8,0.244,0.376,0.339,0.715,0.132,0.267,0.289,0.476,0.312,0.366,0.378,0.187,0.304,0.376,0.284,0.337,87.0,35.6,8.5,32.8,93.49181237,17.5
"Gausman, Kevin",592332,2017,816,736,179,21.9,8.7,0.283,0.459,0.348,0.807,0.176,0.337,0.271,0.456,0.346,0.343,0.34,0.185,0.41,0.406,0.371,0.359,87.7,37.8,4.3,33.7,93.436369079,25.9
"Young, Chris",432934,2017,148,133,22,14.9,9.5,0.353,0.579,0.419,0.998,0.226,0.385,0.285,0.493,0.419,0.36,0.357,0.208,0.47,0.392,0.423,0.341,85.8,34.2,7.2,30.6,92.902791532,25.6
"Urías, Julio",628711,2017,102,85,11,10.8,13.7,0.271,0.388,0.38,0.768,0.117,0.301,0.283,0.403,0.338,0.351,0.391,0.121,0.321,0.338,0.311,0.325,85.5,35.5,5.3,23.7,92.23689125,22.2
"Freeland, Kyle",607536,2017,688,596,107,15.6,9.2,0.284,0.436,0.356,0.792,0.152,0.317,0.257,0.393,0.34,0.319,0.335,0.136,0.365,0.337,0.341,0.312,86.1,29.0,5.5,33.6,93.326657316,18.3
"Grilli, Jason",276351,2017,184,165,48,26.1,9.8,0.279,0.576,0.353,0.929,0.297,0.324,0.277,0.515,0.388,0.37,0.352,0.237,0.497,0.47,0.393,0.392,86.8,45.3,9.4,32.5,93.392277414,25.8
"Boyd, Matthew",571510,2017,605,540,110,18.2,8.8,0.291,0.472,0.354,0.826,0.181,0.333,0.262,0.445,0.35,0.333,0.331,0.182,0.397,0.374,0.36,0.329,86.6,34.4,6.4,30.3,93.145388075,22.6
"Fulmer, Michael",605242,2017,676,617,114,16.9,5.9,0.243,0.35,0.294,0.644,0.107,0.275,0.259,0.407,0.279,0.31,0.31,0.148,0.304,0.344,0.294,0.314,86.1,32.5,5.1,29.4,92.750320693,21.6
"Musgrove, Joe",605397,2017,461,422,98,21.3,6.1,0.277,0.472,0.327,0.799,0.195,0.321,0.256,0.432,0.338,0.319,0.309,0.176,0.406,0.379,0.359,0.334,86.7,36.3,5.7,32.7,93.285878704,25.7
"Nova, Iván",467100,2017,785,732,131,16.7,4.6,0.277,0.464,0.316,0.78,0.187,0.303,0.282,0.479,0.33,0.34,0.322,0.197,0.377,0.393,0.336,0.345,89.4,34.0,6.4,36.8,93.808280474,17.9
"Wheeler, Zack",554430,2017,386,342,81,21.0,10.4,0.284,0.465,0.363,0.828,0.181,0.332,0.259,0.439,0.355,0.337,0.341,0.181,0.411,0.385,0.37,0.338,87.6,36.6,3.1,35.9,93.666505136,22.2
"Jansen, Kenley",445276,2017,257,248,109,42.4,2.7,0.177,0.27,0.206,0.476,0.093,0.291,0.17,0.265,0.207,0.203,0.199,0.095,0.337,0.332,0.317,0.305,84.2,32.4,4.3,23.4,92.068579559,35.8
"Whitley, Chase",595032,2017,238,216,43,18.1,6.7,0.222,0.347,0.283,0.63,0.125,0.257,0.263,0.395,0.271,0.312,0.323,0.132,0.296,0.352,0.274,0.329,86.8,38.1,5.7,29.0,92.537357586,27.1
"Báez, Pedro",520980,2017,280,249,64,22.9,10.4,0.225,0.418,0.311,0.729,0.193,0.267,0.235,0.388,0.311,0.308,0.32,0.153,0.359,0.354,0.303,0.316,86.8,38.9,5.4,29.7,92.676653027,31.5
"Woodruff, Brandon",605540,2017,184,166,32,17.4,7.6,0.259,0.392,0.328,0.72,0.133,0.295,0.251,0.378,0.313,0.306,0.32,0.127,0.341,0.332,0.321,0.311,83.4,28.9,6.7,28.9,92.040421353,19.3
"Goeddel, Erik",592340,2017,122,109,33,27.0,9.0,0.257,0.55,0.322,0.872,0.293,0.29,0.219,0.44,0.362,0.313,0.291,0.221,0.47,0.394,0.364,0.314,89.4,32.1,11.5,40.3,94.456526842,32.7
"Boyer, Blaine",430641,2017,178,161,33,18.5,7.9,0.311,0.441,0.367,0.808,0.13,0.373,0.277,0.429,0.343,0.329,0.34,0.152,0.398,0.379,0.388,0.35,87.7,34.6,2.3,31.5,92.957897778,21.7
"Darvish, Yu",506433,2017,766,697,209,27.3,7.6,0.228,0.397,0.292,0.689,0.169,0.284,0.233,0.378,0.296,0.295,0.298,0.145,0.371,0.37,0.324,0.333,86.2,35.7,5.7,31.4,92.93961155,28.0
"Otero, Dan",519096,2017,242,231,38,15.7,3.7,0.273,0.394,0.299,0.693,0.121,0.303,0.299,0.404,0.29,0.31,0.325,0.105,0.337,0.361,0.325,0.357,86.2,30.8,1.0,35.9,93.425415833,15.2
"Ramos, AJ",573109,2017,258,220,72,27.9,13.2,0.223,0.364,0.331,0.695,0.141,0.296,0.21,0.364,0.307,0.304,0.321,0.154,0.364,0.36,0.329,0.312,85.8,32.7,5.3,26.2,92.065094041,31.7
"Greene, Shane",572888,2017,283,244,73,25.8,12.0,0.205,0.32,0.311,0.631,0.115,0.265,0.23,0.376,0.278,0.311,0.334,0.146,0.314,0.367,0.291,0.329,87.7,30.2,4.7,37.8,93.523865322,23.6
"Ellington, Brian",623395,2017,219,178,48,21.9,16.0,0.27,0.466,0.406,0.872,0.196,0.333,0.233,0.394,0.381,0.345,0.377,0.16,0.421,0.362,0.369,0.319,88.2,34.6,7.7,36.2,93.402516385,29.1
"Soria, Joakim",465657,2017,232,210,64,27.6,8.6,0.233,0.29,0.302,0.592,0.057,0.329,0.216,0.319,0.263,0.27,0.289,0.103,0.321,0.334,0.333,0.313,86.8,29.9,5.4,27.2,92.272267945,30.3
"Arrieta, Jake",453562,2017,707,637,163,23.1,7.8,0.235,0.411,0.305,0.716,0.176,0.279,0.239,0.395,0.306,0.304,0.308,0.156,0.36,0.357,0.314,0.319,87.4,31.3,5.4,33.3,93.043328674,21.3
"Asher, Alec",594742,2017,265,232,47,17.7,8.7,0.263,0.448,0.345,0.793,0.185,0.288,0.25,0.427,0.339,0.327,0.334,0.177,0.369,0.354,0.326,0.311,86.9,37.8,5.3,27.7,92.725268811,21.2
"Stammen, Craig",489334,2017,329,297,74,22.5,8.5,0.229,0.384,0.3,0.684,0.155,0.265,0.235,0.396,0.294,0.302,0.306,0.161,0.343,0.356,0.305,0.315,86.6,30.7,4.4,29.9,92.677444954,26.6
"Swarzak, Anthony",461872,2017,303,275,91,30.0,7.3,0.211,0.324,0.272,0.596,0.113,0.287,0.192,0.303,0.255,0.242,0.256,0.111,0.331,0.311,0.31,0.285,87.4,24.5,2.7,29.9,92.880965914,31.0
"Hernandez, David",456696,2017,214,201,52,24.3,4.2,0.239,0.338,0.272,0.61,0.099,0.299,0.228,0.383,0.264,0.276,0.263,0.155,0.327,0.344,0.318,0.304,88.8,29.6,4.6,37.5,93.890519868,26.4
"Holmberg, David",571787,2017,272,229,33,12.1,12.5,0.275,0.511,0.379,0.89,0.236,0.273,0.3,0.551,0.374,0.399,0.401,0.25,0.376,0.41,0.317,0.347,86.8,35.2,7.5,36.2,93.499773724,17.9
"Miranda, Aríel",664641,2017,678,600,137,20.2,9.3,0.233,0.473,0.308,0.781,0.24,0.237,0.241,0.463,0.329,0.334,0.317,0.222,0.372,0.38,0.297,0.31,87.9,32.8,6.6,34.0,93.380146228,26.0
"Sánchez, Aníbal",434671,2017,482,444,104,21.6,6.0,0.313,0.547,0.358,0.905,0.234,0.356,0.268,0.478,0.38,0.338,0.317,0.21,0.466,0.407,0.405,0.348,88.2,37.7,6.4,36.8,93.9304085,23.8
"Vázquez, Felipe",553878,2017,300,275,88,29.3,6.7,0.171,0.236,0.237,0.473,0.065,0.234,0.194,0.293,0.215,0.247,0.26,0.099,0.254,0.307,0.25,0.288,84.6,24.5,2.7,27.2,92.208140437,32.1
"Bonilla, Lisalverto",570810,2017,172,144,28,16.3,12.8,0.292,0.549,0.388,0.937,0.257,0.309,0.264,0.468,0.393,0.359,0.366,0.205,0.425,0.377,0.356,0.323,86.6,35.0,5.8,32.5,93.088867105,25.9
"Coulombe, Danny",543056,2017,219,192,39,17.8,10.0,0.24,0.385,0.329,0.714,0.145,0.28,0.258,0.399,0.311,0.327,0.346,0.141,0.327,0.35,0.299,0.324,89.2,28.6,2.6,34.4,93.559909216,23.1
"Gray, Jon",592351,2017,461,425,112,24.3,6.5,0.266,0.4,0.316,0.716,0.134,0.338,0.252,0.378,0.309,0.299,0.305,0.126,0.379,0.367,0.359,0.344,85.7,33.8,6.9,31.8,92.858966945,22.7
"Leclerc, José",600917,2017,200,157,60,30.0,20.0,0.146,0.255,0.33,0.585,0.109,0.204,0.142,0.237,0.279,0.274,0.329,0.095,0.272,0.261,0.237,0.232,85.0,24.7,7.2,30.2,91.792614632,38.6
"Iglesias, Raisel",628452,2017,306,276,92,30.1,8.8,0.207,0.297,0.279,0.576,0.09,0.289,0.207,0.312,0.256,0.262,0.279,0.105,0.319,0.33,0.308,0.309,86.1,34.4,4.8,26.9,92.064357946,30.5
"Shaw, Bryan",543766,2017,312,288,73,23.4,7.1,0.247,0.354,0.299,0.653,0.107,0.313,0.222,0.301,0.281,0.255,0.277,0.079,0.34,0.303,0.329,0.298,85.2,30.0,4.1,28.7,92.304538679,25.6
"Leake, Mike",502190,2017,782,724,130,16.6,4.7,0.278,0.424,0.318,0.742,0.146,0.312,0.273,0.432,0.316,0.319,0.315,0.159,0.358,0.362,0.335,0.331,87.6,30.9,5.9,36.4,93.662660188,18.5
"Jennings, Dan",543359,2017,266,233,51,19.2,11.7,0.227,0.348,0.32,0.668,0.121,0.257,0.242,0.366,0.286,0.31,0.337,0.124,0.31,0.344,0.29,0.315,85.1,26.2,3.3,31.1,93.031172135,20.9
"Rosenthal, Trevor",572096,2017,202,176,76,37.6,9.9,0.21,0.278,0.294,0.572,0.068,0.34,0.191,0.27,0.259,0.253,0.28,0.078,0.357,0.345,0.359,0.332,84.9,32.7,5.8,31.7,92.709414757,34.9
"Happ, J.A.",457918,2017,626,575,142,22.7,7.3,0.252,0.395,0.306,0.701,0.143,0.303,0.237,0.376,0.301,0.291,0.293,0.138,0.359,0.345,0.332,0.314,85.9,33.3,5.9,30.9,92.857653944,22.1
"Shields, James",448306,2017,516,459,103,20.0,10.3,0.253,0.49,0.334,0.824,0.237,0.271,0.265,0.487,0.348,0.354,0.345,0.222,0.397,0.407,0.326,0.342,87.7,35.6,6.4,37.6,93.567303853,24.7
"Guerra, Junior",448855,2018,610,542,136,22.3,9.0,0.264,0.434,0.334,0.768,0.17,0.317,0.241,0.394,0.333,0.312,0.315,0.153,0.391,0.362,0.349,0.321,89.0,32.3,8.4,38.8,94.105870936,24.7
"Cingrani, Tony",571561,2018,95,86,36,37.9,6.3,0.221,0.349,0.295,0.644,0.128,0.354,0.154,0.253,0.281,0.224,0.24,0.099,0.417,0.322,0.38,0.283,89.8,24.0,6.0,39.5,94.652707143,31.2
"Wright, Steven",453214,2018,223,195,42,18.8,11.7,0.21,0.333,0.309,0.642,0.123,0.243,0.225,0.367,0.287,0.308,0.323,0.143,0.295,0.325,0.268,0.287,86.8,27.5,3.3,26.8,92.572430067,22.8
"Pomeranz, Drew",519141,2018,344,293,66,19.2,12.8,0.297,0.502,0.392,0.894,0.205,0.344,0.272,0.469,0.384,0.368,0.373,0.197,0.431,0.408,0.378,0.35,90.2,41.3,7.0,35.7,93.957600437,17.9
"Liriano, Francisco",434538,2018,586,503,110,18.8,12.5,0.252,0.421,0.35,0.771,0.169,0.285,0.263,0.442,0.337,0.355,0.362,0.179,0.361,0.387,0.319,0.337,88.0,34.4,5.3,32.2,93.267754834,25.4
"Biddle, Jesse",592145,2018,266,229,67,25.2,11.7,0.218,0.336,0.318,0.654,0.118,0.28,0.244,0.366,0.287,0.312,0.341,0.123,0.332,0.373,0.307,0.344,88.2,29.7,2.4,33.3,93.22198679,25.6
"Severino, Luis",622663,2018,780,726,220,28.2,5.9,0.238,0.379,0.288,0.667,0.141,0.315,0.239,0.393,0.29,0.298,0.289,0.154,0.375,0.389,0.341,0.343,88.4,36.7,5.1,34.7,93.467707917,26.8
"Stewart, Kohl",640464,2018,159,138,24,15.1,11.3,0.246,0.326,0.346,0.672,0.08,0.292,0.254,0.363,0.305,0.325,0.353,0.109,0.298,0.326,0.298,0.308,88.7,32.5,3.5,41.2,94.007212632,17.9
"Lively, Ben",594902,2018,145,126,27,18.6,10.3,0.325,0.492,0.407,0.899,0.167,0.385,0.3,0.498,0.387,0.381,0.385,0.198,0.439,0.431,0.41,0.379,88.7,41.0,12.0,42.0,94.3362278,20.7
"Senzatela, Antonio",622608,2018,391,353,69,17.6,7.9,0.266,0.436,0.328,0.764,0.17,0.303,0.255,0.406,0.329,0.318,0.319,0.151,0.366,0.352,0.328,0.315,88.9,32.3,7.3,38.9,94.242618982,20.9
"Alcántara, Victor",622505,2018,119,112,21,17.6,5.0,0.223,0.42,0.261,0.681,0.197,0.23,0.244,0.392,0.29,0.294,0.28,0.149,0.33,0.335,0.272,0.297,87.0,29.3,3.3,38.0,93.509663804,20.9
"Treinen, Blake",595014,2018,314,291,100,31.8,6.7,0.158,0.199,0.217,0.416,0.041,0.233,0.197,0.269,0.187,0.233,0.254,0.072,0.235,0.309,0.241,0.301,87.0,32.3,4.2,28.3,92.862374468,35.9
"Betances, Dellin",476454,2018,272,237,115,42.3,9.6,0.186,0.3,0.279,0.579,0.114,0.319,0.167,0.253,0.259,0.237,0.262,0.086,0.398,0.35,0.358,0.322,85.8,35.7,4.8,27.8,92.290703902,37.5
"Chatwood, Tyler",543022,2018,486,375,85,17.5,19.5,0.245,0.371,0.403,0.774,0.126,0.291,0.254,0.395,0.351,0.367,0.413,0.14,0.335,0.361,0.313,0.327,88.8,30.1,4.3,33.1,93.322481345,21.9
"Holland, Derek",502706,2018,727,640,169,23.2,9.2,0.241,0.405,0.313,0.718,0.164,0.294,0.239,0.401,0.309,0.312,0.314,0.162,0.366,0.371,0.322,0.323,88.4,34.1,7.2,35.4,93.635942743,23.8
"Pressly, Ryan",519151,2018,292,264,101,34.6,7.5,0.216,0.322,0.282,0.604,0.106,0.321,0.178,0.284,0.267,0.243,0.252,0.106,0.368,0.331,0.345,0.294,88.2,28.3,7.2,38.4,94.039344241,36.9
"Bashlor, Tyler",641341,2018,135,119,25,18.5,8.9,0.218,0.42,0.306,0.726,0.202,0.227,0.205,0.408,0.317,0.309,0.296,0.203,0.34,0.329,0.277,0.261,88.7,32.6,10.5,35.8,93.551225326,24.5
"Price, David",456034,2018,722,657,177,24.5,6.9,0.23,0.399,0.293,0.692,0.169,0.275,0.239,0.409,0.3,0.313,0.303,0.169,0.361,0.38,0.312,0.327,88.7,33.2,6.4,35.7,93.851433472,22.9
"Anderson, Justin",605121,2018,240,196,67,27.9,16.7,0.214,0.276,0.358,0.634,0.062,0.31,0.189,0.258,0.295,0.281,0.339,0.069,0.322,0.296,0.326,0.288,88.0,24.0,1.6,35.7,93.198023281,37.0
"Castillo, José",620454,2018,150,135,52,34.7,8.0,0.17,0.267,0.253,0.52,0.097,0.25,0.167,0.26,0.234,0.233,0.251,0.093,0.303,0.302,0.277,0.273,87.4,27.7,1.2,30.1,92.687129756,33.7
"Martinez, Carlos",593372,2018,521,439,117,22.5,11.5,0.228,0.314,0.333,0.647,0.086,0.296,0.217,0.328,0.291,0.297,0.325,0.111,0.313,0.322,0.307,0.295,86.1,29.4,8.1,31.5,93.051969753,24.9
"Madson, Ryan",425492,2018,231,206,54,23.4,6.9,0.282,0.427,0.339,0.766,0.145,0.342,0.247,0.37,0.329,0.299,0.311,0.123,0.4,0.357,0.372,0.331,89.1,33.8,8.9,37.6,94.328431032,28.3
"Santos, Luis",608601,2018,91,78,24,26.4,11.0,0.333,0.615,0.407,1.022,0.282,0.423,0.274,0.447,0.423,0.344,0.356,0.173,0.556,0.429,0.464,0.382,87.9,48.2,8.9,35.7,93.332051964,33.7
"Warren, Adam",476589,2018,223,200,52,23.3,9.0,0.24,0.38,0.314,0.694,0.14,0.294,0.261,0.43,0.303,0.336,0.335,0.169,0.354,0.403,0.322,0.354,88.7,35.6,6.0,38.3,93.688255878,26.0
"Neverauskas, Dovydas",596720,2018,119,107,27,22.7,8.4,0.28,0.598,0.345,0.943,0.318,0.292,0.264,0.558,0.394,0.376,0.33,0.294,0.485,0.458,0.37,0.348,91.6,42.0,11.1,42.0,94.72189679,27.3
"Tuivailala, Sam",592815,2018,165,148,30,18.2,7.3,0.277,0.405,0.337,0.742,0.128,0.328,0.259,0.394,0.32,0.31,0.322,0.134,0.363,0.35,0.345,0.324,88.2,32.2,6.6,33.1,93.432240254,22.4
"Duffy, Danny",518633,2018,692,610,141,20.4,10.1,0.264,0.426,0.341,0.767,0.162,0.305,0.263,0.451,0.333,0.346,0.341,0.188,0.377,0.395,0.339,0.34,88.6,36.7,6.7,37.3,93.611657818,23.4
"Tanaka, Masahiro",547888,2018,635,588,159,25.0,5.5,0.24,0.422,0.29,0.712,0.182,0.286,0.242,0.408,0.307,0.305,0.292,0.166,0.382,0.38,0.327,0.331,88.9,31.8,6.7,38.1,93.874537271,29.4
"Blevins, Jerry",460283,2018,188,160,41,21.8,11.7,0.225,0.394,0.335,0.729,0.169,0.263,0.211,0.388,0.321,0.315,0.324,0.177,0.349,0.341,0.3,0.283,87.6,34.2,9.2,30.8,92.732885126,24.6
"Leiter Jr., Mark",643410,2018,123,107,22,17.9,9.8,0.327,0.589,0.398,0.987,0.262,0.35,0.292,0.515,0.409,0.375,0.371,0.223,0.476,0.431,0.402,0.364,89.0,33.3,6.9,39.1,94.181784819,22.9
"Oswalt, Corey",621261,2018,282,257,45,16.0,7.1,0.268,0.475,0.331,0.806,0.207,0.278,0.264,0.452,0.346,0.337,0.328,0.187,0.381,0.371,0.325,0.321,89.3,32.9,5.6,36.2,94.137277788,16.6
"Montgomery, Mike",543557,2018,534,481,86,16.1,7.3,0.272,0.391,0.333,0.724,0.119,0.311,0.273,0.405,0.315,0.324,0.335,0.133,0.342,0.356,0.328,0.33,87.9,31.1,7.7,38.7,93.572425064,21.6
"Maurer, Brandon",543506,2018,160,130,31,19.4,15.6,0.323,0.585,0.428,1.013,0.262,0.368,0.268,0.453,0.422,0.368,0.39,0.185,0.487,0.404,0.412,0.353,90.4,35.9,7.8,39.8,94.388202059,26.2
"Duffey, Tyler",608648,2018,107,100,19,17.8,3.7,0.26,0.54,0.29,0.83,0.28,0.26,0.29,0.563,0.345,0.384,0.325,0.273,0.403,0.455,0.313,0.359,90.6,41.0,9.6,48.8,95.475051852,23.2
"Moya, Gabriel",622382,2018,159,143,31,19.5,8.2,0.245,0.42,0.308,0.728,0.175,0.269,0.23,0.329,0.314,0.28,0.298,0.099,0.353,0.307,0.307,0.292,88.4,27.2,0.9,31.3,92.759485268,21.9
"Parker, Blake",453284,2018,276,253,70,25.4,6.9,0.249,0.443,0.308,0.751,0.194,0.297,0.248,0.451,0.322,0.326,0.307,0.203,0.402,0.409,0.342,0.342,90.6,37.0,6.5,40.2,94.262396011,24.9
"Peters, Dillon",596071,2018,129,111,17,13.2,11.6,0.306,0.477,0.391,0.868,0.171,0.33,0.289,0.453,0.376,0.363,0.376,0.164,0.39,0.373,0.358,0.338,93.4,34.4,6.3,47.9,95.537223617,17.8
"Manaea, Sean",640455,2018,654,608,108,16.5,4.9,0.232,0.385,0.278,0.663,0.153,0.249,0.262,0.452,0.287,0.329,0.308,0.19,0.317,0.372,0.281,0.319,89.5,31.6,6.3,39.7,94.008319048,20.2
"Lorenzen, Michael",547179,2018,344,302,54,15.7,9.9,0.258,0.371,0.336,0.707,0.113,0.294,0.256,0.378,0.31,0.319,0.337,0.122,0.324,0.336,0.311,0.312,87.3,34.0,4.0,33.2,93.017673077,16.9
"Taillon, Jameson",592791,2018,785,727,179,22.8,5.9,0.246,0.385,0.296,0.681,0.139,0.3,0.237,0.373,0.294,0.289,0.288,0.135,0.355,0.349,0.325,0.315,87.8,35.0,5.4,31.9,92.920155889,23.8
"Toussaint, Touki",657053,2018,123,99,32,26.0,17.1,0.182,0.283,0.336,0.619,0.101,0.258,0.215,0.328,0.288,0.319,0.365,0.112,0.292,0.349,0.269,0.32,85.5,33.8,4.4,31.3,92.855641364,27.3
"Alcantara, Sandy",645261,2018,146,117,30,20.5,15.8,0.214,0.359,0.347,0.706,0.145,0.256,0.215,0.327,0.317,0.31,0.348,0.113,0.319,0.307,0.281,0.283,88.3,23.1,7.7,31.9,93.132205909,27.0
"Butler, Eddie",572750,2018,228,202,29,12.7,8.3,0.292,0.5,0.352,0.852,0.208,0.289,0.277,0.446,0.361,0.345,0.342,0.169,0.383,0.362,0.333,0.32,89.2,29.2,4.5,36.5,93.29836767,15.1
"Bibens-Dirkx, Austin",502212,2018,203,182,33,16.3,6.9,0.308,0.533,0.373,0.906,0.225,0.336,0.279,0.444,0.388,0.347,0.347,0.165,0.434,0.379,0.376,0.34,90.3,41.7,7.3,41.1,94.240716779,22.2
"Familia, Jeurys",544727,2018,302,271,83,27.5,9.3,0.221,0.303,0.298,0.601,0.082,0.306,0.209,0.306,0.269,0.272,0.29,0.096,0.323,0.328,0.317,0.305,86.6,30.7,4.8,34.9,93.058107447,30.6
"Burnes, Corbin",669203,2018,152,136,35,23.0,7.2,0.199,0.324,0.272,0.596,0.125,0.235,0.24,0.386,0.259,0.302,0.309,0.147,0.296,0.36,0.265,0.321,88.4,34.0,3.9,31.1,93.368357451,32.3
"Trivino, Lou",642152,2018,299,264,82,27.4,10.4,0.201,0.314,0.289,0.603,0.113,0.257,0.226,0.349,0.266,0.291,0.311,0.123,0.317,0.358,0.29,0.326,86.3,34.8,3.8,30.4,92.674540714,29.8
"Straily, Dan",573185,2018,518,452,99,19.1,10.0,0.237,0.431,0.323,0.754,0.194,0.259,0.266,0.475,0.324,0.354,0.35,0.209,0.358,0.402,0.301,0.34,90.1,36.1,10.0,41.4,94.368145301,24.0
"Gsellman, Robert",607229,2018,345,304,70,20.3,8.1,0.25,0.382,0.319,0.701,0.132,0.294,0.229,0.357,0.3,0.291,0.306,0.129,0.343,0.33,0.318,0.299,88.3,30.2,6.2,34.6,93.47943983,22.2
"Báez, Pedro",520980,2018,237,209,62,26.2,9.7,0.22,0.354,0.298,0.652,0.134,0.29,0.206,0.318,0.283,0.269,0.288,0.112,0.341,0.321,0.309,0.293,86.0,32.5,4.0,25.0,92.124499301,30.9
"Neshek, Pat",450212,2018,101,94,15,14.9,5.0,0.245,0.383,0.28,0.663,0.138,0.269,0.222,0.367,0.281,0.268,0.259,0.145,0.313,0.298,0.287,0.261,85.8,30.9,6.2,28.4,91.867156835,22.6
"Colon, Bartolo",112526,2018,628,591,81,12.9,4.0,0.291,0.547,0.319,0.866,0.256,0.288,0.3,0.524,0.362,0.363,0.328,0.224,0.402,0.402,0.332,0.343,89.6,37.2,8.7,40.8,94.305538687,12.6
"Jiménez, Joe",641729,2018,266,239,78,29.3,8.3,0.222,0.351,0.293,0.644,0.129,0.304,0.205,0.356,0.279,0.278,0.279,0.151,0.357,0.355,0.325,0.303,88.2,35.0,9.2,38.7,93.596445828,30.5
"Fry, Jace",605240,2018,214,191,70,32.7,9.3,0.194,0.293,0.274,0.567,0.099,0.282,0.203,0.323,0.256,0.272,0.283,0.12,0.328,0.358,0.306,0.322,87.7,33.3,5.7,30.1,92.974618403,34.3
"Woodruff, Brandon",605540,2018,176,159,47,26.7,8.0,0.226,0.346,0.295,0.641,0.12,0.294,0.23,0.362,0.284,0.297,0.3,0.132,0.343,0.365,0.319,0.326,87.7,31.0,3.5,35.4,93.508702389,25.4
"Jackson, Edwin",429719,2018,381,339,68,17.8,9.7,0.221,0.386,0.301,0.687,0.165,0.242,0.26,0.449,0.3,0.345,0.338,0.189,0.32,0.383,0.276,0.328,87.6,34.3,5.8,33.6,93.358456766,20.6
"Castillo, Diego",650895,2018,222,202,65,29.3,8.1,0.178,0.302,0.252,0.554,0.124,0.229,0.202,0.362,0.248,0.282,0.274,0.16,0.3,0.355,0.263,0.298,88.3,30.7,8.0,36.5,93.649988978,31.4
"Brach, Brad",542960,2018,289,258,60,20.8,9.7,0.279,0.403,0.351,0.754,0.124,0.345,0.25,0.363,0.328,0.304,0.325,0.113,0.378,0.343,0.362,0.325,87.3,30.5,5.0,29.0,92.64838202,28.9
"Buchholz, Clay",453329,2018,393,363,81,20.6,5.6,0.22,0.353,0.268,0.621,0.133,0.256,0.248,0.401,0.269,0.303,0.295,0.154,0.309,0.357,0.28,0.317,88.4,35.0,5.6,36.7,93.344201348,21.5
"Faria, Jake",607188,2018,281,242,50,17.8,11.7,0.248,0.434,0.342,0.776,0.186,0.274,0.263,0.452,0.335,0.354,0.357,0.19,0.357,0.384,0.308,0.329,89.7,34.4,7.7,39.0,94.142162051,20.1
"Strasburg, Stephen",544931,2018,544,492,156,28.7,7.0,0.24,0.409,0.302,0.711,0.169,0.31,0.23,0.398,0.306,0.306,0.296,0.168,0.396,0.396,0.346,0.337,89.2,35.1,7.3,38.9,94.003158843,27.9
"Hildenberger, Trevor",657610,2018,319,285,70,21.9,8.2,0.263,0.477,0.326,0.803,0.214,0.306,0.25,0.41,0.332,0.309,0.317,0.16,0.408,0.376,0.344,0.331,88.1,34.4,6.3,35.2,93.648514085,28.0
"Axford, John",446099,2018,233,206,54,23.2,9.4,0.252,0.398,0.33,0.728,0.146,0.311,0.22,0.333,0.318,0.286,0.302,0.114,0.37,0.322,0.338,0.295,86.4,28.6,7.1,34.4,93.192569671,21.6
"Scherzer, Max",453286,2018,866,797,300,34.6,5.9,0.188,0.332,0.247,0.579,0.144,0.267,0.185,0.316,0.252,0.248,0.245,0.131,0.351,0.345,0.301,0.297,86.6,33.8,6.4,31.7,92.647810141,33.1
"Osuna, Roberto",532077,2018,150,141,32,21.3,2.7,0.234,0.305,0.273,0.578,0.071,0.294,0.266,0.395,0.256,0.306,0.304,0.129,0.298,0.365,0.3,0.341,87.1,33.6,5.5,38.2,93.783366514,26.9
"Castro, Miguel",612434,2018,376,318,57,15.2,13.3,0.236,0.368,0.346,0.714,0.132,0.259,0.258,0.426,0.312,0.345,0.366,0.168,0.31,0.356,0.284,0.313,87.5,28.4,6.1,34.5,93.223585703,23.6
"Anderson, Tyler",542881,2018,736,665,164,22.3,7.9,0.248,0.448,0.308,0.756,0.2,0.282,0.229,0.375,0.323,0.296,0.295,0.146,0.385,0.345,0.325,0.305,87.6,35.8,7.6,31.4,93.073733618,25.4
"Petricka, Jake",502593,2018,208,186,41,19.7,7.7,0.317,0.511,0.386,0.897,0.194,0.381,0.267,0.403,0.386,0.331,0.341,0.137,0.451,0.371,0.407,0.342,89.7,34.2,4.1,41.1,94.233343217,25.7
"Wilson, Alex",543935,2018,245,224,43,17.6,6.1,0.223,0.371,0.276,0.647,0.148,0.24,0.239,0.414,0.277,0.306,0.294,0.176,0.309,0.346,0.273,0.297,87.0,33.0,4.3,34.6,93.159744372,20.6
"Pagán, Emilio",641941,2018,262,239,63,24.0,7.3,0.23,0.473,0.294,0.767,0.243,0.256,0.202,0.401,0.325,0.29,0.269,0.199,0.397,0.345,0.311,0.274,87.2,28.2,6.2,31.1,92.812042743,29.6
"Alexander, Scott",518397,2018,268,238,56,20.9,10.1,0.239,0.345,0.322,0.667,0.106,0.298,0.226,0.313,0.295,0.283,0.31,0.086,0.327,0.31,0.313,0.296,87.8,22.4,3.3,35.0,93.203678626,27.7
"Anderson, Chase",502624,2018,644,575,128,19.9,8.9,0.228,0.426,0.305,0.731,0.198,0.242,0.244,0.435,0.317,0.33,0.32,0.192,0.354,0.372,0.292,0.314,87.2,34.5,6.2,30.8,93.040743818,22.1
"Mitchell, Bryan",571951,2018,337,289,38,11.3,12.8,0.294,0.481,0.387,0.868,0.187,0.303,0.284,0.453,0.375,0.369,0.385,0.169,0.376,0.369,0.336,0.331,90.1,30.3,5.5,38.8,94.117191458,15.1
"Rodriguez, Eduardo",593958,2018,553,501,146,26.4,8.1,0.238,0.377,0.304,0.681,0.139,0.301,0.227,0.385,0.298,0.299,0.296,0.157,0.366,0.369,0.332,0.32,88.0,37.7,5.6,33.0,93.137512663,26.2
"McAllister, Zach",502083,2018,198,184,39,19.7,5.1,0.31,0.533,0.347,0.88,0.223,0.355,0.287,0.478,0.372,0.345,0.327,0.191,0.449,0.415,0.39,0.364,89.7,33.8,6.8,42.1,94.640387801,21.9
"Winkler, Dan",595465,2018,256,228,69,27.0,8.2,0.228,0.342,0.306,0.648,0.114,0.312,0.231,0.352,0.286,0.293,0.308,0.121,0.346,0.356,0.325,0.329,86.9,39.8,3.7,31.7,92.533415,28.5
"Cessa, Luis",570666,2018,195,181,39,20.0,6.7,0.282,0.431,0.33,0.761,0.149,0.336,0.277,0.421,0.33,0.326,0.325,0.144,0.388,0.383,0.359,0.353,89.7,35.7,13.3,39.9,94.33520078,26.9
"Solís, Sammy",519301,2018,177,155,44,24.9,10.2,0.277,0.49,0.367,0.857,0.213,0.346,0.242,0.424,0.368,0.332,0.338,0.182,0.452,0.397,0.387,0.34,89.0,34.2,2.7,30.6,93.533460741,28.4
"Freeland, Kyle",607536,2018,844,757,173,20.5,8.3,0.24,0.358,0.308,0.666,0.118,0.288,0.238,0.373,0.292,0.299,0.306,0.135,0.328,0.338,0.308,0.306,86.8,30.9,4.0,29.2,92.633889036,21.8
"Rusin, Chris",543734,2018,241,209,47,19.5,10.8,0.268,0.435,0.35,0.785,0.167,0.31,0.235,0.37,0.339,0.308,0.323,0.135,0.378,0.333,0.339,0.3,87.3,26.5,5.4,32.5,93.058027037,21.0
"Miller, Andrew",453192,2018,154,133,45,29.2,10.4,0.233,0.391,0.338,0.729,0.158,0.329,0.216,0.318,0.321,0.296,0.327,0.102,0.399,0.36,0.352,0.333,87.5,34.1,3.4,37.6,93.161456867,32.1
"Makita, Kazuhisa",628318,2018,149,133,37,24.8,8.1,0.241,0.444,0.313,0.757,0.203,0.281,0.265,0.421,0.322,0.331,0.347,0.156,0.4,0.436,0.333,0.396,86.5,40.8,5.1,26.3,92.5131172,27.4
"Arrieta, Jake",453562,2018,722,649,138,19.1,7.9,0.254,0.407,0.318,0.725,0.153,0.289,0.248,0.391,0.315,0.311,0.314,0.143,0.352,0.347,0.318,0.313,87.8,32.9,4.8,31.7,92.933534786,19.5
"Beck, Chris",571476,2018,148,126,21,14.2,13.5,0.27,0.524,0.372,0.896,0.254,0.265,0.254,0.46,0.382,0.356,0.358,0.206,0.397,0.361,0.321,0.302,88.5,34.0,7.5,34.9,93.066125094,24.4
"Keuchel, Dallas",572971,2018,874,802,153,17.5,6.6,0.263,0.393,0.311,0.704,0.13,0.302,0.246,0.362,0.305,0.293,0.298,0.116,0.341,0.325,0.321,0.303,87.3,29.0,4.2,33.0,93.215602668,19.8
"Colomé, Alex",517008,2018,282,257,72,25.5,7.4,0.23,0.35,0.294,0.644,0.12,0.291,0.232,0.377,0.282,0.295,0.298,0.145,0.342,0.363,0.317,0.322,90.1,32.8,7.0,37.6,93.966566237,29.9
"VerHagen, Drew",572403,2018,233,207,53,22.7,8.2,0.222,0.353,0.292,0.645,0.131,0.263,0.193,0.32,0.283,0.269,0.272,0.128,0.321,0.301,0.291,0.262,87.7,25.3,7.0,33.5,92.989679363,28.5
"Díaz, Edwin",621242,2018,280,257,124,44.3,6.1,0.16,0.241,0.229,0.47,0.081,0.281,0.158,0.239,0.214,0.214,0.227,0.081,0.331,0.329,0.308,0.305,87.8,33.1,6.0,35.3,93.360445263,39.7
"Shoemaker, Matt",533167,2018,130,119,33,25.4,7.7,0.244,0.387,0.308,0.695,0.143,0.313,0.28,0.477,0.304,0.355,0.342,0.196,0.371,0.449,0.337,0.389,91.8,33.7,7.0,48.8,95.734506706,28.6
"Robertson, David",502085,2018,283,252,91,32.2,9.2,0.183,0.337,0.258,0.595,0.154,0.252,0.197,0.352,0.26,0.279,0.274,0.155,0.34,0.373,0.284,0.311,90.2,32.5,4.8,44.0,94.044259565,32.5
"Gallardo, Yovani",451596,2018,421,370,58,13.8,11.2,0.289,0.495,0.371,0.866,0.206,0.311,0.285,0.47,0.371,0.366,0.369,0.185,0.391,0.386,0.342,0.339,88.8,35.7,7.3,40.8,93.670589393,17.5
"Samardzija, Jeff",502188,2018,207,174,30,14.5,12.6,0.27,0.425,0.364,0.789,0.155,0.289,0.261,0.481,0.342,0.361,0.359,0.22,0.348,0.374,0.318,0.309,87.3,37.6,5.4,32.0,92.858767606,20.6
"Rondón, Héctor",444468,2018,250,230,67,26.8,8.0,0.252,0.383,0.312,0.695,0.131,0.34,0.228,0.345,0.301,0.28,0.291,0.117,0.381,0.351,0.356,0.324,88.7,33.1,5.5,36.9,93.975244025,30.4
"Sale, Chris",519242,2018,617,565,237,38.4,5.5,0.181,0.288,0.243,0.531,0.107,0.283,0.166,0.285,0.237,0.233,0.231,0.119,0.339,0.332,0.307,0.285,85.6,31.9,2.7,26.8,92.528917117,35.0
"Rogers, Taylor",573124,2018,260,238,75,28.8,6.2,0.206,0.294,0.259,0.553,0.088,0.282,0.203,0.324,0.24,0.254,0.26,0.12,0.307,0.334,0.295,0.3,88.9,29.3,5.4,32.1,93.065528889,26.7
"Musgrave, Harrison",643466,2018,185,161,32,17.3,11.9,0.224,0.472,0.319,0.791,0.248,0.236,0.247,0.398,0.333,0.323,0.34,0.151,0.358,0.344,0.277,0.307,89.6,36.9,5.4,36.9,93.906763047,24.3
"Ray, Robbie",592662,2018,526,449,165,31.4,13.3,0.216,0.379,0.328,0.707,0.163,0.293,0.217,0.362,0.312,0.309,0.329,0.145,0.397,0.392,0.34,0.343,90.1,36.4,5.6,41.6,94.496902057,32.0
"Drake, Oliver",543118,2018,209,190,51,24.4,8.1,0.274,0.421,0.337,0.758,0.147,0.356,0.241,0.371,0.328,0.3,0.308,0.13,0.404,0.363,0.374,0.332,86.6,31.4,2.1,31.9,92.507653971,28.7
"Leclerc, José",600917,2018,223,191,85,38.1,11.2,0.126,0.194,0.237,0.431,0.068,0.219,0.133,0.191,0.205,0.209,0.244,0.057,0.244,0.253,0.226,0.241,85.4,25.5,2.7,20.0,91.70247434,40.9
"Cimber, Adam",643256,2018,284,257,58,20.4,6.0,0.265,0.42,0.323,0.743,0.155,0.321,0.213,0.297,0.309,0.247,0.278,0.084,0.371,0.287,0.338,0.275,84.9,25.1,3.9,30.3,92.281191429,20.5
"Leone, Dominic",608678,2018,106,94,26,24.5,7.5,0.287,0.394,0.333,0.727,0.107,0.353,0.259,0.412,0.304,0.315,0.319,0.153,0.388,0.403,0.38,0.358,90.9,43.1,9.7,43.1,94.559093803,29.6
"Carpenter, Ryan",543001,2018,107,98,15,14.0,3.7,0.347,0.643,0.383,1.026,0.296,0.338,0.34,0.608,0.429,0.42,0.383,0.268,0.482,0.471,0.4,0.399,88.3,43.5,2.4,42.4,93.710763333,20.5
"Wood, Hunter",621056,2018,179,159,42,23.5,10.1,0.264,0.39,0.337,0.727,0.126,0.333,0.236,0.348,0.317,0.297,0.314,0.112,0.376,0.346,0.356,0.32,86.9,35.3,7.6,26.9,92.121018034,30.4
"Boyer, Blaine",430641,2018,109,93,9,8.3,11.9,0.344,0.688,0.413,1.101,0.344,0.313,0.327,0.558,0.444,0.407,0.407,0.231,0.462,0.417,0.368,0.36,90.0,32.2,4.6,36.8,94.559808488,14.2
"Soria, Joakim",465657,2018,255,236,75,29.4,6.3,0.225,0.339,0.28,0.619,0.114,0.312,0.212,0.327,0.271,0.264,0.269,0.115,0.352,0.344,0.329,0.315,85.0,37.0,4.9,29.2,92.281274295,29.2
"Roark, Tanner",543699,2018,760,690,146,19.2,6.6,0.262,0.422,0.319,0.741,0.16,0.298,0.254,0.417,0.319,0.318,0.313,0.163,0.365,0.364,0.329,0.321,87.8,32.7,7.0,33.6,93.388263945,20.4
"McGee, Jake",459429,2018,227,207,47,20.7,7.0,0.285,0.541,0.342,0.883,0.256,0.327,0.268,0.451,0.373,0.335,0.326,0.183,0.448,0.396,0.369,0.347,90.1,34.0,6.8,39.5,93.8756885,22.4
"Tazawa, Junichi",547749,2018,134,116,28,20.9,11.9,0.302,0.586,0.383,0.969,0.284,0.341,0.285,0.537,0.402,0.38,0.369,0.252,0.486,0.454,0.393,0.372,91.9,42.2,12.2,48.9,95.321714773,16.5
"Maeda, Kenta",628317,2018,532,479,153,28.8,8.1,0.24,0.399,0.308,0.707,0.159,0.323,0.223,0.358,0.304,0.287,0.295,0.135,0.394,0.37,0.35,0.332,87.3,36.3,4.8,32.3,93.070558167,31.4
"Pruitt, Austin",643493,2018,291,269,42,14.4,5.5,0.268,0.405,0.307,0.712,0.137,0.29,0.263,0.406,0.307,0.31,0.304,0.143,0.334,0.338,0.312,0.308,88.8,33.2,7.8,35.5,93.504948528,20.4
"Busenitz, Alan",641427,2018,126,109,26,20.6,11.1,0.339,0.624,0.421,1.045,0.285,0.382,0.271,0.54,0.44,0.389,0.368,0.268,0.528,0.456,0.44,0.361,91.0,40.5,4.8,46.2,95.486012078,26.9
"Avilán, Luis",501593,2018,197,175,51,25.9,9.1,0.251,0.366,0.327,0.693,0.115,0.336,0.231,0.318,0.3,0.278,0.309,0.087,0.369,0.336,0.352,0.325,85.1,32.5,3.2,24.0,91.933442742,25.1
"Hellickson, Jeremy",476451,2018,370,339,65,17.6,5.4,0.23,0.389,0.288,0.677,0.159,0.254,0.248,0.425,0.294,0.319,0.306,0.178,0.323,0.357,0.284,0.308,87.1,34.3,5.1,31.0,92.983682852,19.7
"Collins, Tim",525768,2018,99,87,21,21.2,12.1,0.264,0.471,0.354,0.825,0.207,0.295,0.231,0.396,0.357,0.32,0.324,0.165,0.41,0.355,0.348,0.305,86.0,33.3,3.0,31.8,92.531166406,26.3
"Gomber, Austin",596295,2018,334,292,67,20.1,9.6,0.277,0.432,0.355,0.787,0.155,0.336,0.279,0.477,0.338,0.358,0.357,0.198,0.388,0.416,0.357,0.36,87.8,38.5,6.5,34.6,93.294982422,21.8
"Johnson, Pierce",572955,2018,186,161,36,19.4,11.8,0.236,0.416,0.324,0.74,0.18,0.27,0.224,0.387,0.319,0.312,0.319,0.163,0.348,0.339,0.299,0.291,88.5,38.3,10.9,37.0,93.619932619,24.3
"Crick, Kyle",605195,2018,255,223,65,25.5,9.0,0.202,0.274,0.295,0.569,0.072,0.269,0.211,0.305,0.257,0.277,0.307,0.095,0.287,0.32,0.283,0.302,86.6,34.4,2.5,24.5,91.848648025,27.2
"López, Reynaldo",625643,2018,799,705,151,18.9,9.4,0.234,0.4,0.313,0.713,0.166,0.26,0.253,0.433,0.31,0.335,0.332,0.18,0.336,0.371,0.293,0.32,88.3,37.5,6.6,36.1,93.421050446,21.3
"Robles, Hansel",570663,2018,242,210,59,24.4,10.3,0.252,0.438,0.333,0.771,0.186,0.303,0.235,0.398,0.332,0.316,0.32,0.163,0.398,0.374,0.344,0.324,89.1,37.8,7.7,34.0,93.463905686,26.7
"Matz, Steven",571927,2018,654,578,152,23.2,8.9,0.232,0.419,0.312,0.731,0.187,0.27,0.226,0.374,0.317,0.302,0.307,0.148,0.371,0.349,0.313,0.307,89.1,29.0,5.8,36.6,93.648047678,23.3
"Paxton, James",572020,2018,645,598,208,32.2,6.5,0.224,0.386,0.275,0.661,0.162,0.301,0.22,0.383,0.287,0.286,0.272,0.163,0.394,0.395,0.342,0.338,90.1,36.3,5.3,42.1,94.381203557,30.0
"Bettis, Chad",518452,2018,518,456,80,15.4,9.1,0.265,0.454,0.337,0.791,0.189,0.284,0.262,0.447,0.339,0.342,0.338,0.185,0.364,0.37,0.318,0.319,88.6,30.1,4.9,38.6,94.106074775,21.3
"Jackson, Luke",592426,2018,184,158,46,25.0,11.4,0.259,0.392,0.35,0.742,0.133,0.342,0.237,0.357,0.321,0.304,0.332,0.12,0.385,0.359,0.36,0.331,89.2,31.3,4.3,39.1,94.212279646,25.1
"Hill, Rich",448179,2018,547,493,150,27.4,7.5,0.219,0.4,0.289,0.689,0.181,0.272,0.226,0.402,0.297,0.304,0.296,0.176,0.374,0.384,0.314,0.325,88.8,33.0,6.9,36.2,93.652919263,24.7
"Blackburn, Paul",621112,2018,119,109,19,16.0,5.0,0.303,0.45,0.345,0.795,0.147,0.344,0.272,0.379,0.341,0.307,0.318,0.107,0.38,0.337,0.359,0.324,85.9,31.5,4.3,31.5,92.725688022,18.8
"Cedeño, Xavier",458584,2018,140,124,34,24.3,11.4,0.21,0.29,0.3,0.59,0.08,0.281,0.232,0.309,0.265,0.284,0.32,0.078,0.295,0.324,0.289,0.32,88.2,36.7,2.2,27.8,92.605149,31.1
"Despaigne, Odrisamer",628333,2018,188,162,35,18.6,10.1,0.321,0.469,0.39,0.859,0.148,0.378,0.302,0.457,0.369,0.36,0.377,0.155,0.418,0.406,0.397,0.378,90.4,41.7,6.8,42.7,94.270797,25.6
"Bleier, Richard",542947,2018,133,126,15,11.3,3.0,0.286,0.365,0.308,0.673,0.079,0.319,0.255,0.357,0.288,0.284,0.286,0.102,0.312,0.307,0.319,0.292,89.3,27.4,6.2,35.4,93.920610541,19.2
"Pazos, James",572021,2018,212,189,45,21.2,7.5,0.249,0.365,0.321,0.686,0.116,0.303,0.224,0.364,0.301,0.293,0.3,0.14,0.34,0.329,0.322,0.292,88.4,29.5,4.8,34.2,93.69182162,20.4
"Happ, J.A.",457918,2018,732,668,193,26.4,7.0,0.225,0.389,0.288,0.677,0.164,0.273,0.226,0.4,0.295,0.302,0.29,0.174,0.364,0.374,0.314,0.317,88.4,30.9,3.8,34.0,93.580311996,24.1
"Chafin, Andrew",605177,2018,211,181,53,25.1,11.8,0.227,0.298,0.322,0.62,0.071,0.313,0.226,0.323,0.28,0.295,0.325,0.097,0.311,0.335,0.313,0.317,88.1,34.4,4.6,35.1,93.768080853,32.4
"Teheran, Julio",527054,2018,724,623,162,22.4,11.6,0.196,0.374,0.298,0.672,0.178,0.218,0.23,0.406,0.295,0.323,0.329,0.176,0.32,0.365,0.262,0.31,88.7,34.5,7.7,36.7,93.562641302,28.5
"Kahnle, Tommy",592454,2018,107,90,30,28.0,14.0,0.256,0.456,0.355,0.811,0.2,0.339,0.245,0.415,0.349,0.338,0.349,0.171,0.435,0.417,0.371,0.36,87.5,37.1,3.2,27.4,93.243366452,34.7
"Smith, Drew",622098,2018,120,110,18,15.0,5.0,0.309,0.445,0.35,0.795,0.136,0.348,0.275,0.417,0.342,0.323,0.322,0.142,0.377,0.354,0.362,0.326,90.1,31.9,5.3,42.6,94.335667717,19.0
"Mahle, Tyler",641816,2018,506,442,110,21.7,10.5,0.283,0.486,0.361,0.847,0.203,0.329,0.263,0.436,0.36,0.337,0.345,0.173,0.43,0.397,0.373,0.349,90.1,37.1,4.4,40.3,94.259831067,24.1
"Gonzales, Marco",594835,2018,686,643,145,21.1,4.7,0.267,0.414,0.307,0.721,0.147,0.32,0.262,0.406,0.311,0.311,0.303,0.144,0.372,0.372,0.343,0.337,88.5,37.8,6.2,35.0,93.497978357,21.1
"Cishek, Steve",518553,2018,288,248,78,27.1,9.7,0.181,0.306,0.287,0.593,0.125,0.241,0.185,0.299,0.263,0.265,0.291,0.114,0.299,0.302,0.263,0.269,87.5,31.8,5.8,32.9,92.712078757,29.4
"Sipp, Tony",448609,2018,151,135,42,27.8,8.6,0.2,0.311,0.272,0.583,0.111,0.277,0.205,0.288,0.258,0.26,0.281,0.084,0.308,0.313,0.284,0.3,86.5,32.6,6.3,22.3,91.659125376,31.8
"Valdez, Framber",664285,2018,154,126,34,22.1,15.6,0.175,0.27,0.325,0.595,0.095,0.213,0.175,0.249,0.281,0.279,0.326,0.074,0.26,0.255,0.239,0.24,86.2,19.6,1.1,20.7,91.481331648,22.8
"Lynn, Lance",458681,2018,700,616,161,23.0,10.9,0.265,0.394,0.35,0.744,0.129,0.336,0.24,0.364,0.327,0.31,0.329,0.124,0.379,0.354,0.357,0.325,87.5,30.4,6.6,37.1,93.581628879,23.5
"Hendricks, Kyle",543294,2018,812,745,161,19.8,5.4,0.247,0.391,0.294,0.685,0.144,0.285,0.243,0.388,0.295,0.299,0.294,0.145,0.342,0.349,0.311,0.311,86.4,32.6,5.5,30.8,92.907246598,22.1
"Lyles, Jordan",543475,2018,371,333,84,22.6,7.5,0.249,0.408,0.31,0.718,0.159,0.295,0.219,0.373,0.308,0.292,0.287,0.154,0.368,0.345,0.328,0.295,88.2,28.5,6.3,33.6,93.422373333,23.2
"Rodriguez, Jefry",622446,2018,233,189,39,16.7,15.9,0.228,0.423,0.361,0.784,0.195,0.245,0.229,0.415,0.338,0.339,0.363,0.186,0.343,0.345,0.285,0.287,87.2,30.5,5.8,34.4,93.104351879,20.9
"Gausman, Kevin",592332,2018,776,715,148,19.1,6.4,0.264,0.436,0.317,0.753,0.172,0.299,0.269,0.446,0.324,0.333,0.322,0.177,0.372,0.384,0.331,0.338,89.0,33.5,6.3,40.8,94.193265704,24.7
"Flynn, Brian",543169,2018,336,295,47,14.0,10.4,0.295,0.417,0.373,0.79,0.122,0.335,0.285,0.444,0.344,0.353,0.365,0.159,0.36,0.371,0.348,0.337,90.8,35.9,6.8,40.6,94.417659639,19.4
"Lauer, Eric",641778,2018,504,446,100,19.8,9.1,0.285,0.442,0.358,0.8,0.157,0.336,0.259,0.412,0.347,0.333,0.341,0.153,0.397,0.38,0.365,0.341,88.4,37.5,4.8,35.2,93.646203354,20.0
"Workman, Brandon",519443,2018,167,148,37,22.2,9.6,0.23,0.405,0.299,0.704,0.175,0.259,0.219,0.399,0.304,0.306,0.296,0.18,0.348,0.351,0.298,0.293,88.5,29.8,4.4,35.1,93.407462982,27.0
"Musgrove, Joe",605397,2018,486,447,100,20.6,4.7,0.253,0.389,0.298,0.687,0.136,0.297,0.23,0.365,0.295,0.283,0.281,0.134,0.347,0.331,0.321,0.297,87.8,32.7,5.4,34.1,93.267100836,23.7
"Olson, Tyler",621397,2018,118,106,40,33.9,10.2,0.245,0.434,0.322,0.756,0.189,0.355,0.197,0.336,0.322,0.268,0.28,0.139,0.461,0.368,0.394,0.319,88.4,33.3,3.0,35.4,93.557339531,33.0
"Vargas, Jason",450306,2018,404,362,84,20.8,7.4,0.276,0.481,0.338,0.819,0.205,0.313,0.258,0.439,0.351,0.331,0.323,0.181,0.414,0.388,0.357,0.336,86.8,34.4,3.9,30.4,93.042031599,26.3
"Hughes, Jared",453172,2018,298,269,59,19.8,7.7,0.212,0.29,0.276,0.566,0.078,0.254,0.211,0.32,0.251,0.268,0.278,0.11,0.272,0.297,0.268,0.27,89.0,22.9,4.7,36.9,93.981423606,25.2
"Allen, Cody",592102,2018,289,251,80,27.7,11.4,0.231,0.41,0.33,0.74,0.179,0.294,0.201,0.395,0.323,0.307,0.307,0.194,0.398,0.375,0.339,0.3,90.1,31.4,9.3,36.4,94.070694294,30.7
"Duensing, Brian",488846,2018,181,147,24,13.3,16.0,0.286,0.463,0.4,0.863,0.177,0.3,0.264,0.38,0.372,0.348,0.387,0.116,0.371,0.338,0.333,0.315,87.2,33.1,6.3,33.3,93.08416768,21.1
"Neris, Héctor",593576,2018,203,184,76,37.4,7.9,0.25,0.489,0.313,0.802,0.239,0.361,0.213,0.418,0.341,0.301,0.28,0.205,0.529,0.458,0.426,0.366,90.1,43.6,6.4,39.1,94.100673774,41.5
"Oh, Seunghwan",493200,2018,274,249,79,28.8,6.2,0.209,0.353,0.266,0.619,0.144,0.265,0.203,0.327,0.268,0.26,0.262,0.124,0.341,0.329,0.299,0.292,87.0,37.4,5.7,32.2,92.801468382,31.6
"Skoglund, Eric",607215,2018,293,268,49,16.7,6.5,0.246,0.47,0.311,0.781,0.224,0.261,0.275,0.481,0.334,0.355,0.337,0.206,0.368,0.396,0.301,0.337,91.5,32.0,8.2,45.4,95.048262897,16.9
"Swarzak, Anthony",461872,2018,116,100,31,26.7,12.1,0.28,0.49,0.371,0.861,0.21,0.344,0.24,0.439,0.37,0.34,0.339,0.198,0.466,0.416,0.4,0.347,89.1,40.0,7.1,37.1,93.25041,22.4
"Alvarez, Jose",501625,2018,261,235,59,22.6,8.4,0.217,0.323,0.29,0.613,0.106,0.277,0.226,0.377,0.27,0.296,0.298,0.151,0.308,0.346,0.29,0.303,86.8,34.3,4.5,30.3,92.647059825,23.3
"Garrett, Amir",607237,2018,264,234,71,26.9,9.5,0.239,0.415,0.319,0.734,0.176,0.308,0.224,0.363,0.315,0.295,0.308,0.138,0.394,0.363,0.341,0.323,88.6,33.3,8.5,36.4,93.745464724,32.0
"Archer, Chris",502042,2018,638,579,162,25.4,7.7,0.268,0.437,0.33,0.767,0.169,0.339,0.248,0.413,0.33,0.317,0.313,0.165,0.412,0.393,0.369,0.344,89.7,33.7,9.5,38.7,93.947308897,28.6
"Bailey, Homer",456701,2018,494,451,75,15.2,6.7,0.313,0.541,0.36,0.901,0.228,0.331,0.297,0.505,0.377,0.362,0.347,0.208,0.43,0.411,0.372,0.355,89.7,40.4,9.9,42.7,94.627583914,19.5
"Bush, Matt",456713,2018,108,90,19,17.6,13.0,0.256,0.467,0.361,0.828,0.211,0.286,0.252,0.405,0.356,0.342,0.362,0.153,0.374,0.354,0.315,0.317,91.4,31.5,8.2,47.9,94.873666575,23.2
"Moore, Matt",519043,2018,471,420,86,18.3,8.7,0.305,0.54,0.37,0.91,0.235,0.342,0.284,0.489,0.386,0.363,0.352,0.205,0.443,0.412,0.379,0.354,90.5,38.3,8.0,44.8,94.738234659,21.9
"Johnson, Brian",598271,2018,434,395,87,20.0,8.8,0.263,0.443,0.329,0.772,0.18,0.301,0.256,0.43,0.335,0.329,0.324,0.174,0.384,0.376,0.338,0.329,89.3,35.7,7.1,36.0,93.637084197,21.5
"Cobb, Alex",502171,2018,661,606,102,15.4,6.5,0.284,0.482,0.332,0.814,0.198,0.305,0.275,0.457,0.345,0.337,0.326,0.182,0.385,0.376,0.337,0.329,89.0,33.4,5.9,40.6,94.031287624,17.8
"Scott, Tanner",656945,2018,240,209,76,31.7,11.7,0.263,0.426,0.351,0.777,0.163,0.383,0.235,0.36,0.338,0.308,0.329,0.125,0.456,0.405,0.41,0.371,88.9,34.8,6.7,41.5,94.373449924,35.2
"Stripling, Ross",548389,2018,503,478,136,27.0,4.4,0.257,0.431,0.291,0.722,0.174,0.324,0.221,0.361,0.309,0.269,0.257,0.14,0.408,0.354,0.36,0.312,87.9,34.3,5.5,31.7,92.893034847,25.6
"García, Jaime",448802,2018,369,318,73,19.8,11.9,0.258,0.459,0.351,0.81,0.201,0.295,0.245,0.436,0.349,0.338,0.342,0.191,0.39,0.375,0.332,0.318,91.1,31.7,6.8,41.8,95.11423814,22.2
"Hill, Tim",657612,2018,198,179,42,21.2,7.1,0.257,0.374,0.316,0.69,0.117,0.313,0.225,0.324,0.303,0.279,0.29,0.098,0.351,0.317,0.333,0.296,87.8,22.1,2.9,29.4,92.509636894,19.4
"Salas, Fernando",477569,2018,170,151,30,17.6,7.6,0.265,0.404,0.323,0.727,0.139,0.297,0.234,0.405,0.307,0.297,0.297,0.17,0.351,0.337,0.325,0.29,89.4,28.8,6.4,40.0,93.83597918,22.0
"Kimbrel, Craig",518886,2018,247,213,96,38.9,12.6,0.146,0.305,0.26,0.565,0.159,0.218,0.172,0.295,0.255,0.265,0.283,0.123,0.342,0.361,0.265,0.313,89.1,35.6,7.6,33.1,93.806749231,40.0
"Brebbia, John",605154,2018,209,190,60,28.7,7.7,0.226,0.363,0.284,0.647,0.137,0.299,0.197,0.354,0.278,0.265,0.259,0.156,0.36,0.34,0.326,0.287,86.8,36.1,6.0,28.6,92.335704167,29.6
"Fulmer, Michael",605242,2018,558,504,110,19.7,8.2,0.254,0.437,0.321,0.758,0.183,0.289,0.262,0.433,0.327,0.333,0.33,0.171,0.372,0.381,0.323,0.335,89.4,34.5,6.5,38.2,94.123362506,23.2
"Greene, Shane",572888,2018,279,254,65,23.3,6.8,0.268,0.465,0.323,0.788,0.197,0.311,0.234,0.416,0.335,0.309,0.295,0.182,0.41,0.372,0.354,0.314,88.0,38.5,8.9,35.1,93.09442367,21.9
"Jansen, Kenley",445276,2018,289,269,82,28.4,5.9,0.201,0.383,0.253,0.636,0.182,0.234,0.201,0.347,0.273,0.264,0.254,0.146,0.352,0.339,0.287,0.29,84.3,33.5,4.8,24.6,91.839386828,28.2
"Hendriks, Liam",521230,2018,104,92,22,21.2,9.6,0.272,0.413,0.346,0.759,0.141,0.324,0.241,0.35,0.332,0.298,0.319,0.109,0.379,0.329,0.352,0.313,88.8,39.4,7.0,31.0,92.655378571,25.8
"Araújo, Pedro",606478,2018,130,110,29,22.3,13.8,0.264,0.582,0.377,0.959,0.318,0.278,0.21,0.436,0.405,0.338,0.334,0.225,0.479,0.372,0.358,0.287,88.0,27.2,4.9,37.5,93.772421013,33.9
"Romano, Sal",607219,2018,644,580,105,16.3,8.2,0.267,0.453,0.331,0.784,0.186,0.289,0.269,0.45,0.334,0.337,0.333,0.181,0.37,0.374,0.324,0.327,88.3,32.2,4.8,34.2,93.509477775,18.8
"LeBlanc, Wade",453281,2018,662,614,130,19.6,6.0,0.246,0.419,0.293,0.712,0.173,0.274,0.251,0.431,0.306,0.317,0.299,0.181,0.354,0.37,0.309,0.318,87.4,36.2,5.3,34.6,93.257556715,21.9
"Mikolas, Miles",571945,2018,808,760,146,18.1,3.6,0.245,0.35,0.278,0.628,0.105,0.282,0.245,0.379,0.271,0.285,0.278,0.134,0.313,0.332,0.301,0.302,86.7,31.5,4.5,29.4,92.670905865,20.2
"Montas, Frankie",593423,2018,283,255,43,15.2,7.4,0.29,0.451,0.345,0.796,0.161,0.329,0.283,0.458,0.342,0.345,0.339,0.175,0.373,0.377,0.344,0.336,89.5,36.9,3.7,40.1,94.094044272,19.6
"Chirinos, Yonny",630023,2018,370,331,75,20.3,6.8,0.254,0.378,0.31,0.688,0.124,0.301,0.27,0.424,0.297,0.328,0.328,0.154,0.339,0.382,0.319,0.345,89.1,37.0,4.5,37.7,93.919298199,24.0
"Kennedy, Brett",664028,2018,128,109,18,14.1,9.4,0.33,0.55,0.403,0.953,0.22,0.349,0.294,0.473,0.405,0.365,0.372,0.18,0.443,0.39,0.391,0.349,88.0,32.3,3.1,33.3,93.319000444,20.1
"Devenski, Chris",606965,2018,196,178,51,26.0,6.6,0.236,0.421,0.297,0.718,0.185,0.277,0.215,0.356,0.309,0.281,0.282,0.141,0.387,0.346,0.328,0.305,86.7,32.6,5.4,34.9,93.10116629,31.3
"Nola, Aaron",605400,2018,831,756,224,27.0,7.0,0.197,0.311,0.259,0.57,0.114,0.254,0.201,0.314,0.251,0.257,0.264,0.113,0.305,0.315,0.278,0.286,87.1,27.9,4.4,31.2,92.730845284,27.7
"Brice, Austin",592169,2018,162,144,32,19.8,8.0,0.271,0.535,0.342,0.877,0.264,0.288,0.246,0.459,0.359,0.325,0.321,0.213,0.431,0.383,0.345,0.315,90.7,33.3,11.4,46.5,95.046968761,21.8
"Yarbrough, Ryan",642232,2018,628,568,128,20.4,8.0,0.246,0.414,0.316,0.73,0.168,0.288,0.253,0.406,0.314,0.317,0.322,0.153,0.36,0.364,0.317,0.326,85.7,36.7,4.3,26.9,92.423728318,20.7
"Davis, Wade",451584,2018,261,233,78,29.9,10.0,0.185,0.343,0.272,0.615,0.158,0.238,0.176,0.274,0.272,0.247,0.265,0.098,0.334,0.291,0.277,0.265,87.8,30.3,6.5,32.3,92.979044026,29.6
"Rondón, Bruce",541652,2018,154,124,40,26.0,17.5,0.298,0.427,0.422,0.849,0.129,0.424,0.243,0.348,0.371,0.333,0.384,0.105,0.447,0.381,0.43,0.362,88.8,41.9,3.5,38.4,93.686395,33.0
"Conley, Adam",543045,2018,202,179,50,24.8,8.9,0.207,0.363,0.279,0.642,0.156,0.252,0.233,0.361,0.277,0.301,0.309,0.128,0.326,0.362,0.28,0.327,89.4,32.3,8.3,36.8,93.359919618,30.8
"Pannone, Thomas",623381,2018,181,160,29,16.0,8.3,0.231,0.419,0.3,0.719,0.188,0.236,0.221,0.407,0.309,0.304,0.292,0.185,0.327,0.32,0.276,0.265,88.6,31.9,5.2,34.8,93.239453233,23.1
"Boxberger, Brad",502202,2018,235,199,71,30.2,13.6,0.221,0.402,0.33,0.732,0.181,0.292,0.207,0.356,0.316,0.299,0.321,0.149,0.406,0.377,0.341,0.324,90.3,23.7,2.3,38.2,94.275848047,26.9
"Morrow, Brandon",453344,2018,122,112,31,25.4,7.4,0.214,0.277,0.279,0.556,0.063,0.278,0.258,0.384,0.252,0.312,0.319,0.126,0.294,0.384,0.296,0.357,92.1,27.2,2.5,44.4,95.185634198,28.9
"Freeman, Sam",518693,2018,216,179,58,26.9,14.8,0.229,0.318,0.349,0.667,0.089,0.317,0.226,0.311,0.301,0.303,0.35,0.085,0.342,0.346,0.333,0.335,87.6,36.3,6.5,30.6,93.453599917,31.5
"Reininger, Zac",643617,2018,100,90,18,18.0,9.0,0.311,0.589,0.37,0.959,0.278,0.338,0.297,0.555,0.396,0.382,0.359,0.257,0.466,0.448,0.384,0.368,90.6,37.0,9.6,45.2,94.684789444,20.4
"Rodríguez, Richard",593144,2018,279,253,88,31.5,6.8,0.217,0.312,0.284,0.596,0.095,0.311,0.193,0.311,0.262,0.253,0.263,0.117,0.346,0.332,0.331,0.297,88.3,28.1,8.4,33.7,93.362268742,30.7
"Kluber, Corey",446372,2018,842,801,222,26.4,4.0,0.223,0.367,0.257,0.624,0.144,0.277,0.227,0.368,0.27,0.276,0.263,0.142,0.346,0.359,0.308,0.318,87.9,32.1,5.7,34.5,93.263122919,26.9
"Reid-Foley, Sean",656887,2018,150,127,42,28.0,14.0,0.244,0.441,0.353,0.794,0.197,0.313,0.212,0.375,0.346,0.314,0.328,0.163,0.427,0.37,0.36,0.316,88.2,38.4,0.0,34.9,93.346565814,29.1
"Wilson, Justin",458677,2018,236,202,69,29.2,14.0,0.223,0.351,0.331,0.682,0.128,0.31,0.228,0.357,0.304,0.31,0.336,0.129,0.369,0.38,0.336,0.346,88.0,41.0,6.0,32.8,93.117069466,26.5
"Kontos, George",502004,2018,116,103,15,12.9,6.0,0.262,0.476,0.322,0.798,0.214,0.259,0.279,0.461,0.339,0.353,0.343,0.183,0.356,0.373,0.3,0.327,88.9,31.9,9.9,37.4,93.722174444,23.7
"Bassitt, Chris",605135,2018,204,181,41,20.1,9.3,0.221,0.315,0.309,0.624,0.094,0.265,0.227,0.368,0.282,0.305,0.314,0.141,0.297,0.331,0.286,0.293,85.8,32.9,3.6,32.9,92.987874317,17.3
"Buehler, Walker",621111,2018,541,493,151,27.9,6.8,0.193,0.3,0.256,0.556,0.107,0.249,0.202,0.311,0.247,0.259,0.266,0.109,0.3,0.322,0.275,0.292,87.9,25.9,5.5,32.0,92.93610003,25.5
"Goeddel, Erik",592340,2018,155,133,44,28.4,12.9,0.195,0.301,0.303,0.604,0.106,0.256,0.167,0.274,0.267,0.252,0.284,0.107,0.313,0.289,0.289,0.255,86.6,27.8,6.7,23.3,92.259596163,33.9
"Barria, Jaime",642545,2018,537,483,98,18.2,8.8,0.242,0.402,0.317,0.719,0.16,0.272,0.247,0.426,0.315,0.327,0.322,0.178,0.343,0.36,0.304,0.311,88.7,34.0,6.0,33.2,93.228754935,24.5
"Ureña, José",570632,2018,712,640,130,18.3,7.2,0.242,0.381,0.308,0.689,0.139,0.275,0.249,0.393,0.298,0.311,0.317,0.144,0.331,0.349,0.302,0.313,88.5,30.3,6.2,36.2,93.641051667,20.2
"Méndez, Yohander",622795,2018,121,106,18,14.9,12.4,0.264,0.434,0.355,0.789,0.17,0.286,0.212,0.353,0.345,0.296,0.309,0.142,0.357,0.29,0.318,0.255,88.0,34.1,6.8,28.4,92.57547,21.8
"O'Day, Darren",503285,2018,82,76,27,32.9,3.7,0.237,0.421,0.293,0.714,0.184,0.326,0.187,0.309,0.304,0.244,0.248,0.121,0.431,0.333,0.367,0.293,85.2,42.9,4.1,26.5,92.042121458,26.3
"Minor, Mike",501985,2018,640,587,132,20.6,5.9,0.235,0.445,0.288,0.733,0.21,0.259,0.242,0.445,0.312,0.319,0.295,0.204,0.364,0.373,0.299,0.309,88.1,35.5,5.2,35.3,93.470661678,22.3
"May, Trevor",543507,2018,103,95,36,35.0,4.9,0.221,0.379,0.267,0.646,0.158,0.309,0.201,0.366,0.281,0.268,0.249,0.165,0.41,0.39,0.356,0.326,88.0,34.4,6.6,29.5,93.729845172,32.6
"Gonzalez, Gio",461829,2018,746,652,148,19.8,10.7,0.256,0.399,0.335,0.734,0.143,0.302,0.255,0.412,0.32,0.329,0.336,0.157,0.355,0.368,0.326,0.327,87.7,35.1,6.8,34.5,93.321813688,24.0
"Chargois, JT",608638,2018,135,117,40,29.6,11.1,0.222,0.376,0.321,0.697,0.154,0.301,0.208,0.297,0.301,0.271,0.31,0.088,0.385,0.336,0.338,0.318,87.2,28.2,7.7,32.1,93.185842763,30.7
"Weaver, Luke",596133,2018,609,542,121,19.9,8.9,0.277,0.441,0.345,0.786,0.164,0.325,0.259,0.427,0.34,0.331,0.33,0.168,0.392,0.379,0.355,0.334,87.9,37.4,7.2,35.0,93.458152796,22.3
"McCarthy, Kevin",641838,2018,293,270,46,15.7,6.8,0.259,0.389,0.314,0.703,0.13,0.289,0.254,0.403,0.304,0.314,0.312,0.149,0.332,0.345,0.311,0.308,88.6,23.6,2.2,35.1,93.661023801,20.2
"Fister, Doug",450729,2018,289,263,40,13.8,6.6,0.278,0.456,0.339,0.795,0.178,0.291,0.286,0.452,0.344,0.353,0.349,0.166,0.366,0.377,0.326,0.339,87.6,34.4,3.6,41.1,94.029746473,13.6
"Casilla, Santiago",433586,2018,131,106,22,16.8,14.5,0.17,0.226,0.313,0.539,0.056,0.209,0.244,0.334,0.26,0.325,0.373,0.09,0.21,0.31,0.209,0.301,86.7,27.9,8.1,32.6,92.942525581,23.9
"Sánchez, Aníbal",434671,2018,553,497,135,24.4,7.6,0.213,0.354,0.278,0.632,0.141,0.26,0.209,0.342,0.277,0.275,0.276,0.133,0.328,0.325,0.29,0.287,85.0,27.2,6.2,26.3,92.227648992,24.7
"Hess, David",605276,2018,454,404,74,16.3,8.1,0.262,0.488,0.333,0.821,0.226,0.269,0.242,0.446,0.349,0.329,0.316,0.204,0.382,0.355,0.317,0.294,88.2,33.7,4.5,34.6,93.17066,19.2
"McGuire, Deck",592547,2018,177,143,33,18.6,14.7,0.266,0.51,0.39,0.9,0.244,0.279,0.273,0.49,0.385,0.388,0.4,0.217,0.413,0.418,0.336,0.351,90.8,37.2,7.1,43.4,94.211903839,21.9
"Finnegan, Brandon",605232,2018,103,85,14,13.6,14.6,0.318,0.553,0.408,0.961,0.235,0.319,0.299,0.476,0.399,0.376,0.397,0.177,0.424,0.391,0.365,0.351,88.5,32.4,9.5,41.9,93.898707568,16.1
"Gossett, Daniel",605254,2018,102,93,12,11.8,7.8,0.269,0.495,0.333,0.828,0.226,0.263,0.258,0.496,0.355,0.354,0.324,0.239,0.37,0.369,0.309,0.296,89.5,32.1,3.7,44.4,94.515882875,18.3
"Richard, Clayton",453385,2018,682,604,108,15.8,8.8,0.263,0.432,0.338,0.77,0.169,0.292,0.276,0.446,0.334,0.349,0.351,0.17,0.357,0.377,0.319,0.335,90.6,28.8,6.5,40.5,94.604080507,19.5
"Nuño, Vidal",573064,2018,134,121,29,21.6,7.5,0.198,0.355,0.269,0.624,0.157,0.216,0.193,0.317,0.264,0.249,0.264,0.125,0.305,0.284,0.258,0.251,85.8,32.3,5.4,26.9,91.973261868,23.8
"Bracho, Silvino",611093,2018,129,112,34,26.4,9.3,0.223,0.357,0.313,0.67,0.134,0.299,0.232,0.332,0.291,0.293,0.325,0.1,0.349,0.355,0.316,0.337,86.7,33.8,1.3,23.8,92.494541842,31.6
"Hudson, Dakota",641712,2018,118,97,19,16.1,15.3,0.196,0.237,0.322,0.559,0.041,0.237,0.211,0.274,0.265,0.294,0.341,0.063,0.227,0.269,0.237,0.265,83.9,25.0,5.0,20.0,91.621711392,23.3
"Wright Jr., Mike",605541,2018,388,338,74,19.1,9.3,0.299,0.464,0.372,0.836,0.165,0.345,0.286,0.427,0.36,0.35,0.365,0.141,0.407,0.392,0.374,0.363,89.6,38.4,4.8,38.0,93.863583383,19.8
"Smith, Caleb",592761,2018,326,286,88,27.0,10.1,0.22,0.388,0.306,0.694,0.168,0.279,0.226,0.423,0.301,0.32,0.313,0.197,0.368,0.398,0.315,0.327,88.2,39.1,7.9,34.2,93.409875482,28.0
"Melancon, Mark",453343,2018,174,159,31,17.8,8.0,0.302,0.409,0.362,0.771,0.107,0.365,0.3,0.459,0.334,0.355,0.361,0.158,0.379,0.408,0.375,0.374,88.8,34.4,2.3,36.7,93.298807559,23.3
"Tillman, Chris",501957,2018,137,115,13,9.5,12.4,0.365,0.652,0.449,1.101,0.287,0.367,0.337,0.587,0.459,0.434,0.427,0.249,0.474,0.441,0.404,0.376,91.5,41.0,10.5,49.5,95.62106932,12.7
"Porcello, Rick",519144,2018,808,735,190,23.5,5.9,0.241,0.399,0.299,0.698,0.158,0.286,0.243,0.402,0.303,0.31,0.303,0.16,0.362,0.373,0.321,0.327,89.0,33.8,5.6,35.7,93.854074499,20.5
"Holder, Jonathan",656547,2018,272,248,60,22.1,7.0,0.214,0.319,0.27,0.589,0.105,0.263,0.223,0.394,0.255,0.291,0.283,0.171,0.297,0.348,0.279,0.296,87.1,34.4,5.2,28.6,92.200869734,23.8
"Suero, Wander",593833,2018,200,179,47,23.5,7.5,0.24,0.408,0.312,0.72,0.168,0.302,0.251,0.44,0.309,0.332,0.324,0.189,0.368,0.402,0.323,0.343,88.6,38.1,4.5,32.1,93.511074848,24.3
"Borucki, Ryan",621366,2018,415,375,67,16.1,8.0,0.256,0.387,0.318,0.705,0.131,0.294,0.256,0.406,0.305,0.317,0.319,0.149,0.331,0.347,0.31,0.311,88.3,30.7,4.5,33.2,93.222783539,19.3
"Fields, Josh",451661,2018,154,143,33,21.4,7.1,0.196,0.322,0.253,0.575,0.126,0.226,0.236,0.385,0.251,0.293,0.292,0.149,0.286,0.347,0.255,0.309,90.0,33.6,9.1,37.0,93.451624206,26.5
"Smith, Will",519293,2018,210,191,71,33.8,7.1,0.194,0.283,0.25,0.533,0.089,0.286,0.168,0.269,0.228,0.219,0.232,0.1,0.319,0.306,0.303,0.273,88.4,28.2,3.2,31.5,93.019031933,31.9
"Strickland, Hunter",519326,2018,201,174,37,18.4,10.4,0.247,0.431,0.327,0.758,0.184,0.281,0.259,0.428,0.323,0.337,0.341,0.169,0.355,0.375,0.307,0.328,89.0,34.5,5.6,39.4,93.995837914,25.3
"Covey, Dylan",592229,2018,541,480,91,16.8,9.4,0.269,0.394,0.34,0.734,0.125,0.306,0.265,0.414,0.319,0.329,0.337,0.149,0.347,0.361,0.329,0.326,88.6,30.0,4.8,37.3,93.537936692,17.6
"Buchter, Ryan",488748,2018,163,146,41,25.2,9.2,0.219,0.356,0.29,0.646,0.137,0.275,0.213,0.36,0.282,0.288,0.29,0.148,0.337,0.346,0.302,0.302,88.5,29.9,10.3,37.4,93.442341456,25.5
"Peralta, Freddy",642547,2018,321,275,96,29.9,12.5,0.178,0.331,0.291,0.622,0.153,0.238,0.19,0.346,0.278,0.294,0.304,0.156,0.327,0.357,0.272,0.296,88.8,35.4,8.3,36.5,93.291324237,26.7
"Kintzler, Brandon",445213,2018,263,234,43,16.3,8.4,0.286,0.432,0.355,0.787,0.146,0.33,0.283,0.429,0.335,0.339,0.354,0.146,0.371,0.376,0.347,0.346,88.5,34.0,4.6,40.2,93.856470363,17.0
"Lewicki, Artie",592499,2018,170,150,30,17.6,8.2,0.32,0.473,0.371,0.844,0.153,0.364,0.312,0.506,0.358,0.378,0.374,0.194,0.407,0.433,0.384,0.389,91.1,40.0,5.6,44.0,94.862648629,18.9
"Peterson, Tim",623402,2018,118,111,25,21.2,4.2,0.261,0.495,0.299,0.794,0.234,0.269,0.244,0.45,0.333,0.309,0.283,0.206,0.412,0.382,0.337,0.316,90.2,28.7,4.6,39.1,93.732074337,23.4
"Reed, Cody",642003,2018,188,167,42,22.3,8.0,0.269,0.395,0.333,0.728,0.126,0.328,0.219,0.342,0.319,0.284,0.291,0.123,0.374,0.324,0.354,0.292,88.3,24.8,3.9,30.2,93.133561969,24.6
"Graveman, Kendall",608665,2018,158,144,27,17.1,8.2,0.306,0.542,0.367,0.909,0.236,0.324,0.3,0.544,0.388,0.39,0.362,0.244,0.441,0.444,0.376,0.37,88.2,36.8,4.3,36.2,94.107911043,19.4
"Knebel, Corey",608349,2018,223,196,88,39.5,9.9,0.194,0.372,0.287,0.659,0.178,0.304,0.19,0.339,0.29,0.279,0.284,0.149,0.427,0.405,0.349,0.342,91.7,30.3,6.4,43.1,94.683152385,32.3
"Hembree, Heath",592390,2018,260,227,76,29.2,10.4,0.233,0.423,0.312,0.735,0.19,0.295,0.191,0.359,0.315,0.281,0.279,0.168,0.403,0.349,0.34,0.285,87.8,36.5,7.7,31.0,93.016160392,31.3
"Shields, James",448306,2018,871,775,154,17.7,9.0,0.245,0.435,0.319,0.754,0.19,0.263,0.262,0.465,0.326,0.35,0.336,0.204,0.355,0.388,0.303,0.327,88.6,35.9,6.8,35.6,93.584878939,24.5
"Hirano, Yoshihisa",673633,2018,262,235,59,22.5,8.8,0.209,0.332,0.284,0.616,0.123,0.251,0.238,0.396,0.267,0.312,0.313,0.158,0.305,0.371,0.277,0.321,89.1,30.9,9.0,36.2,93.577421648,28.1
"McFarland, T.J.",519008,2018,292,268,42,14.4,7.5,0.239,0.336,0.296,0.632,0.097,0.269,0.253,0.368,0.275,0.297,0.31,0.114,0.291,0.32,0.282,0.3,90.5,19.3,3.5,37.7,94.164209732,20.0
"Rodney, Fernando",407845,2018,285,248,70,24.6,11.2,0.25,0.363,0.34,0.703,0.113,0.318,0.235,0.363,0.312,0.31,0.33,0.127,0.362,0.36,0.344,0.329,87.4,32.2,3.9,31.4,93.335144171,27.0
"López, Jorge",605347,2018,234,209,38,16.2,9.4,0.273,0.421,0.342,0.763,0.148,0.305,0.268,0.43,0.33,0.342,0.342,0.162,0.357,0.373,0.329,0.33,87.7,38.2,8.1,37.6,93.6020625,20.7
"Snell, Blake",605483,2018,700,630,221,31.6,9.1,0.178,0.3,0.254,0.554,0.122,0.242,0.202,0.341,0.246,0.274,0.276,0.139,0.31,0.358,0.272,0.311,87.5,33.1,4.8,32.7,93.090740098,34.7
"James, Josh",657624,2018,91,82,29,31.9,7.7,0.183,0.341,0.264,0.605,0.158,0.24,0.187,0.334,0.268,0.269,0.267,0.147,0.342,0.343,0.283,0.289,87.3,30.2,0.0,28.3,92.429898679,31.3
"Boyd, Matthew",571510,2018,709,639,159,22.4,7.2,0.228,0.41,0.294,0.704,0.182,0.259,0.209,0.37,0.305,0.287,0.28,0.161,0.355,0.329,0.3,0.279,87.4,34.4,8.6,32.3,92.730585239,23.6
"Saupold, Warwick",599683,2018,158,140,16,10.1,8.2,0.293,0.493,0.359,0.852,0.2,0.294,0.322,0.538,0.363,0.395,0.386,0.216,0.373,0.412,0.328,0.361,89.7,40.2,6.3,40.9,94.210165122,14.3
"Meisinger, Ryan",664682,2018,87,75,21,24.1,11.5,0.24,0.56,0.326,0.886,0.32,0.245,0.288,0.607,0.37,0.413,0.372,0.319,0.453,0.521,0.327,0.4,92.5,44.6,8.9,44.6,95.427966,26.5
"Peralta, Wandy",593974,2018,227,192,31,13.7,13.7,0.302,0.38,0.403,0.783,0.078,0.35,0.29,0.396,0.348,0.352,0.393,0.106,0.35,0.354,0.358,0.344,87.0,33.7,3.1,29.4,92.523621914,22.9
"Rosario, Randy",600968,2018,200,178,30,15.0,11.0,0.264,0.376,0.345,0.721,0.112,0.294,0.278,0.419,0.317,0.339,0.358,0.141,0.331,0.361,0.318,0.335,89.5,33.1,4.1,33.8,93.451745822,21.7
"Pérez, Martín",527048,2018,397,353,52,13.1,9.1,0.329,0.527,0.389,0.916,0.198,0.345,0.288,0.468,0.39,0.361,0.357,0.179,0.42,0.382,0.379,0.338,89.0,31.9,4.6,39.1,94.013150231,17.9
"Strahm, Matt",621381,2018,245,219,69,28.2,8.6,0.178,0.306,0.258,0.564,0.128,0.228,0.204,0.371,0.25,0.286,0.282,0.168,0.297,0.354,0.258,0.296,86.4,34.2,3.9,29.6,92.65966349,27.7
"Márquez, Germán",608566,2018,815,742,230,28.2,7.0,0.241,0.398,0.3,0.698,0.157,0.314,0.225,0.359,0.3,0.283,0.287,0.134,0.388,0.362,0.346,0.325,89.5,31.5,6.5,39.1,94.148958343,28.5
"Guerrero, Tyron",594027,2018,267,233,68,25.5,11.2,0.275,0.433,0.363,0.796,0.158,0.354,0.24,0.399,0.347,0.325,0.334,0.159,0.423,0.387,0.386,0.339,88.1,36.1,5.4,37.3,93.587625,26.5
"Ríos, Yacksel",605441,2018,165,147,36,21.8,9.1,0.293,0.49,0.364,0.854,0.197,0.349,0.24,0.379,0.363,0.306,0.318,0.14,0.435,0.353,0.384,0.317,87.4,30.4,4.5,33.0,93.227222936,25.5
"Pérez, Oliver",424144,2018,120,110,43,35.8,5.8,0.155,0.2,0.217,0.417,0.045,0.239,0.172,0.265,0.18,0.215,0.234,0.093,0.248,0.307,0.25,0.28,86.1,36.8,1.5,23.5,91.910446765,34.6
"Tepera, Ryan",572193,2018,263,232,68,25.9,9.1,0.237,0.422,0.316,0.738,0.185,0.291,0.22,0.38,0.318,0.3,0.302,0.159,0.387,0.358,0.329,0.308,88.2,32.9,6.0,40.7,94.083986566,30.4
"Smith, Joe",501925,2018,180,164,46,25.6,6.7,0.207,0.378,0.267,0.645,0.171,0.239,0.224,0.37,0.279,0.294,0.286,0.146,0.338,0.36,0.283,0.313,84.9,33.3,5.8,29.2,92.505052966,22.2
"Morton, Charlie",450203,2018,695,609,201,28.9,9.2,0.213,0.356,0.303,0.659,0.143,0.284,0.205,0.325,0.293,0.284,0.298,0.121,0.357,0.342,0.316,0.308,87.5,32.0,4.4,31.0,93.08194473,28.5
"Heaney, Andrew",571760,2018,749,689,180,24.0,6.0,0.248,0.419,0.3,0.719,0.171,0.296,0.243,0.407,0.31,0.311,0.299,0.164,0.379,0.381,0.333,0.331,87.7,36.2,6.0,37.2,93.602442327,26.3
"Bundy, Dylan",605164,2018,750,685,184,24.5,7.2,0.274,0.523,0.332,0.855,0.249,0.318,0.244,0.44,0.363,0.323,0.305,0.196,0.457,0.399,0.374,0.334,89.3,37.9,8.7,37.4,93.785211583,26.8
"Kennedy, Ian",453178,2018,518,471,105,20.3,7.7,0.265,0.456,0.323,0.779,0.191,0.302,0.26,0.483,0.334,0.342,0.318,0.223,0.391,0.404,0.34,0.333,89.5,39.2,8.9,37.1,93.946026934,19.2
"Fry, Paul",643316,2018,159,140,36,22.6,9.4,0.236,0.286,0.327,0.613,0.05,0.311,0.242,0.316,0.282,0.297,0.333,0.074,0.304,0.328,0.317,0.326,83.6,31.7,1.9,24.0,91.53939125,25.3
"Biagini, Joe",607352,2018,328,297,53,16.2,7.3,0.323,0.529,0.384,0.913,0.206,0.355,0.28,0.475,0.391,0.359,0.347,0.195,0.439,0.396,0.392,0.342,88.4,32.7,4.1,34.2,93.680147521,20.6
"Coulombe, Danny",543056,2018,98,86,26,26.5,11.2,0.279,0.488,0.357,0.845,0.209,0.339,0.213,0.346,0.363,0.29,0.303,0.133,0.458,0.345,0.393,0.306,89.2,29.5,4.9,34.4,93.499565862,31.0
"Soroka, Michael",647336,2018,113,104,21,18.6,6.2,0.288,0.413,0.33,0.743,0.125,0.349,0.286,0.426,0.322,0.33,0.328,0.14,0.372,0.382,0.357,0.354,89.0,43.5,5.9,35.3,93.559037024,22.4
"Dull, Ryan",623430,2018,101,91,21,20.8,7.9,0.242,0.374,0.3,0.674,0.132,0.279,0.243,0.401,0.294,0.314,0.305,0.158,0.336,0.365,0.31,0.317,90.8,25.0,4.2,34.7,94.450120423,24.1
"Kela, Keone",605309,2018,212,191,66,31.1,9.0,0.199,0.335,0.27,0.605,0.136,0.273,0.208,0.349,0.263,0.274,0.279,0.141,0.343,0.361,0.302,0.316,88.0,37.0,7.9,33.1,92.994700714,31.1
"Chapman, Aroldis",547973,2018,212,177,93,43.9,14.2,0.136,0.215,0.278,0.493,0.079,0.268,0.138,0.215,0.239,0.241,0.28,0.077,0.314,0.319,0.286,0.29,88.7,31.0,6.0,32.1,93.488774762,37.3
"Ferguson, Caleb",657571,2018,202,187,59,29.2,5.9,0.23,0.401,0.287,0.688,0.171,0.292,0.233,0.369,0.297,0.289,0.29,0.136,0.39,0.379,0.336,0.341,88.7,31.3,3.1,38.3,93.443048889,26.1
"Guerra, Javy",457915,2018,162,144,30,18.5,7.4,0.292,0.479,0.356,0.835,0.187,0.342,0.271,0.415,0.355,0.327,0.338,0.144,0.409,0.37,0.365,0.34,89.3,31.6,8.5,40.2,93.765979217,19.5
"Ryu, Hyun Jin",547943,2018,324,307,89,27.5,4.6,0.221,0.362,0.26,0.622,0.141,0.282,0.22,0.359,0.268,0.269,0.259,0.138,0.349,0.351,0.312,0.311,86.2,30.6,4.1,28.8,92.637167778,27.8
"López, Pablo",641154,2018,247,222,46,18.6,7.3,0.252,0.428,0.317,0.745,0.176,0.282,0.239,0.414,0.315,0.309,0.307,0.175,0.359,0.352,0.315,0.301,86.2,30.2,5.6,29.6,92.604193371,24.5
"Gonsalves, Stephen",624427,2018,122,99,16,13.1,18.0,0.283,0.404,0.418,0.822,0.121,0.321,0.322,0.481,0.369,0.411,0.45,0.16,0.351,0.413,0.337,0.384,89.5,39.8,7.2,38.6,93.708787108,16.8
"Doolittle, Sean",448281,2018,163,155,60,36.8,3.7,0.135,0.213,0.178,0.391,0.078,0.196,0.162,0.26,0.172,0.204,0.203,0.098,0.242,0.297,0.221,0.265,84.4,31.6,4.2,24.2,91.906650323,33.5
"Glasnow, Tyler",607192,2018,468,410,136,29.1,11.3,0.217,0.376,0.312,0.688,0.159,0.285,0.215,0.385,0.302,0.308,0.311,0.17,0.374,0.385,0.324,0.322,89.9,33.8,5.1,38.5,94.110819158,29.0
"Richards, Garrett",572070,2018,323,288,87,26.9,10.2,0.222,0.382,0.304,0.686,0.16,0.279,0.224,0.389,0.302,0.307,0.306,0.165,0.366,0.375,0.318,0.321,90.4,30.7,5.9,41.1,94.644757811,28.4
"Stanek, Ryne",592773,2018,263,235,81,30.8,10.3,0.191,0.34,0.278,0.618,0.149,0.253,0.186,0.354,0.273,0.276,0.273,0.167,0.343,0.349,0.292,0.284,90.1,33.8,8.4,38.3,93.882387273,34.4
"Springs, Jeffrey",605488,2018,141,125,31,22.0,9.9,0.256,0.408,0.336,0.744,0.152,0.311,0.255,0.409,0.324,0.326,0.334,0.154,0.375,0.378,0.34,0.338,86.7,41.1,5.3,27.4,92.850261809,27.0
"Miley, Wade",489119,2018,338,300,50,14.8,8.0,0.237,0.327,0.309,0.636,0.09,0.274,0.257,0.354,0.283,0.306,0.329,0.097,0.289,0.319,0.283,0.308,86.9,28.9,2.0,28.5,92.510997755,22.1
"Gaviglio, Sam",543208,2018,548,498,105,19.2,6.9,0.281,0.47,0.335,0.805,0.189,0.316,0.265,0.434,0.344,0.33,0.322,0.169,0.399,0.38,0.353,0.336,88.9,31.4,6.5,40.4,94.112764351,20.9
"Wacha, Michael",608379,2018,355,308,71,20.0,10.1,0.221,0.344,0.302,0.646,0.123,0.253,0.275,0.443,0.286,0.348,0.352,0.168,0.307,0.396,0.281,0.353,89.0,36.2,6.1,37.0,93.952152739,23.1
"Black, Ray",605143,2018,95,82,33,34.7,10.5,0.207,0.427,0.301,0.728,0.22,0.289,0.178,0.302,0.316,0.262,0.275,0.125,0.443,0.342,0.347,0.297,84.4,23.5,7.8,31.4,91.942267755,37.0
"Gearrin, Cory",518715,2018,248,220,53,21.4,8.5,0.255,0.405,0.336,0.741,0.15,0.306,0.254,0.412,0.324,0.329,0.336,0.158,0.369,0.376,0.335,0.335,88.4,36.9,6.5,33.9,93.096747988,26.7
"Stock, Robert",476594,2018,166,150,38,22.9,7.8,0.247,0.3,0.315,0.615,0.053,0.324,0.212,0.286,0.276,0.258,0.284,0.074,0.317,0.29,0.33,0.284,86.7,24.8,2.7,33.6,93.171794545,25.7
"Barraclough, Kyle",607457,2018,245,203,60,24.5,13.9,0.197,0.35,0.325,0.675,0.153,0.235,0.203,0.312,0.3,0.295,0.333,0.109,0.326,0.318,0.278,0.29,87.2,27.4,1.4,30.8,92.683778951,29.7
"Perdomo, Luis",606131,2018,217,189,39,18.0,10.1,0.328,0.492,0.403,0.895,0.164,0.392,0.271,0.414,0.384,0.336,0.353,0.143,0.435,0.368,0.408,0.337,91.3,36.6,6.5,47.4,95.019331667,19.3
"Grace, Matt",594840,2018,247,229,48,19.4,5.3,0.24,0.354,0.285,0.639,0.114,0.281,0.231,0.376,0.275,0.283,0.278,0.145,0.317,0.328,0.301,0.291,87.7,29.9,3.3,33.7,93.398781484,18.0
"Jennings, Dan",543359,2018,271,240,45,16.6,8.5,0.275,0.421,0.337,0.758,0.146,0.313,0.279,0.408,0.327,0.331,0.342,0.129,0.359,0.364,0.333,0.34,89.1,30.7,5.0,40.1,94.103619697,20.0
"Castillo, Luis",622491,2018,708,645,165,23.3,6.9,0.245,0.431,0.301,0.732,0.186,0.284,0.244,0.425,0.314,0.318,0.302,0.181,0.38,0.385,0.325,0.328,88.8,33.7,7.4,39.5,94.033699958,28.7
"Moylan, Peter",493247,2018,129,107,23,17.8,14.0,0.299,0.449,0.409,0.858,0.15,0.35,0.275,0.384,0.371,0.343,0.39,0.109,0.407,0.366,0.381,0.351,89.7,30.2,8.1,38.8,93.997126867,25.8
"Minaya, Juan",573668,2018,209,177,58,27.8,13.9,0.22,0.333,0.34,0.673,0.113,0.31,0.196,0.281,0.3,0.275,0.32,0.085,0.351,0.308,0.328,0.293,90.1,30.3,4.2,39.5,94.020405763,26.8
"Kuhl, Chad",641771,2018,373,324,81,21.7,8.8,0.275,0.463,0.343,0.806,0.188,0.319,0.282,0.508,0.345,0.369,0.353,0.227,0.407,0.443,0.357,0.372,90.5,40.8,7.5,38.8,94.485709177,23.4
"Rodón, Carlos",607074,2018,510,441,90,17.6,10.8,0.22,0.376,0.322,0.698,0.156,0.243,0.225,0.371,0.309,0.313,0.327,0.146,0.315,0.321,0.275,0.282,87.7,28.3,5.4,34.3,93.163799176,21.3
"Givens, Mychal",571710,2018,317,280,79,24.9,9.5,0.218,0.325,0.297,0.622,0.107,0.285,0.217,0.324,0.272,0.274,0.297,0.107,0.317,0.321,0.299,0.298,85.4,40.0,4.9,29.8,92.393347931,24.9
"Cueto, Johnny",456501,2018,214,193,38,17.8,6.1,0.238,0.399,0.303,0.702,0.161,0.259,0.231,0.435,0.307,0.32,0.297,0.204,0.337,0.354,0.297,0.288,87.1,33.5,3.8,30.4,92.883577662,21.6
"Jurado, Ariel",642558,2018,241,222,22,9.1,7.5,0.297,0.459,0.35,0.809,0.162,0.306,0.311,0.495,0.348,0.371,0.363,0.183,0.358,0.384,0.33,0.346,90.3,30.3,3.5,47.8,94.9109618,10.3
"Littell, Zack",641793,2018,101,84,14,13.9,10.9,0.298,0.524,0.4,0.924,0.226,0.324,0.275,0.442,0.396,0.365,0.382,0.168,0.41,0.366,0.352,0.326,88.6,34.7,4.2,39.4,93.737748857,17.4
"Britton, Zack",502154,2018,170,144,34,20.0,12.9,0.201,0.292,0.318,0.61,0.091,0.241,0.227,0.334,0.281,0.31,0.341,0.107,0.274,0.318,0.261,0.296,87.9,23.4,3.6,37.8,93.276856757,32.1
"Hutchison, Drew",571800,2018,199,164,31,15.6,13.1,0.305,0.524,0.398,0.922,0.219,0.32,0.268,0.471,0.393,0.368,0.37,0.204,0.421,0.385,0.365,0.325,89.0,35.7,6.4,34.3,93.55518438,19.8
"García, Jarlín",606424,2018,278,247,40,14.4,10.1,0.239,0.478,0.314,0.792,0.239,0.223,0.281,0.541,0.334,0.38,0.354,0.26,0.356,0.417,0.282,0.335,89.3,37.1,5.7,37.9,93.825995268,19.0
"Mejía, Adalberto",606167,2018,92,79,13,14.1,9.8,0.215,0.253,0.308,0.561,0.038,0.242,0.249,0.391,0.261,0.329,0.341,0.141,0.24,0.332,0.254,0.299,82.9,38.2,4.4,30.9,92.027063284,20.0
"Hernandez, David",456696,2018,254,230,65,25.6,6.7,0.2,0.365,0.27,0.635,0.165,0.252,0.211,0.348,0.276,0.279,0.28,0.137,0.331,0.335,0.279,0.294,88.5,33.5,10.2,36.5,93.352410244,24.5
"Clevinger, Mike",605182,2018,809,737,207,25.6,8.3,0.223,0.365,0.29,0.655,0.142,0.28,0.214,0.354,0.288,0.283,0.283,0.14,0.346,0.339,0.309,0.298,87.0,32.0,8.7,31.8,92.862517252,27.8
"Duke, Zach",435043,2018,240,210,51,21.3,8.8,0.271,0.348,0.353,0.701,0.077,0.352,0.219,0.29,0.308,0.27,0.31,0.071,0.35,0.295,0.356,0.291,88.5,28.4,3.7,34.0,93.548183289,24.2
"Morgan, Adam",605388,2018,213,189,50,23.5,10.3,0.259,0.365,0.333,0.698,0.106,0.324,0.235,0.354,0.304,0.297,0.316,0.119,0.36,0.351,0.348,0.322,86.5,27.7,3.5,31.2,92.575539854,28.5
"Bieber, Shane",669456,2018,485,456,118,24.3,4.7,0.285,0.467,0.32,0.787,0.182,0.356,0.256,0.426,0.335,0.314,0.295,0.17,0.425,0.395,0.38,0.345,89.6,35.7,6.4,38.3,93.494576804,26.2
"Kittredge, Andrew",552640,2018,181,160,30,16.6,9.4,0.338,0.556,0.4,0.956,0.218,0.376,0.295,0.48,0.398,0.359,0.365,0.185,0.46,0.408,0.409,0.361,90.9,33.8,3.8,47.7,95.126370534,22.6
"Nicasio, Juan",504379,2018,183,172,53,29.0,2.7,0.308,0.5,0.328,0.828,0.192,0.402,0.231,0.377,0.349,0.275,0.257,0.147,0.48,0.37,0.431,0.326,89.0,39.8,7.3,35.0,93.210386885,23.5
"Vázquez, Felipe",553878,2018,296,271,89,30.1,8.1,0.232,0.321,0.297,0.618,0.089,0.331,0.206,0.311,0.273,0.26,0.273,0.105,0.354,0.334,0.346,0.307,89.4,31.3,5.5,39.6,93.944979056,30.0
"Fedde, Erick",607200,2018,217,192,46,21.2,10.1,0.286,0.49,0.356,0.846,0.204,0.336,0.28,0.47,0.361,0.362,0.355,0.191,0.426,0.429,0.372,0.37,89.1,33.6,9.4,46.3,95.038778163,23.4
"Bauer, Trevor",545333,2018,717,645,221,30.8,7.9,0.208,0.302,0.28,0.582,0.094,0.299,0.197,0.307,0.26,0.259,0.271,0.11,0.329,0.329,0.314,0.298,87.8,33.0,7.0,29.1,92.860139007,31.5
"Kelley, Shawn",518875,2018,190,176,50,26.3,5.8,0.188,0.381,0.237,0.618,0.193,0.215,0.18,0.331,0.257,0.244,0.233,0.15,0.327,0.308,0.258,0.253,86.7,34.4,6.3,32.0,92.733726825,25.8
"Verlander, Justin",434378,2018,833,781,290,34.8,4.4,0.2,0.36,0.242,0.602,0.16,0.274,0.184,0.309,0.259,0.237,0.229,0.124,0.372,0.335,0.315,0.292,88.5,31.1,6.6,32.7,93.215622592,31.6
"Bedrosian, Cam",592135,2018,270,240,57,21.1,9.6,0.263,0.4,0.338,0.738,0.137,0.316,0.266,0.417,0.324,0.335,0.342,0.151,0.369,0.385,0.342,0.348,90.9,34.6,5.9,43.8,94.806392637,22.2
"Kelly, Joe",523260,2018,285,244,68,23.9,11.2,0.234,0.332,0.33,0.662,0.098,0.301,0.236,0.348,0.297,0.309,0.335,0.112,0.328,0.347,0.317,0.325,89.7,29.4,6.1,37.8,93.870176704,25.6
"Cole, Taylor",518566,2018,135,118,39,28.9,8.9,0.169,0.28,0.261,0.541,0.111,0.221,0.199,0.284,0.246,0.263,0.288,0.085,0.281,0.31,0.25,0.296,87.8,28.4,4.9,23.5,93.033730633,34.2
"Sewald, Paul",623149,2018,253,224,58,22.9,9.1,0.277,0.478,0.343,0.821,0.201,0.335,0.239,0.387,0.348,0.302,0.31,0.147,0.422,0.356,0.367,0.318,88.2,37.4,5.8,29.2,92.768737321,21.4
"Sparkman, Glenn",642098,2018,176,155,27,15.3,8.5,0.303,0.458,0.358,0.816,0.155,0.338,0.266,0.384,0.342,0.312,0.332,0.118,0.378,0.339,0.353,0.319,89.0,35.3,6.0,36.8,93.301398561,22.0
"Foltynewicz, Mike",592314,2018,743,666,202,27.2,9.2,0.195,0.324,0.275,0.599,0.129,0.252,0.202,0.33,0.265,0.274,0.282,0.128,0.315,0.329,0.28,0.291,88.6,30.8,4.3,34.5,93.337673211,25.7
"Cole, A.J.",595918,2018,221,196,59,26.7,10.0,0.281,0.577,0.352,0.929,0.296,0.325,0.243,0.448,0.389,0.333,0.32,0.206,0.51,0.423,0.399,0.35,88.1,41.4,9.3,36.2,93.191836889,33.2
"Ramos, Edubray",591693,2018,173,156,42,24.3,8.1,0.218,0.314,0.285,0.599,0.096,0.27,0.202,0.305,0.262,0.254,0.27,0.103,0.309,0.297,0.296,0.274,83.3,29.3,3.4,21.6,91.281976491,25.0
"Hatcher, Chris",501822,2018,167,149,30,18.0,10.2,0.289,0.463,0.365,0.828,0.174,0.321,0.269,0.403,0.358,0.331,0.348,0.134,0.401,0.362,0.361,0.337,86.5,32.8,2.5,31.1,92.754319076,20.5
"Jones, Nate",518858,2018,137,117,32,23.4,10.9,0.239,0.385,0.338,0.723,0.146,0.293,0.249,0.433,0.32,0.343,0.347,0.183,0.361,0.397,0.326,0.34,89.0,40.2,8.0,35.6,93.904121279,30.7
"Mayza, Tim",641835,2018,151,135,40,26.5,9.3,0.244,0.37,0.325,0.695,0.126,0.326,0.197,0.322,0.298,0.262,0.282,0.125,0.373,0.317,0.347,0.28,87.5,34.7,4.2,27.4,92.813751263,30.2
"Stammen, Craig",489334,2018,317,294,88,27.8,5.4,0.221,0.313,0.27,0.583,0.092,0.304,0.213,0.319,0.253,0.256,0.264,0.106,0.325,0.332,0.314,0.307,88.2,32.1,5.7,34.2,93.116821616,30.0
"Farrell, Luke",608652,2018,141,123,39,27.7,11.3,0.244,0.463,0.333,0.796,0.219,0.295,0.249,0.427,0.338,0.33,0.338,0.178,0.431,0.418,0.353,0.36,89.4,42.4,9.4,42.4,93.915238588,26.8
"Sanchez, Aaron",592717,2018,474,405,86,18.1,12.2,0.262,0.407,0.361,0.768,0.145,0.304,0.263,0.435,0.337,0.35,0.363,0.172,0.357,0.376,0.328,0.331,89.2,32.2,4.0,39.0,94.107260528,24.6
"Floro, Dylan",571670,2018,271,241,58,21.4,8.5,0.237,0.332,0.302,0.634,0.095,0.295,0.214,0.298,0.272,0.255,0.284,0.084,0.316,0.293,0.306,0.28,88.0,27.5,3.7,31.2,92.802622108,25.4
"Velasquez, Vince",592826,2018,630,553,161,25.6,9.4,0.25,0.418,0.329,0.747,0.168,0.322,0.227,0.35,0.325,0.296,0.311,0.123,0.395,0.351,0.349,0.32,89.4,32.3,4.7,34.8,93.751432268,26.8
"Stratton, Chris",608717,2018,625,560,112,17.9,8.6,0.273,0.455,0.336,0.791,0.182,0.308,0.283,0.474,0.339,0.356,0.347,0.191,0.38,0.403,0.337,0.352,90.4,38.7,8.3,38.8,94.100184901,20.8
"Wisler, Matt",605538,2018,166,155,32,19.3,4.2,0.265,0.49,0.291,0.781,0.225,0.28,0.276,0.507,0.328,0.343,0.304,0.23,0.391,0.411,0.325,0.343,89.7,40.2,7.9,39.4,94.116179206,22.6
"Triggs, Andrew",592811,2018,182,160,43,23.6,9.9,0.231,0.412,0.319,0.731,0.181,0.27,0.242,0.484,0.319,0.351,0.329,0.242,0.369,0.42,0.314,0.33,91.2,34.7,8.5,43.1,95.232583421,25.3
"Petit, Yusmeiro",433589,2018,368,344,76,20.7,4.9,0.221,0.392,0.256,0.648,0.171,0.242,0.229,0.413,0.272,0.294,0.269,0.183,0.326,0.357,0.278,0.297,87.6,31.4,5.5,33.9,93.054568246,20.1
"Schultz, Jaime",621289,2018,125,103,35,28.0,13.6,0.175,0.398,0.304,0.702,0.223,0.188,0.156,0.362,0.308,0.294,0.291,0.206,0.351,0.326,0.257,0.233,90.5,31.4,10.0,40.0,94.183856812,33.1
"Jeffress, Jeremy",502026,2018,299,269,89,29.8,9.0,0.182,0.271,0.258,0.529,0.089,0.25,0.203,0.31,0.234,0.26,0.278,0.106,0.288,0.33,0.271,0.302,88.3,27.5,5.5,40.1,93.905815083,31.0
"Diekman, Jake",518617,2018,243,204,66,27.2,12.8,0.24,0.363,0.354,0.717,0.123,0.331,0.22,0.338,0.319,0.306,0.339,0.118,0.375,0.355,0.35,0.324,87.1,30.0,7.1,34.3,93.446212826,28.4
"Domínguez, Seranthony",622554,2018,231,204,74,32.0,9.5,0.157,0.25,0.251,0.501,0.093,0.22,0.183,0.283,0.227,0.253,0.275,0.1,0.27,0.316,0.244,0.286,86.8,24.4,3.1,29.8,92.701262748,35.0
"Barnes, Jacob",606930,2018,217,192,47,21.7,10.6,0.266,0.38,0.343,0.723,0.114,0.331,0.246,0.369,0.316,0.307,0.326,0.123,0.363,0.352,0.349,0.325,88.1,25.9,2.0,34.7,93.492177639,30.3
"Miller, Justin",502522,2018,215,193,60,27.9,7.9,0.218,0.42,0.285,0.705,0.202,0.256,0.195,0.395,0.301,0.285,0.265,0.2,0.383,0.358,0.311,0.28,88.1,32.4,4.4,31.6,92.872348284,26.6
"Barnette, Tony",501817,2018,104,97,26,25.0,4.8,0.196,0.34,0.25,0.59,0.144,0.246,0.203,0.362,0.258,0.271,0.256,0.159,0.309,0.329,0.268,0.277,88.7,25.4,2.8,35.2,93.963917857,26.3
"Hughes, Phil",461833,2018,152,140,32,21.1,6.6,0.314,0.6,0.362,0.962,0.286,0.337,0.321,0.668,0.403,0.434,0.369,0.347,0.495,0.538,0.404,0.414,92.2,45.0,7.3,45.0,95.316100833,22.1
"Stroman, Marcus",573186,2018,449,406,77,17.1,8.0,0.283,0.416,0.342,0.758,0.133,0.328,0.26,0.396,0.33,0.322,0.326,0.136,0.365,0.355,0.346,0.324,89.4,25.4,3.9,40.4,94.243752545,22.4
"Corbin, Patrick",571578,2018,800,742,246,30.8,6.0,0.218,0.337,0.27,0.607,0.119,0.304,0.232,0.361,0.265,0.283,0.283,0.129,0.353,0.382,0.325,0.348,88.4,31.1,6.2,35.6,93.521333354,34.7
"Gómez, Jeanmar",491646,2018,114,99,27,23.7,8.8,0.293,0.455,0.354,0.809,0.162,0.361,0.27,0.437,0.343,0.343,0.342,0.167,0.42,0.419,0.387,0.368,88.6,40.8,6.6,36.8,93.712990667,29.2
"Fried, Max",608331,2018,142,116,44,31.0,14.1,0.224,0.345,0.343,0.688,0.121,0.324,0.227,0.332,0.31,0.317,0.353,0.104,0.38,0.394,0.351,0.37,91.1,38.2,10.5,46.1,94.826704189,34.9
"Altavilla, Dan",656186,2018,85,68,23,27.1,17.6,0.162,0.279,0.329,0.608,0.117,0.209,0.187,0.317,0.288,0.312,0.352,0.13,0.283,0.329,0.244,0.285,85.9,35.6,11.1,33.3,92.775009545,31.0
"Darvish, Yu",506433,2018,180,153,49,27.2,11.7,0.235,0.425,0.341,0.766,0.19,0.296,0.227,0.41,0.335,0.332,0.335,0.184,0.406,0.401,0.343,0.334,88.6,33.0,3.8,32.1,93.547399406,25.5
"Leake, Mike",502190,2018,783,739,119,15.2,4.3,0.28,0.447,0.316,0.763,0.167,0.307,0.297,0.471,0.326,0.348,0.333,0.173,0.366,0.394,0.332,0.354,89.7,35.4,6.6,39.6,94.224811479,16.7
"García, Yimi",554340,2018,101,95,19,18.8,4.0,0.305,0.611,0.347,0.958,0.306,0.319,0.293,0.586,0.4,0.389,0.337,0.293,0.48,0.471,0.382,0.371,90.2,30.3,5.3,48.6,95.131590972,24.1
"Shreve, Chasen",592741,2018,235,203,62,26.4,11.5,0.261,0.488,0.345,0.833,0.227,0.313,0.241,0.446,0.355,0.335,0.328,0.205,0.442,0.41,0.366,0.339,88.2,33.1,5.5,37.2,93.489947361,32.6
"Hudson, Daniel",543339,2018,197,175,44,22.3,9.1,0.217,0.349,0.305,0.654,0.132,0.256,0.226,0.345,0.29,0.296,0.315,0.119,0.322,0.333,0.29,0.306,87.2,30.5,3.8,27.8,92.657142276,27.8
"McHugh, Collin",543521,2018,283,255,94,33.2,7.4,0.176,0.29,0.252,0.542,0.114,0.25,0.204,0.336,0.243,0.274,0.277,0.132,0.312,0.366,0.278,0.322,86.3,39.9,4.9,30.1,92.60168858,31.3
"Kolarek, Adam",592473,2018,141,134,19,13.5,3.5,0.284,0.373,0.312,0.685,0.089,0.328,0.238,0.344,0.295,0.272,0.273,0.106,0.326,0.298,0.328,0.28,87.5,27.6,6.9,32.8,92.840165739,20.6
"Ross, Tyson",475115,2018,634,556,122,19.2,9.8,0.237,0.394,0.319,0.713,0.157,0.272,0.251,0.4,0.309,0.323,0.333,0.149,0.338,0.359,0.3,0.321,88.3,36.8,7.9,35.2,93.252466142,21.8
"Wood, Alex",622072,2018,637,579,135,21.2,6.3,0.247,0.363,0.301,0.664,0.116,0.295,0.24,0.366,0.288,0.289,0.296,0.127,0.335,0.338,0.317,0.309,88.1,31.3,4.6,33.7,93.125418094,24.1
"Plutko, Adam",592644,2018,326,299,60,18.4,7.1,0.261,0.555,0.314,0.869,0.294,0.259,0.245,0.491,0.364,0.336,0.299,0.246,0.423,0.385,0.324,0.304,88.9,36.4,8.3,38.4,93.798340544,19.0
"Skaggs, Tyler",572140,2018,533,484,129,24.2,7.5,0.262,0.413,0.323,0.736,0.151,0.328,0.241,0.383,0.32,0.304,0.305,0.141,0.388,0.365,0.354,0.328,89.4,33.1,7.2,38.7,93.882256449,25.7
"Suter, Brent",608718,2018,424,395,84,19.8,4.5,0.258,0.456,0.298,0.754,0.198,0.286,0.26,0.436,0.321,0.318,0.301,0.176,0.382,0.379,0.327,0.331,85.7,40.1,4.1,24.9,92.36358066,23.0
"Edwards Jr., Carl",605218,2018,222,189,67,30.2,14.4,0.19,0.275,0.308,0.583,0.085,0.283,0.201,0.296,0.268,0.281,0.317,0.095,0.308,0.333,0.295,0.312,85.2,39.8,3.3,26.8,92.066963306,33.8
"deGrom, Jacob",594798,2018,835,776,269,32.2,5.5,0.196,0.277,0.244,0.521,0.081,0.283,0.2,0.289,0.23,0.243,0.25,0.089,0.307,0.328,0.297,0.308,86.3,32.2,4.1,28.9,92.619660514,31.4
"Ohtani, Shohei",660271,2018,211,187,63,29.9,10.4,0.203,0.332,0.289,0.621,0.129,0.269,0.207,0.338,0.277,0.284,0.294,0.131,0.34,0.352,0.304,0.312,87.0,43.2,8.0,31.2,92.90968152,35.3
"Fiers, Mike",571666,2018,714,666,139,19.5,5.2,0.249,0.45,0.296,0.746,0.201,0.27,0.254,0.48,0.319,0.336,0.302,0.226,0.372,0.396,0.314,0.322,89.8,33.2,5.7,37.4,93.997538092,19.9
"Keller, Brad",641745,2018,583,528,96,16.5,8.6,0.252,0.335,0.317,0.652,0.083,0.294,0.247,0.356,0.29,0.301,0.315,0.11,0.307,0.322,0.306,0.302,88.1,28.0,2.3,31.6,93.122944149,21.2
"Vincent, Nick",543883,2018,238,218,56,23.5,5.9,0.229,0.376,0.283,0.659,0.147,0.274,0.209,0.369,0.279,0.272,0.266,0.16,0.342,0.331,0.305,0.28,85.4,32.1,4.8,30.9,92.221584908,24.6
"Mayers, Mike",594577,2018,226,204,49,21.7,6.6,0.289,0.485,0.336,0.821,0.196,0.344,0.256,0.414,0.348,0.313,0.308,0.158,0.424,0.374,0.373,0.333,88.3,32.9,3.1,34.8,93.665182722,23.7
"Eovaldi, Nathan",543135,2018,455,427,101,22.2,4.4,0.246,0.403,0.282,0.685,0.157,0.288,0.237,0.372,0.293,0.283,0.275,0.136,0.356,0.343,0.318,0.309,88.3,33.5,4.2,35.5,93.330975061,21.8
"Bradford, Chasen",607473,2018,231,210,38,16.5,6.1,0.262,0.438,0.32,0.758,0.176,0.279,0.27,0.481,0.326,0.351,0.33,0.211,0.358,0.392,0.316,0.329,89.6,31.6,6.3,36.8,93.975826839,22.1
"Volstad, Chris",458690,2018,216,196,29,13.4,6.0,0.332,0.551,0.377,0.928,0.219,0.348,0.287,0.484,0.392,0.357,0.342,0.198,0.432,0.388,0.382,0.338,90.2,32.7,3.5,39.8,94.229068353,12.7
"Loup, Aaron",571901,2018,183,162,44,24.0,7.7,0.296,0.444,0.361,0.805,0.148,0.376,0.256,0.384,0.348,0.318,0.328,0.128,0.423,0.378,0.397,0.348,86.9,38.8,5.0,27.3,92.68069625,25.9
"Koch, Matt",571863,2018,360,329,50,13.9,6.1,0.267,0.492,0.324,0.816,0.225,0.264,0.306,0.593,0.348,0.406,0.361,0.288,0.377,0.451,0.314,0.362,90.6,37.2,6.4,42.2,95.024105735,16.4
"Godley, Zack",643327,2018,791,682,185,23.4,10.2,0.26,0.389,0.345,0.734,0.129,0.329,0.255,0.403,0.322,0.333,0.345,0.148,0.374,0.391,0.35,0.35,89.7,33.3,5.7,38.8,94.040489257,28.2
"Martin, Chris",455119,2018,177,168,37,20.9,2.8,0.274,0.417,0.305,0.722,0.143,0.323,0.271,0.433,0.307,0.32,0.307,0.162,0.375,0.392,0.348,0.351,88.4,35.6,5.3,34.8,93.709315344,20.3
"Kelly, Casey",543391,2018,104,96,16,15.4,4.8,0.292,0.479,0.327,0.806,0.187,0.316,0.263,0.438,0.338,0.315,0.302,0.174,0.382,0.353,0.341,0.31,91.2,29.3,4.9,37.8,94.120525976,22.7
"Nova, Iván",467100,2018,683,638,114,16.7,5.1,0.268,0.459,0.309,0.768,0.191,0.29,0.266,0.463,0.327,0.332,0.309,0.197,0.373,0.38,0.325,0.325,90.0,33.2,5.7,38.7,94.077225463,19.9
"Adam, Jason",592094,2018,142,122,37,26.1,10.6,0.246,0.533,0.338,0.871,0.287,0.269,0.23,0.486,0.365,0.35,0.329,0.256,0.456,0.432,0.345,0.331,87.9,35.6,6.9,35.6,93.846154023,26.4
"Sampson, Adrian",592716,2018,96,89,15,15.6,4.2,0.27,0.517,0.313,0.83,0.247,0.261,0.288,0.558,0.351,0.381,0.334,0.271,0.393,0.433,0.32,0.348,90.4,41.3,8.0,38.7,94.576374054,15.5
"Gonzalez, Merandy",642571,2018,103,95,19,18.4,7.8,0.326,0.505,0.379,0.884,0.179,0.375,0.305,0.504,0.377,0.369,0.359,0.199,0.443,0.432,0.408,0.381,88.4,44.7,9.2,38.2,93.756959079,21.9
"McCarthy, Brandon",435221,2018,339,313,65,19.2,6.2,0.3,0.498,0.343,0.841,0.198,0.338,0.266,0.456,0.36,0.332,0.312,0.189,0.426,0.389,0.378,0.336,89.2,30.8,4.7,36.8,94.060684516,16.7
"Quintana, Jose",500779,2018,739,658,158,21.4,9.2,0.246,0.418,0.319,0.737,0.172,0.287,0.246,0.414,0.319,0.32,0.319,0.168,0.369,0.372,0.323,0.324,89.4,33.7,5.7,37.6,93.737849168,20.6
"Gray, Sonny",543243,2018,582,511,123,21.1,9.8,0.27,0.419,0.349,0.768,0.149,0.327,0.249,0.385,0.336,0.322,0.334,0.136,0.382,0.362,0.351,0.329,88.7,30.5,5.8,39.5,94.004006762,25.1
"Junis, Jakob",596001,2018,758,688,164,21.6,5.7,0.265,0.455,0.318,0.773,0.19,0.3,0.247,0.432,0.331,0.323,0.306,0.185,0.394,0.383,0.342,0.325,88.7,34.5,4.1,35.6,93.595588475,22.4
"Lawrence, Casey",596271,2018,106,94,14,13.2,9.4,0.298,0.489,0.377,0.866,0.191,0.333,0.276,0.463,0.371,0.354,0.358,0.187,0.391,0.369,0.35,0.325,87.7,31.3,8.8,35.0,93.399050125,21.5
"Norris, Bud",502032,2018,245,215,67,27.3,8.6,0.237,0.377,0.317,0.694,0.14,0.303,0.215,0.353,0.301,0.284,0.299,0.138,0.375,0.349,0.34,0.311,88.0,34.9,5.3,33.3,93.187544384,27.5
"Feliz, Michael",593140,2018,217,188,55,25.3,10.6,0.261,0.431,0.346,0.777,0.17,0.331,0.258,0.434,0.337,0.345,0.349,0.176,0.405,0.418,0.36,0.365,89.2,42.6,11.0,40.0,94.025403556,24.2
"Arano, Víctor",644364,2018,246,226,60,24.4,6.9,0.239,0.381,0.293,0.674,0.142,0.296,0.233,0.389,0.286,0.292,0.29,0.156,0.354,0.365,0.321,0.318,88.7,32.1,5.4,36.4,93.469726994,32.5
"Elías, Roenis",606273,2018,210,190,34,16.2,7.6,0.242,0.342,0.3,0.642,0.1,0.285,0.244,0.369,0.28,0.294,0.302,0.125,0.298,0.317,0.289,0.292,86.9,30.8,6.9,32.7,93.157101975,20.6
"De La Rosa, Jorge",407822,2018,243,210,47,19.3,11.1,0.243,0.381,0.329,0.71,0.138,0.283,0.255,0.387,0.307,0.324,0.344,0.133,0.338,0.363,0.309,0.331,89.7,28.0,3.0,39.9,94.411693252,24.9
"Bradley, Archie",605151,2018,296,271,75,25.3,6.8,0.229,0.38,0.292,0.672,0.151,0.283,0.217,0.37,0.292,0.286,0.281,0.153,0.357,0.347,0.316,0.3,88.7,32.5,5.6,38.6,93.711813436,20.6
"Wheeler, Zack",554430,2018,744,668,179,24.1,7.4,0.225,0.32,0.291,0.611,0.095,0.284,0.219,0.334,0.272,0.278,0.287,0.115,0.317,0.325,0.304,0.299,86.1,32.9,4.2,27.1,92.398570412,24.7
"Bumgarner, Madison",518516,2018,551,495,109,19.8,7.8,0.238,0.39,0.304,0.694,0.152,0.277,0.248,0.426,0.3,0.321,0.314,0.177,0.339,0.368,0.303,0.318,88.4,34.3,4.3,35.5,93.650850257,21.6
"Yacabonis, Jimmy",642231,2018,177,153,33,18.6,10.2,0.261,0.471,0.358,0.829,0.21,0.286,0.25,0.417,0.358,0.337,0.348,0.167,0.394,0.364,0.333,0.319,88.9,29.8,5.0,33.9,93.467461933,24.8
"Peacock, Brad",502748,2018,272,248,96,35.3,7.4,0.226,0.431,0.29,0.721,0.205,0.317,0.214,0.36,0.31,0.283,0.279,0.146,0.447,0.398,0.366,0.347,87.7,39.9,3.9,31.4,93.142540329,31.4
"Farmer, Buck",571656,2018,308,263,57,18.5,13.3,0.255,0.399,0.355,0.754,0.144,0.302,0.239,0.359,0.332,0.314,0.342,0.12,0.352,0.326,0.322,0.302,88.1,35.4,6.2,35.9,93.040454471,26.8
"Iglesias, Raisel",628452,2018,291,261,80,27.5,8.6,0.199,0.372,0.272,0.644,0.173,0.234,0.236,0.404,0.278,0.312,0.309,0.168,0.344,0.397,0.284,0.342,86.4,39.7,5.4,31.7,92.777698287,33.8
"Herrera, Kelvin",516969,2018,184,171,38,20.7,5.4,0.251,0.392,0.297,0.689,0.141,0.289,0.24,0.399,0.298,0.3,0.286,0.159,0.35,0.354,0.321,0.309,87.7,32.6,8.9,36.3,93.694557424,26.8
"Hader, Josh",623352,2018,306,272,143,46.7,9.8,0.132,0.265,0.22,0.485,0.133,0.221,0.148,0.271,0.219,0.231,0.236,0.123,0.346,0.375,0.275,0.313,87.5,39.4,3.8,32.6,93.434844609,39.2
"Tomlin, Josh",458708,2018,321,303,46,14.3,3.7,0.304,0.611,0.336,0.947,0.307,0.286,0.297,0.581,0.396,0.386,0.332,0.284,0.449,0.439,0.355,0.35,88.9,39.0,5.0,38.0,93.731666908,19.0
"Gray, Jon",592351,2018,742,677,183,24.7,7.0,0.266,0.451,0.322,0.773,0.185,0.326,0.246,0.391,0.332,0.306,0.305,0.145,0.413,0.375,0.362,0.337,89.8,31.9,6.0,37.9,93.996075703,29.2
"Hunter, Tommy",488984,2018,270,250,51,18.9,5.6,0.26,0.436,0.309,0.745,0.176,0.304,0.253,0.402,0.318,0.307,0.303,0.15,0.368,0.353,0.325,0.317,87.3,33.8,4.0,35.3,92.93598165,21.3
"Chacín, Jhoulys",468504,2018,796,697,156,19.6,8.9,0.22,0.357,0.298,0.655,0.137,0.254,0.246,0.402,0.287,0.32,0.325,0.156,0.31,0.357,0.278,0.316,88.8,32.8,5.6,37.8,93.927760278,21.3
"Suárez, Andrew",605498,2018,665,606,130,19.5,6.8,0.269,0.447,0.32,0.767,0.178,0.305,0.263,0.448,0.328,0.334,0.318,0.186,0.382,0.389,0.338,0.337,89.4,31.4,5.7,38.1,94.190472269,18.3
"Carrasco, Carlos",471911,2018,784,726,231,29.5,5.5,0.238,0.384,0.285,0.669,0.146,0.317,0.227,0.371,0.288,0.283,0.277,0.143,0.384,0.38,0.346,0.337,89.7,32.9,6.7,39.1,94.074574751,33.1
"Johnson, Jim",462382,2018,268,239,45,16.8,8.2,0.268,0.414,0.327,0.741,0.146,0.291,0.249,0.385,0.32,0.307,0.313,0.137,0.351,0.334,0.323,0.304,89.7,31.5,6.0,41.5,93.980145202,17.7
"DeSclafani, Anthony",543101,2018,484,443,108,22.3,6.2,0.266,0.479,0.313,0.792,0.213,0.298,0.248,0.427,0.336,0.314,0.298,0.18,0.411,0.382,0.348,0.328,88.6,35.8,7.0,33.1,93.598331493,23.0
"Williams, Taylor",592865,2018,236,204,57,24.2,10.6,0.26,0.407,0.341,0.748,0.147,0.329,0.247,0.367,0.32,0.304,0.329,0.12,0.388,0.363,0.356,0.338,88.2,41.2,4.6,35.3,93.537433378,32.0
"Rucinski, Drew",607968,2018,154,134,27,17.5,8.4,0.254,0.358,0.333,0.691,0.104,0.299,0.235,0.347,0.297,0.292,0.32,0.112,0.322,0.315,0.312,0.294,85.6,31.8,6.4,32.7,92.317916111,23.7
"Loáisiga, Jonathan",642528,2018,108,96,33,30.6,11.1,0.271,0.438,0.352,0.79,0.167,0.383,0.257,0.398,0.344,0.328,0.341,0.14,0.459,0.433,0.413,0.394,88.7,34.9,3.2,34.9,93.389255873,30.3
"Ponce de Leon, Daniel",594965,2018,132,117,31,23.5,9.8,0.205,0.308,0.288,0.596,0.103,0.259,0.228,0.368,0.267,0.301,0.308,0.141,0.294,0.345,0.276,0.306,85.7,36.8,5.7,26.4,92.353877701,28.1
"Tropeano, Nick",607374,2018,316,281,64,20.3,9.8,0.242,0.488,0.32,0.808,0.246,0.256,0.256,0.467,0.342,0.344,0.333,0.211,0.392,0.396,0.311,0.33,89.3,36.1,10.0,38.8,93.77844516,27.2
"Fillmyer, Heath",641571,2018,344,306,57,16.6,9.3,0.255,0.395,0.326,0.721,0.14,0.277,0.262,0.411,0.315,0.327,0.332,0.149,0.336,0.351,0.308,0.317,88.5,32.0,4.7,34.0,93.359077381,22.0
"Bummer, Aaron",607481,2018,144,133,35,24.3,6.9,0.301,0.376,0.354,0.73,0.075,0.402,0.262,0.372,0.323,0.308,0.319,0.11,0.397,0.374,0.408,0.356,90.7,30.6,6.1,42.9,94.460358163,24.5
"Albers, Matt",458006,2018,157,140,32,20.4,7.6,0.321,0.586,0.376,0.962,0.265,0.347,0.268,0.482,0.4,0.348,0.332,0.214,0.483,0.412,0.405,0.344,87.2,34.2,7.2,35.1,93.626156636,23.4
"Belisle, Matt",279571,2018,162,146,25,15.4,6.8,0.336,0.548,0.391,0.939,0.212,0.371,0.28,0.478,0.399,0.356,0.345,0.197,0.449,0.395,0.402,0.34,89.3,33.3,8.1,41.9,94.244002609,23.8
"Flaherty, Jack",656427,2018,615,542,182,29.6,9.6,0.199,0.345,0.29,0.635,0.146,0.258,0.203,0.324,0.281,0.279,0.295,0.121,0.346,0.343,0.299,0.307,86.9,30.9,4.1,34.7,93.218216518,31.5
"Brault, Steven",643230,2018,414,344,82,19.8,14.0,0.244,0.384,0.365,0.749,0.14,0.292,0.247,0.409,0.332,0.345,0.368,0.162,0.35,0.37,0.319,0.324,88.4,30.8,6.8,34.6,93.61811314,24.5
"García, Luis",472610,2018,204,181,51,25.0,8.8,0.271,0.425,0.348,0.773,0.154,0.354,0.245,0.369,0.335,0.311,0.327,0.125,0.408,0.371,0.374,0.342,88.6,34.4,6.1,39.2,93.753180315,33.1
"Cahill, Trevor",502239,2018,449,397,100,22.3,9.1,0.227,0.348,0.305,0.653,0.121,0.281,0.237,0.375,0.289,0.308,0.316,0.138,0.324,0.353,0.3,0.317,88.7,31.0,4.6,37.6,93.794418737,27.8
"Hamels, Cole",430935,2018,805,715,188,23.4,8.1,0.246,0.422,0.324,0.746,0.176,0.293,0.255,0.422,0.325,0.332,0.333,0.167,0.381,0.393,0.331,0.345,88.6,34.4,5.6,35.9,93.724410552,27.0
"Holmes, Clay",605280,2018,129,103,21,16.3,17.8,0.291,0.398,0.426,0.824,0.107,0.346,0.255,0.348,0.368,0.349,0.402,0.093,0.368,0.337,0.361,0.323,89.6,25.3,1.2,38.6,93.678211585,21.7
"Vizcaíno, Arodys",527055,2018,158,141,40,25.3,9.5,0.213,0.355,0.297,0.652,0.142,0.268,0.222,0.382,0.287,0.303,0.308,0.159,0.336,0.363,0.297,0.313,88.3,33.7,5.9,34.7,93.320550204,31.7
"Green, Chad",643338,2018,298,279,94,31.5,5.0,0.229,0.373,0.268,0.641,0.144,0.307,0.235,0.418,0.274,0.298,0.277,0.183,0.38,0.417,0.34,0.354,91.0,38.3,3.7,42.6,94.663874468,28.5
"Maton, Phil",664208,2018,214,186,55,25.7,10.7,0.269,0.403,0.354,0.757,0.134,0.364,0.204,0.306,0.331,0.273,0.299,0.102,0.403,0.311,0.379,0.29,85.8,32.8,7.5,27.7,92.177593937,32.8
"Montgomery, Jordan",656756,2018,116,104,23,19.8,10.3,0.24,0.356,0.319,0.675,0.116,0.282,0.223,0.358,0.3,0.294,0.303,0.135,0.328,0.319,0.309,0.286,87.1,30.9,3.7,29.6,93.147055679,23.3
"Magill, Matt",543483,2018,249,221,56,22.5,9.2,0.262,0.471,0.339,0.81,0.209,0.303,0.26,0.489,0.349,0.36,0.339,0.229,0.412,0.429,0.349,0.35,91.1,36.5,8.4,46.1,94.547818434,26.3
"Giolito, Lucas",608337,2018,775,664,125,16.1,11.6,0.25,0.444,0.35,0.794,0.194,0.269,0.255,0.432,0.345,0.348,0.357,0.177,0.358,0.362,0.305,0.314,88.7,30.5,4.8,37.1,93.523389574,21.4
"Wittgren, Nick",621295,2018,148,130,31,20.9,10.1,0.223,0.323,0.306,0.629,0.1,0.283,0.221,0.378,0.273,0.295,0.307,0.156,0.303,0.335,0.29,0.291,90.9,32.7,7.9,37.6,93.8604045,22.4
"Kingham, Nick",592468,2018,342,305,69,20.2,7.6,0.259,0.511,0.325,0.836,0.252,0.277,0.248,0.477,0.353,0.339,0.316,0.23,0.414,0.396,0.332,0.319,89.7,29.3,6.2,41.7,94.29128063,24.7
"Venters, Jonny",458924,2018,145,125,27,18.6,11.0,0.208,0.28,0.301,0.581,0.072,0.255,0.221,0.32,0.256,0.287,0.318,0.098,0.265,0.309,0.263,0.288,90.5,23.8,5.0,40.6,94.541619794,24.4
"Zimmermann, Jordan",519455,2018,556,521,111,20.0,4.7,0.269,0.497,0.303,0.8,0.228,0.289,0.256,0.467,0.338,0.327,0.293,0.211,0.405,0.389,0.337,0.324,89.1,38.6,7.7,38.4,93.904943237,20.6
"Lugo, Seth",607625,2018,410,374,103,25.1,6.8,0.217,0.324,0.271,0.595,0.107,0.27,0.221,0.348,0.258,0.272,0.277,0.127,0.313,0.335,0.293,0.303,87.1,32.1,2.5,30.7,92.847773911,23.3
"Newcomb, Sean",656794,2018,696,607,160,23.0,11.6,0.226,0.362,0.316,0.678,0.136,0.275,0.22,0.348,0.3,0.297,0.313,0.128,0.337,0.332,0.304,0.299,87.6,32.2,6.6,31.9,92.890019016,24.9
"Beeks, Jalen",656222,2018,223,194,42,18.8,10.8,0.268,0.438,0.356,0.794,0.17,0.313,0.253,0.391,0.346,0.326,0.342,0.139,0.38,0.351,0.34,0.32,87.0,29.9,6.5,29.2,92.61607375,26.0
"Lucchesi, Joey",664192,2018,548,493,145,26.5,7.8,0.254,0.45,0.316,0.766,0.196,0.31,0.243,0.431,0.328,0.321,0.31,0.187,0.416,0.41,0.355,0.347,89.4,34.6,5.6,40.5,94.159566486,25.8
"Velázquez, Hector",584171,2018,370,335,53,14.3,7.0,0.29,0.415,0.351,0.766,0.125,0.325,0.28,0.417,0.334,0.335,0.344,0.137,0.356,0.357,0.342,0.332,89.1,36.3,7.0,35.6,93.82738805,18.4
"Peña, Félix",570240,2018,389,352,85,21.9,7.2,0.247,0.392,0.307,0.699,0.145,0.29,0.242,0.374,0.304,0.299,0.303,0.132,0.354,0.347,0.321,0.316,88.7,30.5,7.4,39.3,93.873284111,25.8
"Sabathia, CC",282332,2018,665,600,140,21.1,7.7,0.25,0.397,0.319,0.716,0.147,0.295,0.219,0.351,0.313,0.288,0.293,0.132,0.357,0.321,0.324,0.286,84.9,32.2,5.6,26.6,92.250301965,24.8
"Ottavino, Adam",493603,2018,308,260,112,36.4,11.7,0.158,0.238,0.27,0.508,0.08,0.243,0.149,0.234,0.231,0.229,0.265,0.086,0.288,0.285,0.268,0.256,85.8,28.6,4.5,29.9,92.342169603,32.7
"Mengden, Daniel",596043,2018,476,441,72,15.1,5.5,0.234,0.42,0.28,0.7,0.186,0.241,0.281,0.494,0.3,0.351,0.324,0.213,0.328,0.393,0.278,0.335,89.8,35.7,7.2,37.6,94.015809648,18.3
"Font, Wilmer",521655,2018,192,175,36,18.8,8.3,0.263,0.514,0.328,0.842,0.251,0.268,0.235,0.443,0.357,0.322,0.303,0.209,0.411,0.363,0.331,0.296,91.0,29.5,9.4,42.4,94.722655036,21.3
"Stumpf, Daniel",621385,2018,173,154,37,21.4,9.2,0.286,0.474,0.349,0.823,0.188,0.342,0.258,0.402,0.35,0.317,0.327,0.145,0.416,0.37,0.37,0.339,88.4,39.2,7.5,30.8,93.156448803,26.6
"Coleman, Louis",488786,2018,217,183,41,18.9,11.1,0.235,0.372,0.338,0.71,0.137,0.271,0.218,0.327,0.312,0.295,0.327,0.109,0.326,0.302,0.297,0.279,85.5,31.5,7.5,24.7,91.782899718,27.7
"Cole, Gerrit",543037,2018,799,723,276,34.5,8.0,0.198,0.332,0.269,0.601,0.134,0.288,0.197,0.336,0.265,0.271,0.27,0.139,0.361,0.371,0.318,0.32,89.1,35.8,9.3,39.8,93.793774719,30.9
"Chavez, Jesse",445926,2018,377,358,92,24.4,4.5,0.235,0.377,0.268,0.645,0.142,0.278,0.232,0.388,0.277,0.283,0.266,0.156,0.348,0.356,0.313,0.31,88.8,29.5,5.2,31.3,93.451083034,23.7
"Germán, Domingo",593334,2018,375,335,102,27.2,8.8,0.242,0.457,0.317,0.774,0.215,0.3,0.221,0.36,0.332,0.295,0.3,0.139,0.418,0.358,0.345,0.316,87.8,30.2,9.8,36.6,93.422025277,32.5
"Poyner, Bobby",596074,2018,93,86,24,25.8,3.2,0.256,0.477,0.293,0.77,0.221,0.305,0.233,0.405,0.326,0.292,0.272,0.172,0.421,0.371,0.349,0.318,88.1,37.5,4.7,29.7,93.306071167,25.2
"Ramirez, Noé",598287,2018,354,317,95,26.8,8.8,0.237,0.435,0.316,0.751,0.198,0.29,0.233,0.409,0.323,0.314,0.314,0.176,0.405,0.391,0.338,0.334,89.3,32.9,6.8,39.8,94.205365182,27.9
"Moronta, Reyes",606625,2018,262,221,79,30.2,14.1,0.154,0.235,0.272,0.507,0.081,0.213,0.172,0.27,0.231,0.253,0.288,0.098,0.253,0.292,0.234,0.264,85.5,30.1,3.4,26.0,91.859889517,34.8
"Roe, Chaz",475054,2018,203,178,53,26.1,7.9,0.197,0.337,0.292,0.629,0.14,0.244,0.213,0.347,0.28,0.293,0.307,0.134,0.322,0.343,0.28,0.304,84.8,31.7,4.0,27.4,92.250561129,26.4
"Williams, Trevor",592866,2018,701,632,126,18.0,7.8,0.231,0.364,0.295,0.659,0.133,0.265,0.248,0.395,0.287,0.309,0.312,0.147,0.314,0.344,0.286,0.309,86.9,34.3,4.3,31.0,92.883373832,18.8
"Smith, Burch",572143,2018,358,308,77,21.5,11.2,0.292,0.497,0.376,0.873,0.205,0.341,0.255,0.455,0.373,0.35,0.347,0.2,0.438,0.404,0.383,0.339,89.5,34.6,8.4,41.4,94.231025494,24.1
"Richards, Trevor",670950,2018,547,479,130,23.8,9.9,0.253,0.422,0.332,0.754,0.169,0.314,0.244,0.404,0.324,0.318,0.325,0.161,0.387,0.379,0.343,0.332,88.3,39.9,6.1,36.3,93.486585284,25.8
"Yates, Kirby",489446,2018,250,226,90,36.0,6.8,0.181,0.279,0.248,0.527,0.098,0.263,0.181,0.321,0.236,0.255,0.25,0.14,0.32,0.355,0.295,0.299,87.1,30.9,5.8,39.7,93.653424148,34.5
"Strop, Pedro",467008,2018,240,212,57,23.8,8.8,0.179,0.274,0.268,0.542,0.095,0.224,0.215,0.35,0.241,0.287,0.3,0.136,0.263,0.332,0.244,0.292,86.0,30.6,7.0,28.7,92.480823377,34.3
"Oberg, Scott",623184,2018,228,211,57,25.0,5.3,0.213,0.308,0.263,0.571,0.095,0.27,0.251,0.353,0.252,0.291,0.3,0.102,0.302,0.359,0.288,0.343,89.1,29.5,5.1,36.5,93.837438323,27.8
"Kershaw, Clayton",477132,2018,649,612,155,23.9,4.5,0.227,0.366,0.264,0.63,0.139,0.276,0.237,0.368,0.272,0.282,0.274,0.131,0.336,0.349,0.303,0.317,88.0,29.9,4.3,35.4,93.432404857,23.0
"Ramírez, Yefry",606162,2018,294,249,62,21.1,12.2,0.257,0.446,0.356,0.802,0.189,0.296,0.231,0.386,0.347,0.319,0.334,0.155,0.39,0.347,0.337,0.303,87.4,33.3,4.2,34.4,92.927294202,26.0
"Lester, Jon",452657,2018,761,681,149,19.6,8.4,0.256,0.41,0.324,0.734,0.154,0.294,0.267,0.449,0.319,0.342,0.336,0.181,0.36,0.393,0.325,0.343,88.7,38.9,7.2,35.4,93.495959886,20.3
"Cashner, Andrew",488768,2018,681,609,99,14.5,9.5,0.291,0.496,0.36,0.856,0.205,0.311,0.285,0.469,0.366,0.358,0.357,0.183,0.395,0.385,0.345,0.34,89.2,36.4,4.7,35.8,93.70698626,17.2
"Eflin, Zach",621107,2018,548,499,123,22.4,6.8,0.261,0.433,0.313,0.746,0.172,0.313,0.235,0.382,0.318,0.293,0.291,0.147,0.386,0.351,0.342,0.311,87.4,30.6,4.4,33.2,93.235993396,23.8
"Peralta, Wily",503449,2018,149,122,35,23.5,15.4,0.23,0.385,0.351,0.736,0.155,0.282,0.223,0.404,0.324,0.334,0.35,0.181,0.357,0.373,0.315,0.311,90.1,28.9,5.6,40.0,94.401706235,24.3
"Holland, Greg",518813,2018,212,178,47,22.2,15.1,0.242,0.337,0.36,0.697,0.095,0.318,0.224,0.33,0.313,0.306,0.346,0.105,0.336,0.325,0.328,0.305,87.3,29.5,3.8,31.1,92.521512538,31.0
"Hand, Brad",543272,2018,301,262,106,35.2,9.3,0.198,0.359,0.298,0.657,0.161,0.297,0.192,0.327,0.289,0.279,0.293,0.135,0.394,0.377,0.333,0.326,85.7,33.5,4.4,28.8,92.672250588,32.6
"Blach, Ty",621389,2018,512,461,75,14.6,8.0,0.289,0.399,0.347,0.746,0.11,0.33,0.28,0.413,0.325,0.33,0.341,0.133,0.352,0.359,0.344,0.335,88.3,30.1,5.1,35.7,93.770764465,18.2
"Hardy, Blaine",543278,2018,351,322,66,18.8,6.3,0.245,0.404,0.294,0.698,0.159,0.276,0.225,0.364,0.3,0.289,0.281,0.139,0.341,0.327,0.304,0.286,87.3,26.8,5.0,34.5,93.117345195,20.1
"Giles, Ken",571704,2018,212,203,53,25.0,3.3,0.266,0.429,0.294,0.723,0.163,0.333,0.25,0.406,0.31,0.299,0.279,0.155,0.399,0.384,0.36,0.34,89.4,33.1,2.6,36.0,93.798947703,31.3
"Hernández, Elieser",622694,2018,284,250,45,15.8,9.5,0.272,0.464,0.345,0.809,0.192,0.291,0.253,0.449,0.345,0.335,0.329,0.196,0.376,0.363,0.329,0.306,88.3,32.4,6.7,33.3,93.222171029,21.1
"Rodríguez, Dereck",605446,2018,487,439,89,18.3,7.4,0.223,0.376,0.291,0.667,0.153,0.259,0.238,0.367,0.289,0.297,0.306,0.129,0.315,0.326,0.278,0.298,89.2,36.9,7.6,36.1,93.402734553,22.0
"McCullers Jr., Lance",621121,2018,527,465,142,26.9,9.5,0.215,0.355,0.298,0.653,0.14,0.279,0.22,0.362,0.289,0.299,0.305,0.142,0.344,0.361,0.306,0.317,89.2,32.0,5.5,35.1,93.829788558,31.8
"Dyson, Sam",473879,2018,273,246,56,20.5,7.3,0.228,0.362,0.29,0.652,0.134,0.271,0.228,0.354,0.284,0.286,0.292,0.126,0.319,0.323,0.29,0.292,88.0,22.7,4.1,35.8,93.461491316,25.1
"Claudio, Alex",592222,2018,299,277,41,13.7,4.3,0.329,0.466,0.361,0.827,0.137,0.37,0.282,0.406,0.352,0.319,0.323,0.124,0.394,0.353,0.381,0.333,87.1,28.1,4.1,36.0,93.595835042,24.4
"Bowman, Matt",621199,2018,109,94,26,23.9,10.1,0.309,0.511,0.383,0.894,0.202,0.385,0.248,0.431,0.374,0.332,0.336,0.183,0.473,0.41,0.42,0.348,88.8,35.2,7.0,32.4,93.272369265,20.5
"Ramírez, Erasmo",541640,2018,202,183,33,16.3,5.9,0.284,0.585,0.332,0.917,0.301,0.271,0.305,0.553,0.381,0.389,0.355,0.248,0.432,0.443,0.338,0.368,89.4,37.0,7.1,42.9,94.491543896,19.5
"Otero, Dan",519096,2018,247,239,43,17.4,2.0,0.289,0.515,0.312,0.827,0.226,0.31,0.272,0.446,0.347,0.317,0.296,0.174,0.414,0.378,0.352,0.333,88.4,28.1,5.1,39.6,93.541109896,18.5
"Chen, Wei-Yin",612672,2018,572,511,111,19.4,8.2,0.256,0.432,0.316,0.748,0.176,0.289,0.226,0.368,0.318,0.288,0.293,0.141,0.367,0.325,0.322,0.289,87.6,35.0,5.3,31.5,92.81238745,20.4
"Syndergaard, Noah",592789,2018,644,592,155,24.1,6.1,0.25,0.348,0.303,0.651,0.098,0.323,0.228,0.311,0.285,0.267,0.284,0.083,0.345,0.319,0.336,0.309,85.8,29.1,5.6,26.6,92.581566943,28.2
"Gilmartin, Sean",543219,2018,113,100,15,13.3,9.7,0.23,0.41,0.319,0.729,0.18,0.235,0.278,0.462,0.319,0.359,0.361,0.184,0.318,0.371,0.271,0.327,87.7,34.1,7.1,34.1,93.084998452,19.3
"Erlin, Robbie",572362,2018,439,419,88,20.0,2.7,0.267,0.411,0.284,0.695,0.144,0.309,0.252,0.411,0.297,0.296,0.273,0.159,0.36,0.361,0.333,0.32,88.1,31.9,2.7,35.3,93.413575107,20.7
"Rhame, Jacob",642008,2018,140,129,28,20.0,5.7,0.295,0.558,0.341,0.899,0.263,0.323,0.222,0.413,0.375,0.291,0.272,0.192,0.457,0.344,0.376,0.283,87.0,35.0,7.8,33.0,92.951225743,28.4
"Shaw, Bryan",543766,2018,257,224,54,21.0,10.9,0.313,0.509,0.387,0.896,0.196,0.372,0.277,0.452,0.382,0.352,0.356,0.175,0.452,0.408,0.405,0.36,89.7,36.2,4.6,39.7,94.207281579,27.0
"Minter, A.J.",621345,2018,260,234,69,26.5,8.5,0.244,0.329,0.313,0.642,0.085,0.331,0.236,0.338,0.285,0.287,0.307,0.101,0.347,0.352,0.343,0.335,87.6,36.5,7.8,35.2,93.077293168,31.8
"Carle, Shane",641438,2018,258,226,43,16.7,10.1,0.221,0.314,0.3,0.614,0.093,0.259,0.264,0.403,0.262,0.317,0.341,0.139,0.277,0.351,0.267,0.323,87.6,35.1,6.4,30.3,92.954512174,26.3
"Barnes, Matt",598264,2018,265,230,96,36.2,11.7,0.204,0.322,0.302,0.624,0.118,0.321,0.181,0.311,0.279,0.27,0.283,0.13,0.378,0.363,0.346,0.31,90.8,31.6,6.6,39.7,94.363900597,36.1
"Romero, Fernando",622864,2018,247,215,45,18.2,7.7,0.279,0.419,0.351,0.77,0.14,0.321,0.255,0.407,0.334,0.329,0.335,0.152,0.368,0.361,0.345,0.323,89.1,34.1,4.0,36.9,93.986733988,23.5
"Barnes, Danny",592130,2018,190,165,38,20.0,11.6,0.285,0.503,0.368,0.871,0.218,0.333,0.225,0.383,0.371,0.308,0.317,0.158,0.425,0.333,0.364,0.288,89.7,36.4,10.9,36.4,93.404155703,23.4
"Gant, John",607231,2018,487,422,95,19.5,11.7,0.216,0.336,0.309,0.645,0.12,0.255,0.239,0.362,0.286,0.311,0.333,0.123,0.3,0.336,0.275,0.309,88.8,30.9,7.2,36.9,93.688234954,26.2
"Fulmer, Carson",608334,2018,164,132,29,17.7,14.6,0.28,0.53,0.405,0.935,0.25,0.299,0.296,0.595,0.4,0.429,0.418,0.299,0.429,0.474,0.352,0.372,91.0,43.4,5.7,45.3,94.91625781,18.3
"Berríos, José",621244,2018,797,717,202,25.3,7.7,0.222,0.372,0.293,0.665,0.15,0.271,0.223,0.366,0.292,0.295,0.298,0.142,0.348,0.357,0.306,0.315,87.3,28.8,5.0,34.4,93.411849076,26.1
"Anderson, Brett",474463,2018,333,316,47,14.1,3.9,0.285,0.453,0.317,0.77,0.168,0.309,0.269,0.436,0.331,0.321,0.303,0.167,0.368,0.356,0.335,0.317,89.0,31.7,5.2,38.5,93.98941366,17.2
"Milone, Tommy",543548,2018,118,112,23,19.5,0.8,0.33,0.58,0.336,0.916,0.25,0.357,0.278,0.515,0.384,0.337,0.287,0.237,0.474,0.415,0.407,0.345,88.0,34.4,7.5,29.0,93.165141444,23.1
"Estrada, Marco",462136,2018,627,566,103,16.4,8.0,0.274,0.521,0.331,0.852,0.247,0.286,0.244,0.454,0.36,0.332,0.309,0.209,0.402,0.365,0.33,0.301,87.5,37.6,7.9,33.3,92.948710987,23.3
"Pivetta, Nick",601713,2018,694,624,188,27.1,7.3,0.261,0.423,0.32,0.743,0.162,0.333,0.221,0.374,0.322,0.292,0.285,0.153,0.412,0.366,0.37,0.317,88.9,34.1,4.5,34.9,93.536170116,27.5
"Steckenrider, Drew",608716,2018,272,242,74,27.2,9.9,0.227,0.355,0.309,0.664,0.128,0.296,0.216,0.359,0.287,0.285,0.299,0.142,0.355,0.353,0.325,0.31,88.0,34.9,4.7,33.7,93.032489524,25.0
"Santana, Edgar",650828,2018,270,254,54,20.0,4.1,0.24,0.378,0.279,0.657,0.138,0.278,0.255,0.419,0.282,0.308,0.294,0.164,0.333,0.368,0.303,0.324,89.0,35.6,8.9,38.1,93.861076866,26.0
"Santana, Ervin",429722,2018,114,100,16,14.0,7.9,0.31,0.67,0.368,1.038,0.36,0.282,0.29,0.642,0.426,0.419,0.357,0.352,0.47,0.461,0.356,0.342,89.2,40.2,8.0,36.8,93.864068506,10.7
"Gibson, Kyle",502043,2018,826,733,179,21.7,9.6,0.241,0.385,0.316,0.701,0.144,0.286,0.251,0.392,0.306,0.319,0.327,0.141,0.348,0.367,0.316,0.332,87.8,30.9,6.7,36.4,93.491631935,26.8
"Stephens, Jackson",623451,2018,183,163,33,18.0,8.2,0.307,0.515,0.376,0.891,0.208,0.35,0.291,0.464,0.377,0.356,0.362,0.174,0.436,0.407,0.385,0.365,85.3,43.2,6.8,29.5,92.496132362,24.5
"Graves, Brett",605255,2018,148,132,21,14.2,8.1,0.311,0.462,0.385,0.847,0.151,0.352,0.283,0.423,0.365,0.342,0.361,0.141,0.392,0.362,0.369,0.337,89.6,38.7,9.9,41.4,94.052143796,24.2
"Webb, Tyler",643778,2018,90,79,15,16.7,10.0,0.278,0.468,0.36,0.828,0.19,0.311,0.264,0.473,0.351,0.347,0.346,0.209,0.391,0.386,0.344,0.325,90.1,32.3,6.2,44.6,94.353027143,22.9
"Norris, Daniel",596057,2018,200,176,51,25.5,9.5,0.261,0.455,0.337,0.792,0.194,0.319,0.275,0.485,0.341,0.36,0.351,0.21,0.42,0.451,0.362,0.384,90.7,40.6,7.0,46.1,95.039338492,24.3
"Clippard, Tyler",461325,2018,285,256,85,29.8,8.1,0.223,0.43,0.29,0.72,0.207,0.275,0.197,0.372,0.309,0.28,0.268,0.175,0.406,0.359,0.329,0.294,87.1,38.3,10.3,29.3,92.755566608,31.8
"Ziegler, Brad",446899,2018,305,276,50,16.4,8.2,0.257,0.391,0.321,0.712,0.134,0.286,0.257,0.371,0.304,0.305,0.324,0.114,0.335,0.337,0.311,0.315,90.1,22.8,3.1,41.7,94.62229,22.0
"Ramírez, Neil",519166,2018,180,158,51,28.3,10.0,0.228,0.456,0.318,0.774,0.228,0.276,0.226,0.426,0.333,0.323,0.317,0.2,0.424,0.408,0.336,0.334,88.4,34.3,6.5,30.6,93.102478131,31.2
"Wainwright, Adam",425794,2018,181,156,40,22.1,9.9,0.263,0.41,0.343,0.753,0.147,0.319,0.232,0.391,0.327,0.314,0.32,0.159,0.379,0.359,0.347,0.313,85.9,32.2,5.8,24.0,92.126014872,23.3
"Andriese, Matt",542882,2018,340,311,78,22.9,7.4,0.27,0.492,0.327,0.819,0.222,0.315,0.259,0.452,0.345,0.329,0.318,0.193,0.427,0.406,0.359,0.345,90.3,32.3,7.7,46.4,95.064998565,25.6
"Santiago, Héctor",502327,2018,460,391,103,22.4,13.0,0.258,0.445,0.362,0.807,0.187,0.309,0.223,0.414,0.349,0.328,0.333,0.191,0.4,0.366,0.347,0.301,89.3,32.2,5.1,35.3,93.727693889,21.0
"Romo, Sergio",489265,2018,283,257,75,26.5,7.1,0.253,0.409,0.31,0.719,0.156,0.312,0.208,0.374,0.312,0.28,0.269,0.166,0.394,0.346,0.353,0.291,86.5,30.6,5.9,30.8,92.626844918,31.7
"Nix, Jacob",656798,2018,190,171,21,11.1,6.8,0.304,0.544,0.363,0.907,0.24,0.306,0.337,0.591,0.384,0.419,0.394,0.254,0.402,0.447,0.342,0.38,91.2,32.9,5.9,42.8,95.167020616,15.1
"Davies, Zach",605200,2018,280,249,49,17.5,7.5,0.269,0.438,0.33,0.768,0.169,0.299,0.269,0.414,0.326,0.327,0.334,0.145,0.364,0.366,0.327,0.332,88.5,33.7,9.8,39.5,93.79352,20.6
"Greinke, Zack",425844,2018,839,784,199,23.7,5.1,0.231,0.39,0.275,0.665,0.159,0.273,0.244,0.406,0.286,0.303,0.29,0.161,0.351,0.375,0.308,0.329,87.9,35.4,6.3,33.5,93.216715877,26.0
"Odorizzi, Jake",543606,2018,711,625,162,22.8,9.8,0.242,0.419,0.324,0.743,0.177,0.293,0.244,0.425,0.322,0.332,0.332,0.181,0.373,0.392,0.323,0.336,89.1,35.2,8.7,39.0,93.924690112,24.7
"Davis, Austin",656354,2018,152,132,38,25.0,8.6,0.265,0.485,0.331,0.816,0.22,0.33,0.219,0.352,0.342,0.281,0.292,0.132,0.424,0.331,0.357,0.297,88.8,34.3,4.0,33.3,93.188545464,27.7
"Thornburg, Tyler",592804,2018,107,95,21,19.6,9.3,0.295,0.537,0.364,0.901,0.242,0.319,0.283,0.457,0.382,0.353,0.355,0.173,0.444,0.402,0.373,0.359,88.5,32.0,2.7,37.3,93.568668533,20.9
"Harris, Will",501789,2018,230,212,64,27.8,6.1,0.226,0.311,0.279,0.59,0.085,0.308,0.239,0.362,0.26,0.286,0.292,0.122,0.328,0.369,0.322,0.341,85.8,34.7,4.7,29.3,92.60015898,31.9
"Brasier, Ryan",518489,2018,124,111,29,23.4,5.6,0.171,0.27,0.211,0.481,0.099,0.2,0.207,0.32,0.208,0.25,0.248,0.113,0.239,0.298,0.218,0.271,88.2,31.8,4.5,39.8,93.664080115,31.0
"Cecil, Brett",446399,2018,157,129,19,12.1,15.9,0.302,0.496,0.408,0.904,0.194,0.315,0.274,0.48,0.378,0.377,0.394,0.205,0.386,0.385,0.345,0.326,88.7,31.9,6.2,38.9,93.84034708,20.1
"Harvey, Matt",518774,2018,663,609,131,19.8,5.6,0.271,0.466,0.317,0.783,0.195,0.303,0.248,0.434,0.334,0.318,0.298,0.185,0.394,0.374,0.342,0.317,90.1,32.3,6.1,40.0,94.483225399,20.6
"Alvarado, José",621237,2018,263,229,80,30.4,11.0,0.183,0.249,0.276,0.525,0.066,0.273,0.201,0.282,0.235,0.259,0.294,0.081,0.281,0.323,0.278,0.309,88.0,26.1,3.3,34.6,93.395577351,31.8
"Reed, Addison",592665,2018,242,218,44,18.2,6.2,0.298,0.509,0.346,0.855,0.211,0.323,0.265,0.482,0.359,0.339,0.318,0.217,0.419,0.394,0.365,0.328,88.7,37.8,11.7,39.0,93.934450345,24.1
"Hicks, Jordan",663855,2018,339,284,70,20.6,13.3,0.208,0.257,0.33,0.587,0.049,0.266,0.215,0.285,0.275,0.293,0.34,0.069,0.264,0.293,0.273,0.287,88.0,26.9,5.6,31.9,92.62866285,24.6
"Watson, Tony",453265,2018,261,241,72,27.6,5.4,0.224,0.332,0.267,0.599,0.108,0.299,0.221,0.364,0.257,0.271,0.266,0.143,0.334,0.357,0.316,0.314,87.3,31.6,6.3,32.2,93.334193669,27.1
"Hammel, Jason",434628,2018,582,533,92,15.8,6.7,0.315,0.505,0.362,0.867,0.19,0.35,0.299,0.508,0.368,0.365,0.348,0.209,0.416,0.413,0.377,0.358,89.5,36.8,6.7,39.5,94.115768912,20.6
"Hernández, Félix",433587,2018,684,606,125,18.3,8.6,0.262,0.46,0.338,0.798,0.198,0.288,0.267,0.463,0.344,0.352,0.345,0.196,0.382,0.393,0.328,0.337,89.8,34.0,6.8,38.5,94.188946987,19.8
"Winkler, Dan",595465,2019,93,81,22,23.7,11.8,0.222,0.481,0.323,0.804,0.259,0.241,0.247,0.509,0.337,0.36,0.344,0.263,0.391,0.427,0.305,0.339,89.7,47.5,8.5,35.6,93.529255424,33.9
"Martin, Brett",656685,2019,280,257,62,22.1,6.4,0.28,0.416,0.329,0.745,0.136,0.34,0.266,0.419,0.315,0.322,0.322,0.153,0.379,0.389,0.364,0.355,89.8,29.3,4.5,40.4,94.082357513,27.6
"Keller, Brad",641745,2019,709,624,122,17.2,9.9,0.247,0.381,0.329,0.71,0.134,0.283,0.257,0.415,0.307,0.329,0.341,0.158,0.322,0.353,0.304,0.32,89.1,32.5,6.7,38.6,93.808015663,19.9
"Roark, Tanner",543699,2019,722,655,158,21.9,7.1,0.275,0.467,0.338,0.805,0.192,0.323,0.269,0.466,0.34,0.341,0.335,0.197,0.403,0.407,0.361,0.357,89.0,37.1,5.4,37.3,93.904787242,21.1
"Hall, Matt",664180,2019,113,97,27,23.9,13.3,0.289,0.464,0.389,0.853,0.175,0.364,0.254,0.46,0.364,0.349,0.359,0.206,0.433,0.41,0.4,0.351,88.0,38.6,5.7,34.3,93.487372571,25.7
"Voth, Austin",608723,2019,174,155,44,25.3,7.5,0.213,0.394,0.283,0.677,0.181,0.259,0.217,0.366,0.282,0.28,0.288,0.15,0.341,0.338,0.292,0.299,87.7,29.8,6.1,29.8,92.951083717,28.7
"Bauer, Trevor",545333,2019,911,800,253,27.8,9.0,0.23,0.429,0.315,0.744,0.199,0.29,0.223,0.402,0.316,0.31,0.31,0.178,0.391,0.381,0.333,0.326,88.7,33.8,5.9,37.7,93.847217,29.4
"Eflin, Zach",621107,2019,705,642,129,18.3,6.8,0.268,0.452,0.323,0.775,0.184,0.295,0.247,0.415,0.325,0.307,0.305,0.168,0.371,0.347,0.333,0.308,88.2,30.1,4.4,32.8,93.507853123,20.3
"Darvish, Yu",506433,2019,731,657,229,31.3,7.7,0.213,0.411,0.284,0.695,0.198,0.268,0.223,0.398,0.294,0.297,0.294,0.175,0.388,0.394,0.324,0.34,88.6,32.6,6.4,37.5,93.709835568,30.4
"Alvarado, José",621237,2019,146,114,39,26.7,18.5,0.254,0.36,0.392,0.752,0.106,0.36,0.234,0.362,0.328,0.325,0.377,0.128,0.382,0.375,0.377,0.35,89.3,33.8,11.3,35.0,94.008881169,30.7
"Quantrill, Cal",615698,2019,443,407,89,20.1,6.3,0.26,0.43,0.311,0.741,0.17,0.297,0.263,0.435,0.311,0.321,0.315,0.172,0.363,0.376,0.33,0.336,87.9,33.7,4.0,32.5,92.980030252,22.4
"Lorenzen, Michael",547179,2019,343,307,85,24.8,8.2,0.221,0.355,0.289,0.644,0.134,0.274,0.213,0.332,0.277,0.271,0.284,0.118,0.329,0.32,0.304,0.296,85.5,32.0,7.0,29.7,92.241921889,31.1
"Moronta, Reyes",606625,2019,245,208,70,28.6,13.1,0.197,0.298,0.311,0.609,0.101,0.274,0.199,0.359,0.274,0.299,0.314,0.16,0.31,0.352,0.295,0.3,87.6,29.3,7.1,35.7,93.068584173,29.4
"Tarpley, Stephen",605501,2019,120,103,34,28.3,12.5,0.33,0.563,0.425,0.988,0.233,0.444,0.265,0.458,0.413,0.355,0.37,0.192,0.552,0.451,0.493,0.396,89.2,44.9,4.3,49.3,94.416898261,32.3
"Plesac, Zach",668676,2019,475,430,88,18.5,8.4,0.237,0.437,0.307,0.744,0.2,0.257,0.274,0.477,0.315,0.348,0.34,0.203,0.348,0.394,0.298,0.344,89.6,36.3,7.3,38.7,94.188947882,21.6
"Anderson, Tanner",664196,2019,105,97,18,17.1,6.7,0.309,0.454,0.356,0.81,0.145,0.347,0.285,0.526,0.342,0.359,0.333,0.241,0.393,0.415,0.38,0.35,88.6,27.8,6.3,43.0,94.46062038,16.5
"Andriese, Matt",542882,2019,310,275,79,25.5,8.7,0.262,0.425,0.331,0.756,0.163,0.335,0.225,0.379,0.317,0.289,0.298,0.154,0.394,0.351,0.362,0.311,89.1,33.5,6.0,33.5,93.575308883,25.3
"Crick, Kyle",605195,2019,226,183,61,27.0,15.5,0.224,0.432,0.367,0.799,0.208,0.274,0.179,0.34,0.345,0.304,0.333,0.161,0.399,0.325,0.333,0.269,86.8,25.2,5.7,29.3,92.546632017,29.6
"Jackson, Jay",543351,2019,132,109,47,35.6,13.6,0.202,0.404,0.321,0.725,0.202,0.276,0.21,0.413,0.309,0.32,0.33,0.203,0.421,0.449,0.344,0.365,88.9,36.9,1.5,34.9,93.594846452,38.8
"Newberry, Jake",623470,2019,137,117,29,21.2,11.7,0.248,0.513,0.336,0.849,0.265,0.262,0.25,0.526,0.345,0.356,0.341,0.275,0.397,0.415,0.319,0.326,90.8,36.3,9.9,40.7,94.221441209,27.5
"Herrera, Kelvin",516969,2019,235,208,53,22.6,9.8,0.288,0.462,0.359,0.821,0.174,0.349,0.262,0.43,0.339,0.32,0.336,0.167,0.413,0.386,0.382,0.349,86.7,36.1,2.5,31.6,92.813010714,26.5
"James, Josh",657624,2019,266,227,100,37.6,13.2,0.203,0.374,0.32,0.694,0.171,0.308,0.17,0.283,0.304,0.265,0.293,0.113,0.424,0.343,0.362,0.306,89.7,33.9,10.2,39.2,93.9100984,36.8
"deGrom, Jacob",594798,2019,804,745,255,31.7,5.5,0.207,0.323,0.257,0.58,0.116,0.285,0.201,0.319,0.25,0.25,0.253,0.118,0.334,0.338,0.312,0.309,86.5,31.5,5.0,30.8,92.674544414,31.4
"Trivino, Lou",642152,2019,269,230,57,21.2,11.5,0.265,0.426,0.356,0.782,0.161,0.32,0.221,0.338,0.333,0.294,0.321,0.117,0.376,0.317,0.347,0.293,86.9,27.5,2.8,32.0,93.15082,28.1
"Ross, Joe",605452,2019,295,254,57,19.3,11.2,0.291,0.449,0.38,0.829,0.158,0.351,0.266,0.454,0.355,0.351,0.36,0.188,0.396,0.389,0.374,0.343,87.5,36.8,5.5,35.8,93.294526313,23.5
"Bassitt, Chris",605135,2019,612,545,141,23.0,7.7,0.229,0.394,0.303,0.697,0.165,0.268,0.232,0.387,0.299,0.302,0.308,0.155,0.343,0.35,0.306,0.313,87.8,32.6,4.6,31.7,93.042677128,20.9
"Mills, Alec",621219,2019,152,134,42,27.6,7.2,0.231,0.396,0.322,0.718,0.165,0.299,0.248,0.451,0.311,0.339,0.337,0.202,0.377,0.424,0.337,0.361,88.4,35.9,6.5,35.9,93.676278261,28.1
"Shaw, Bryan",543766,2019,312,275,58,18.6,9.6,0.251,0.465,0.334,0.799,0.214,0.277,0.258,0.436,0.336,0.338,0.342,0.178,0.37,0.372,0.317,0.327,90.5,32.4,7.3,40.6,94.146157558,25.7
"Crichton, Stefan",592233,2019,123,113,33,26.8,6.5,0.204,0.31,0.268,0.578,0.106,0.26,0.254,0.421,0.25,0.314,0.314,0.168,0.303,0.4,0.287,0.358,87.7,30.0,10.0,40.0,94.1461375,24.3
"Strickland, Hunter",519326,2019,105,93,18,17.1,7.6,0.237,0.495,0.314,0.809,0.258,0.229,0.256,0.495,0.336,0.35,0.334,0.239,0.364,0.384,0.289,0.316,87.8,32.9,3.9,28.8,93.302033014,25.4
"Guerrieri, Taylor",605260,2019,123,99,27,22.0,17.9,0.263,0.455,0.407,0.862,0.192,0.333,0.214,0.355,0.372,0.327,0.368,0.14,0.405,0.328,0.361,0.295,89.4,26.4,6.9,36.1,93.707619444,19.1
"Adams, Chance",664856,2019,124,111,23,18.5,8.9,0.351,0.649,0.419,1.068,0.298,0.395,0.295,0.532,0.44,0.38,0.369,0.237,0.518,0.432,0.443,0.372,89.4,35.2,2.3,38.6,93.955895568,18.1
"Samardzija, Jeff",502188,2019,740,677,140,18.9,6.6,0.225,0.411,0.281,0.692,0.186,0.242,0.253,0.465,0.289,0.326,0.309,0.212,0.326,0.375,0.281,0.318,89.5,34.5,6.8,37.7,93.884060149,20.2
"Heaney, Andrew",571760,2019,409,370,118,28.9,7.3,0.251,0.454,0.318,0.772,0.203,0.312,0.236,0.436,0.325,0.317,0.306,0.2,0.423,0.411,0.366,0.348,90.4,35.4,5.9,39.4,93.95260176,31.2
"Hendriks, Liam",521230,2019,332,304,124,37.3,6.3,0.201,0.309,0.255,0.564,0.108,0.315,0.182,0.302,0.237,0.229,0.239,0.119,0.353,0.339,0.333,0.306,89.8,34.1,5.9,39.6,93.820913333,36.0
"Velasquez, Vince",592826,2019,516,458,130,25.2,8.3,0.262,0.498,0.335,0.833,0.236,0.308,0.248,0.466,0.347,0.335,0.325,0.218,0.43,0.413,0.363,0.346,90.8,34.1,7.2,40.1,94.589820741,26.0
"Lester, Jon",452657,2019,764,698,165,21.6,6.8,0.294,0.47,0.345,0.815,0.176,0.35,0.273,0.456,0.344,0.336,0.329,0.182,0.413,0.402,0.382,0.359,88.6,37.1,5.7,34.7,93.604731689,21.1
"Clase, Emmanuel",661403,2019,94,87,21,22.3,6.4,0.23,0.391,0.287,0.678,0.161,0.281,0.236,0.353,0.289,0.283,0.293,0.116,0.337,0.329,0.303,0.311,86.4,27.3,3.0,34.8,93.406514242,25.3
"Estrada, Marco",462136,2019,106,95,11,10.4,7.5,0.242,0.537,0.321,0.858,0.295,0.208,0.225,0.485,0.354,0.341,0.323,0.26,0.355,0.338,0.274,0.263,87.7,22.6,3.6,29.2,93.13849,17.1
"Jansen, Kenley",445276,2019,263,240,80,30.4,6.1,0.212,0.383,0.27,0.653,0.171,0.273,0.205,0.341,0.277,0.262,0.264,0.136,0.361,0.34,0.313,0.305,86.3,33.1,1.8,26.1,91.966122645,32.2
"Davis, Austin",656354,2019,98,81,24,24.5,14.3,0.272,0.531,0.398,0.929,0.259,0.314,0.263,0.463,0.389,0.369,0.391,0.2,0.467,0.433,0.386,0.373,87.9,42.1,7.0,35.1,93.919399298,25.5
"Hembree, Heath",592390,2019,173,152,46,26.6,10.4,0.224,0.454,0.318,0.772,0.23,0.273,0.215,0.436,0.322,0.315,0.31,0.221,0.394,0.383,0.321,0.308,89.0,41.5,8.5,34.9,93.154832453,27.3
"Montero, Rafael",606160,2019,113,106,34,30.1,4.4,0.217,0.406,0.265,0.671,0.189,0.269,0.233,0.458,0.283,0.311,0.28,0.225,0.376,0.42,0.319,0.343,87.3,34.7,1.4,30.6,93.521715694,29.8
"Duffey, Tyler",608648,2019,238,219,82,34.5,5.9,0.201,0.338,0.257,0.595,0.137,0.277,0.2,0.352,0.254,0.261,0.258,0.153,0.354,0.369,0.319,0.321,89.4,36.7,4.3,36.7,93.72912903,33.0
"Soroka, Michael",647336,2019,701,647,142,20.3,5.8,0.236,0.34,0.288,0.628,0.104,0.282,0.258,0.391,0.272,0.305,0.31,0.133,0.309,0.355,0.302,0.331,88.2,32.4,4.9,37.5,93.829988028,22.9
"Albers, Matt",458006,2019,258,222,57,22.1,11.2,0.239,0.396,0.332,0.728,0.157,0.283,0.233,0.377,0.311,0.306,0.329,0.144,0.35,0.344,0.317,0.312,87.2,31.4,5.3,33.1,93.179222771,24.0
"Mahle, Tyler",641816,2019,556,512,129,23.2,6.1,0.266,0.457,0.318,0.775,0.191,0.308,0.248,0.426,0.326,0.312,0.303,0.177,0.397,0.38,0.353,0.334,89.2,32.3,4.7,37.6,93.890329103,23.3
"Stashak, Cody",664054,2019,104,101,25,24.0,1.0,0.287,0.475,0.298,0.773,0.188,0.351,0.254,0.5,0.32,0.315,0.267,0.246,0.414,0.408,0.377,0.335,89.9,42.9,3.9,38.2,94.278049474,31.0
"Harper, Ryne",607560,2019,225,210,50,22.2,4.4,0.257,0.419,0.29,0.709,0.162,0.301,0.262,0.45,0.297,0.318,0.299,0.188,0.362,0.391,0.331,0.344,89.2,38.7,8.6,37.4,93.880102857,24.4
"Scherzer, Max",453286,2019,693,650,243,35.1,4.8,0.222,0.371,0.266,0.637,0.149,0.322,0.203,0.336,0.269,0.253,0.25,0.133,0.39,0.363,0.352,0.325,87.6,35.2,5.9,35.5,93.26843887,33.9
"Cole, Gerrit",543037,2019,817,762,326,39.9,5.9,0.186,0.343,0.237,0.58,0.157,0.276,0.181,0.315,0.246,0.237,0.232,0.134,0.377,0.361,0.323,0.315,87.6,33.2,8.9,35.5,93.320113158,37.2
"Ponce de Leon, Daniel",594965,2019,203,174,52,25.6,12.8,0.207,0.351,0.315,0.666,0.144,0.256,0.207,0.356,0.287,0.292,0.316,0.149,0.326,0.334,0.293,0.294,88.3,25.2,2.4,28.5,92.669616885,26.8
"Godley, Zack",643327,2019,407,354,70,17.2,10.3,0.271,0.469,0.355,0.824,0.198,0.301,0.275,0.478,0.347,0.36,0.361,0.202,0.378,0.396,0.336,0.344,89.5,37.0,3.1,35.6,93.855341748,24.3
"Domínguez, Seranthony",622554,2019,110,96,29,26.4,10.9,0.25,0.385,0.339,0.724,0.135,0.328,0.207,0.307,0.316,0.276,0.301,0.101,0.38,0.314,0.358,0.296,86.3,32.4,5.9,30.9,92.555855455,31.1
"Boyd, Matthew",571510,2019,788,721,238,30.2,6.3,0.247,0.465,0.301,0.766,0.218,0.31,0.224,0.412,0.32,0.297,0.282,0.188,0.432,0.397,0.366,0.335,89.3,33.0,4.5,35.3,93.602302531,31.1
"Civale, Aaron",650644,2019,227,204,46,20.3,7.0,0.216,0.368,0.27,0.638,0.152,0.252,0.233,0.347,0.269,0.278,0.289,0.114,0.301,0.313,0.27,0.296,87.0,31.1,5.5,32.9,92.870459877,21.2
"Davies, Zach",605200,2019,672,606,102,15.2,7.6,0.256,0.416,0.313,0.729,0.16,0.276,0.276,0.464,0.309,0.339,0.332,0.188,0.332,0.37,0.305,0.329,88.7,37.0,6.0,33.3,93.381141876,17.3
"Chargois, JT",608638,2019,88,77,28,31.8,5.7,0.273,0.506,0.318,0.824,0.233,0.347,0.223,0.394,0.327,0.276,0.279,0.171,0.464,0.382,0.396,0.331,89.1,34.0,3.8,35.8,93.841749057,34.3
"Buchter, Ryan",488748,2019,198,167,50,25.3,11.6,0.251,0.455,0.344,0.799,0.204,0.304,0.262,0.462,0.334,0.345,0.356,0.2,0.404,0.425,0.35,0.37,88.6,43.1,8.1,33.3,93.522373276,26.1
"McHugh, Collin",543521,2019,317,280,82,25.9,9.5,0.221,0.432,0.301,0.733,0.211,0.265,0.234,0.41,0.309,0.311,0.313,0.176,0.371,0.376,0.308,0.328,88.0,37.8,4.5,30.3,92.8306709,27.9
"Devenski, Chris",606965,2019,298,270,72,24.2,7.0,0.256,0.47,0.313,0.783,0.214,0.298,0.229,0.407,0.327,0.3,0.291,0.178,0.4,0.361,0.343,0.31,88.7,35.1,3.5,35.1,93.376424774,28.2
"Hernandez, David",456696,2019,199,173,53,26.6,10.6,0.306,0.538,0.379,0.917,0.232,0.397,0.255,0.422,0.375,0.32,0.336,0.168,0.488,0.404,0.431,0.362,89.3,38.7,3.2,35.2,93.709767479,32.2
"Wick, Rowan",592858,2019,140,120,35,25.0,11.4,0.183,0.233,0.295,0.528,0.05,0.259,0.195,0.32,0.244,0.278,0.305,0.125,0.25,0.305,0.259,0.275,87.8,24.4,1.2,31.4,93.016205412,25.9
"García, Luis",472610,2019,278,237,57,20.5,11.9,0.257,0.443,0.357,0.8,0.186,0.284,0.248,0.433,0.342,0.338,0.351,0.185,0.377,0.372,0.335,0.325,88.6,33.9,4.4,35.7,93.75790514,29.6
"Lauer, Eric",641778,2019,651,589,138,21.2,7.8,0.268,0.43,0.33,0.76,0.162,0.318,0.246,0.419,0.321,0.312,0.311,0.172,0.377,0.364,0.348,0.321,89.8,32.4,9.4,39.4,94.107362711,20.1
"Lynn, Lance",458681,2019,875,801,246,28.1,6.7,0.243,0.39,0.3,0.69,0.147,0.322,0.222,0.372,0.294,0.283,0.282,0.149,0.375,0.361,0.348,0.322,87.9,34.0,6.2,33.8,93.230290407,28.5
"Kolarek, Adam",592473,2019,229,210,45,19.7,7.0,0.229,0.376,0.293,0.669,0.147,0.259,0.227,0.36,0.28,0.28,0.292,0.133,0.319,0.319,0.291,0.289,87.6,23.0,4.2,35.8,93.325328344,24.6
"Minor, Mike",501985,2019,863,779,200,23.2,7.9,0.244,0.395,0.308,0.703,0.151,0.288,0.228,0.389,0.301,0.297,0.296,0.161,0.354,0.349,0.325,0.307,86.9,31.6,5.4,30.4,92.844435876,26.2
"Rodón, Carlos",607074,2019,158,138,46,29.1,10.8,0.239,0.391,0.323,0.714,0.152,0.322,0.209,0.352,0.307,0.296,0.303,0.144,0.384,0.365,0.351,0.318,89.8,36.2,7.4,39.4,94.180158602,28.4
"Suarez, José",660761,2019,375,329,72,19.2,8.8,0.304,0.565,0.382,0.947,0.261,0.326,0.269,0.474,0.393,0.353,0.353,0.205,0.454,0.395,0.386,0.343,88.7,36.2,6.2,37.3,93.726941216,25.3
"Montgomery, Mike",543557,2019,402,359,69,17.2,8.5,0.315,0.535,0.379,0.914,0.22,0.348,0.307,0.525,0.382,0.382,0.374,0.217,0.434,0.433,0.388,0.382,90.4,35.0,6.1,44.7,94.752679723,21.9
"Lakins, Travis",664042,2019,102,89,18,17.6,9.8,0.258,0.404,0.333,0.737,0.146,0.306,0.251,0.409,0.311,0.325,0.334,0.159,0.336,0.354,0.315,0.316,90.1,35.6,5.5,42.5,94.228804028,25.6
"Rodriguez, Jefry",622446,2019,203,178,33,16.3,10.3,0.27,0.427,0.342,0.769,0.157,0.301,0.259,0.449,0.325,0.337,0.339,0.189,0.349,0.364,0.324,0.32,90.7,31.5,6.0,43.6,94.381626081,18.6
"Odorizzi, Jake",543606,2019,658,593,178,27.1,8.1,0.234,0.371,0.3,0.671,0.137,0.305,0.23,0.399,0.289,0.299,0.296,0.169,0.357,0.373,0.332,0.327,89.2,37.1,6.9,36.2,93.679724672,27.7
"Clarke, Taylor",664199,2019,369,327,68,18.4,8.1,0.263,0.55,0.332,0.882,0.287,0.261,0.256,0.511,0.361,0.353,0.328,0.255,0.409,0.398,0.326,0.32,89.3,30.6,6.0,39.8,94.437459425,23.2
"Norris, Daniel",596057,2019,610,560,125,20.5,6.2,0.275,0.473,0.324,0.797,0.198,0.312,0.265,0.475,0.334,0.335,0.316,0.21,0.395,0.397,0.352,0.341,90.9,30.9,7.0,43.3,94.909888856,23.1
"Melville, Tim",543532,2019,143,124,24,16.8,9.8,0.274,0.532,0.348,0.88,0.258,0.269,0.278,0.518,0.364,0.367,0.354,0.239,0.401,0.407,0.333,0.342,90.2,30.8,4.8,35.0,93.863051212,24.7
"Cortes, Nestor",641482,2019,298,267,69,23.2,9.4,0.281,0.494,0.349,0.843,0.213,0.321,0.266,0.473,0.353,0.342,0.336,0.207,0.427,0.411,0.375,0.355,87.9,37.5,5.5,35.5,93.584948442,25.2
"Allen, Logan",663531,2019,127,109,17,13.4,10.2,0.33,0.55,0.408,0.958,0.22,0.36,0.329,0.55,0.401,0.409,0.412,0.221,0.427,0.439,0.387,0.392,92.8,35.8,11.6,52.1,95.801092935,21.3
"Bowman, Matt",621199,2019,137,122,25,18.2,9.5,0.221,0.336,0.292,0.628,0.115,0.258,0.226,0.305,0.263,0.261,0.298,0.08,0.287,0.284,0.273,0.28,85.5,25.3,4.0,29.9,92.191542396,19.6
"Pineda, Michael",501381,2019,600,558,140,23.3,4.7,0.253,0.43,0.291,0.721,0.177,0.294,0.251,0.443,0.301,0.313,0.294,0.192,0.371,0.39,0.332,0.338,89.7,35.4,8.2,37.4,93.936582759,25.6
"LeBlanc, Wade",453281,2019,532,498,92,17.3,5.8,0.291,0.534,0.333,0.867,0.243,0.309,0.28,0.491,0.359,0.343,0.323,0.211,0.415,0.394,0.356,0.343,89.4,38.5,7.1,39.0,94.094017679,22.3
"Pomeranz, Drew",519141,2019,455,403,137,30.1,9.7,0.261,0.467,0.338,0.805,0.206,0.34,0.229,0.413,0.34,0.314,0.312,0.185,0.45,0.408,0.392,0.35,89.8,35.9,4.4,35.8,93.824278736,26.8
"Armstrong, Shawn",542888,2019,271,234,63,23.2,10.7,0.282,0.449,0.367,0.816,0.167,0.349,0.255,0.451,0.347,0.344,0.347,0.196,0.409,0.405,0.379,0.348,88.1,38.9,6.3,34.9,93.623081503,26.8
"Chafin, Andrew",605177,2019,225,202,68,30.2,8.0,0.257,0.366,0.324,0.69,0.109,0.359,0.243,0.391,0.301,0.306,0.312,0.148,0.396,0.405,0.388,0.368,87.9,35.8,3.6,36.8,93.886366894,33.9
"Rodney, Fernando",407845,2019,210,182,49,23.3,13.3,0.269,0.396,0.367,0.763,0.127,0.344,0.234,0.378,0.332,0.315,0.338,0.144,0.381,0.357,0.368,0.323,87.6,30.8,3.8,37.2,93.543790698,26.5
"Germán, Domingo",593334,2019,594,548,153,25.8,6.6,0.228,0.442,0.285,0.727,0.214,0.26,0.243,0.444,0.305,0.316,0.3,0.201,0.379,0.396,0.316,0.338,89.4,37.8,6.8,40.1,94.057958608,28.2
"Wainwright, Adam",425794,2019,745,662,153,20.5,8.6,0.273,0.44,0.342,0.782,0.167,0.323,0.264,0.429,0.33,0.328,0.338,0.165,0.382,0.382,0.352,0.346,88.9,32.1,5.0,39.2,93.845111434,19.5
"Stewart, Kohl",640464,2019,109,100,10,9.2,7.3,0.29,0.52,0.349,0.869,0.23,0.282,0.315,0.534,0.363,0.383,0.372,0.219,0.37,0.395,0.322,0.35,90.5,35.6,7.8,44.4,95.666526067,19.9
"Verlander, Justin",434378,2019,847,796,300,35.4,5.0,0.172,0.361,0.219,0.58,0.189,0.219,0.186,0.346,0.243,0.248,0.233,0.16,0.345,0.36,0.275,0.303,87.3,30.1,6.4,33.3,93.055670637,33.6
"Keller, Mitch",656605,2019,227,207,65,28.6,7.0,0.348,0.546,0.394,0.94,0.198,0.478,0.236,0.346,0.392,0.284,0.3,0.109,0.534,0.383,0.5,0.366,87.2,33.8,2.1,35.3,93.313422821,24.9
"Wright Jr., Mike",605541,2019,147,131,30,20.4,8.2,0.336,0.565,0.395,0.96,0.229,0.392,0.299,0.486,0.396,0.363,0.364,0.188,0.474,0.427,0.427,0.384,91.0,37.9,8.7,46.6,95.281624563,23.5
"McRae, Alex",656725,2019,132,113,19,14.4,12.1,0.319,0.611,0.417,1.028,0.292,0.318,0.28,0.518,0.424,0.385,0.39,0.238,0.458,0.405,0.383,0.341,90.8,36.2,5.3,48.8,94.760636047,19.9
"Clevinger, Mike",605182,2019,499,459,169,33.9,7.4,0.209,0.331,0.271,0.602,0.122,0.306,0.208,0.346,0.261,0.268,0.27,0.138,0.355,0.367,0.33,0.329,86.4,37.1,6.2,34.0,93.145618408,35.3
"Robles, Hansel",570663,2019,283,262,75,26.5,5.7,0.221,0.332,0.263,0.595,0.111,0.283,0.213,0.347,0.254,0.259,0.257,0.135,0.319,0.329,0.305,0.297,89.0,29.7,3.1,32.8,93.244797967,26.3
"Hess, David",605276,2019,365,327,68,18.6,8.2,0.287,0.609,0.348,0.957,0.322,0.282,0.303,0.611,0.39,0.401,0.362,0.308,0.454,0.47,0.359,0.379,92.3,43.4,6.4,49.8,95.406534943,19.3
"Santiago, Héctor",502327,2019,163,140,40,24.5,13.5,0.3,0.557,0.393,0.95,0.257,0.366,0.267,0.524,0.395,0.374,0.366,0.257,0.488,0.453,0.416,0.372,89.2,40.6,4.0,38.6,94.0201516,28.0
"Jiménez, Joe",641729,2019,257,230,82,31.9,8.9,0.243,0.474,0.323,0.797,0.231,0.319,0.211,0.405,0.334,0.298,0.294,0.194,0.456,0.395,0.378,0.328,88.5,32.4,4.7,33.1,93.486671918,31.4
"Carrasco, Carlos",471911,2019,341,319,96,28.2,4.7,0.288,0.542,0.324,0.866,0.254,0.357,0.264,0.494,0.356,0.333,0.303,0.23,0.483,0.448,0.409,0.377,91.5,35.7,7.9,45.8,95.394083946,31.1
"García, Jarlín",606424,2019,206,185,39,18.9,7.8,0.216,0.319,0.283,0.602,0.103,0.25,0.244,0.405,0.259,0.31,0.314,0.16,0.28,0.351,0.27,0.314,88.5,28.9,3.4,32.4,93.859080417,20.8
"López, Reynaldo",625643,2019,809,729,169,20.9,8.0,0.278,0.491,0.342,0.833,0.213,0.317,0.259,0.47,0.349,0.338,0.326,0.21,0.409,0.394,0.359,0.337,88.8,36.3,7.8,38.3,94.030077252,24.7
"Buchholz, Clay",453329,2019,254,235,39,15.4,6.3,0.306,0.566,0.352,0.918,0.26,0.321,0.294,0.554,0.378,0.376,0.342,0.26,0.427,0.424,0.365,0.353,86.8,35.5,4.6,36.5,93.704545,20.6
"Ryu, Hyun Jin",547943,2019,723,685,163,22.5,3.3,0.234,0.359,0.263,0.622,0.125,0.282,0.249,0.37,0.263,0.281,0.279,0.121,0.323,0.348,0.305,0.328,86.6,32.5,5.5,30.8,93.046409264,24.9
"Anderson, Chase",502624,2019,592,526,124,20.9,8.4,0.24,0.449,0.314,0.763,0.209,0.27,0.244,0.421,0.32,0.32,0.322,0.177,0.367,0.368,0.312,0.323,87.3,31.5,7.1,32.9,93.149145896,23.5
"Baez, Michel",673258,2019,131,112,28,21.4,10.7,0.223,0.366,0.323,0.689,0.143,0.268,0.225,0.361,0.295,0.299,0.328,0.136,0.322,0.328,0.294,0.302,87.7,34.9,7.0,37.2,93.095490588,24.0
"Bundy, Dylan",605164,2019,700,628,162,23.1,8.3,0.256,0.462,0.322,0.784,0.206,0.297,0.239,0.404,0.329,0.309,0.308,0.166,0.392,0.363,0.34,0.32,88.2,31.9,7.0,31.9,93.062501128,28.1
"Price, David",456034,2019,458,422,128,27.9,7.0,0.258,0.441,0.314,0.755,0.183,0.336,0.243,0.426,0.319,0.311,0.301,0.182,0.413,0.402,0.369,0.349,88.4,36.9,6.1,38.3,93.902185461,26.0
"Straily, Dan",573185,2019,236,209,33,14.0,9.3,0.349,0.746,0.411,1.157,0.397,0.325,0.339,0.717,0.464,0.452,0.402,0.378,0.519,0.503,0.408,0.396,91.4,41.3,6.1,49.2,95.49873324,18.3
"Wheeler, Zack",554430,2019,828,760,195,23.6,6.0,0.258,0.391,0.303,0.694,0.133,0.316,0.245,0.393,0.294,0.297,0.296,0.148,0.36,0.365,0.343,0.333,87.0,34.5,6.0,32.4,93.070746151,23.0
"Gaviglio, Sam",543208,2019,392,362,88,22.4,5.6,0.235,0.434,0.284,0.718,0.199,0.259,0.232,0.428,0.3,0.302,0.282,0.196,0.359,0.361,0.307,0.305,88.3,25.9,7.2,35.3,93.7404513,27.9
"Springs, Jeffrey",605488,2019,155,129,32,20.6,14.8,0.295,0.488,0.396,0.884,0.193,0.358,0.275,0.431,0.375,0.353,0.381,0.156,0.422,0.388,0.384,0.36,88.0,45.5,10.1,38.4,93.501121616,30.2
"Chen, Wei-Yin",612672,2019,307,280,63,20.5,5.9,0.311,0.557,0.361,0.918,0.246,0.353,0.282,0.501,0.378,0.353,0.336,0.219,0.456,0.421,0.397,0.363,89.4,40.3,9.0,40.7,94.028263379,20.3
"Estévez, Carlos",608032,2019,308,280,81,26.3,7.5,0.25,0.45,0.306,0.756,0.2,0.305,0.238,0.42,0.316,0.304,0.296,0.182,0.399,0.383,0.347,0.331,90.4,34.5,3.0,38.4,94.248667562,30.6
"Neris, Héctor",593576,2019,275,242,89,32.4,8.7,0.186,0.339,0.274,0.613,0.153,0.241,0.19,0.329,0.265,0.269,0.28,0.139,0.337,0.343,0.29,0.301,88.9,33.3,4.5,36.1,93.306861046,38.3
"Parker, Blake",453284,2019,255,226,65,25.5,8.6,0.235,0.438,0.308,0.746,0.203,0.267,0.271,0.481,0.315,0.351,0.344,0.21,0.383,0.439,0.325,0.38,88.9,42.4,4.8,39.4,94.289441235,27.2
"Hudson, Daniel",543339,2019,304,267,71,23.4,8.9,0.21,0.363,0.287,0.65,0.153,0.249,0.221,0.421,0.277,0.306,0.299,0.2,0.314,0.358,0.279,0.297,89.3,32.2,5.9,41.1,94.308719548,22.8
"Brigham, Jeff",656257,2019,161,145,39,24.2,8.7,0.248,0.448,0.317,0.765,0.2,0.283,0.259,0.47,0.318,0.333,0.327,0.211,0.388,0.411,0.336,0.352,88.4,33.6,2.8,37.4,93.645319434,25.1
"Vázquez, Felipe",553878,2019,236,218,90,38.1,5.5,0.197,0.317,0.254,0.571,0.12,0.306,0.204,0.342,0.247,0.263,0.262,0.138,0.361,0.391,0.333,0.348,87.2,38.0,5.4,37.5,93.36607,29.0
"Suárez, Andrew",605498,2019,148,129,25,16.9,9.5,0.302,0.558,0.365,0.923,0.256,0.317,0.275,0.514,0.374,0.363,0.35,0.239,0.422,0.408,0.361,0.341,89.8,37.0,1.9,36.1,94.266099722,17.2
"Rodriguez, Eduardo",593958,2019,859,770,213,24.8,8.7,0.253,0.391,0.323,0.714,0.138,0.318,0.223,0.375,0.307,0.292,0.297,0.152,0.368,0.346,0.347,0.307,86.2,31.7,5.0,29.4,92.609035278,27.4
"Wilson, Bryse",669060,2019,93,81,16,17.2,10.8,0.321,0.654,0.396,1.05,0.333,0.35,0.284,0.512,0.426,0.368,0.363,0.228,0.494,0.413,0.4,0.354,91.4,32.8,7.5,44.8,95.375592462,20.2
"Holland, Derek",502706,2019,376,318,82,21.8,12.0,0.258,0.497,0.355,0.852,0.239,0.284,0.243,0.5,0.356,0.357,0.346,0.257,0.413,0.414,0.345,0.33,91.1,31.4,4.5,42.1,95.004865897,26.9
"Holland, Greg",518813,2019,152,126,41,27.0,15.8,0.198,0.365,0.322,0.687,0.167,0.244,0.195,0.352,0.296,0.296,0.322,0.157,0.335,0.336,0.287,0.286,89.4,31.0,10.3,36.8,93.606706628,30.1
"Guerra, Javy",457915,2019,287,267,57,19.9,5.9,0.251,0.427,0.297,0.724,0.176,0.284,0.244,0.437,0.301,0.304,0.292,0.193,0.354,0.359,0.318,0.31,89.4,34.4,6.1,37.7,93.780220048,18.6
"Hudson, Dakota",641712,2019,757,652,136,18.0,11.4,0.245,0.403,0.338,0.741,0.158,0.275,0.262,0.421,0.316,0.337,0.355,0.159,0.336,0.365,0.306,0.331,89.3,31.4,5.9,38.8,94.329664942,23.7
"Nicasio, Juan",504379,2019,217,191,45,20.7,9.7,0.298,0.44,0.37,0.81,0.142,0.368,0.286,0.446,0.339,0.347,0.365,0.16,0.399,0.411,0.385,0.377,89.4,36.9,5.4,38.9,94.356845616,20.9
"Stratton, Chris",608717,2019,344,310,69,20.1,9.6,0.3,0.506,0.366,0.872,0.206,0.349,0.267,0.413,0.366,0.327,0.342,0.146,0.427,0.377,0.384,0.35,88.4,32.2,5.8,34.7,93.404789636,24.2
"Perdomo, Luis",606131,2019,296,274,55,18.6,6.1,0.252,0.372,0.303,0.675,0.12,0.296,0.26,0.408,0.289,0.309,0.31,0.148,0.327,0.354,0.315,0.325,90.3,27.6,7.2,42.5,94.364681843,19.8
"Rogers, Taylor",573124,2019,278,258,90,32.4,4.0,0.225,0.353,0.273,0.626,0.128,0.313,0.184,0.315,0.266,0.238,0.236,0.131,0.37,0.328,0.345,0.288,87.9,25.7,4.7,29.7,93.02157325,25.9
"Gonzales, Marco",594835,2019,866,794,147,17.0,6.5,0.264,0.422,0.314,0.736,0.158,0.295,0.254,0.407,0.311,0.311,0.311,0.153,0.345,0.346,0.32,0.315,88.3,31.5,7.2,35.2,93.493739367,18.0
"Barraclough, Kyle",607457,2019,164,139,40,24.4,12.8,0.273,0.518,0.374,0.892,0.245,0.319,0.28,0.565,0.371,0.394,0.383,0.285,0.451,0.489,0.38,0.394,90.7,39.6,9.9,44.6,95.310662959,30.2
"Parsons, Wes",641149,2019,157,121,26,16.6,18.5,0.264,0.455,0.406,0.861,0.191,0.283,0.3,0.503,0.366,0.4,0.435,0.203,0.367,0.42,0.327,0.372,89.2,35.0,6.0,38.0,94.030530515,21.7
"Eickhoff, Jerad",595191,2019,245,222,51,20.8,7.3,0.261,0.563,0.322,0.885,0.302,0.261,0.251,0.528,0.364,0.351,0.313,0.278,0.434,0.416,0.339,0.326,89.2,36.2,6.9,39.1,93.827701183,26.2
"Blach, Ty",621389,2019,139,122,20,14.4,12.2,0.377,0.672,0.453,1.125,0.295,0.404,0.323,0.564,0.463,0.409,0.406,0.241,0.517,0.443,0.451,0.387,90.2,46.1,7.8,42.6,94.300527228,16.1
"Houser, Adrian",605288,2019,462,414,117,25.3,8.0,0.244,0.399,0.312,0.711,0.155,0.304,0.22,0.347,0.302,0.281,0.291,0.127,0.368,0.335,0.337,0.306,86.7,30.0,6.3,35.3,93.131636174,24.4
"Flaherty, Jack",656427,2019,772,704,231,29.9,7.1,0.192,0.335,0.256,0.591,0.143,0.244,0.215,0.366,0.254,0.278,0.278,0.151,0.322,0.361,0.284,0.319,86.6,33.4,6.3,30.3,92.865941078,30.7
"Eovaldi, Nathan",543135,2019,302,261,70,23.2,11.6,0.276,0.51,0.365,0.875,0.234,0.316,0.24,0.432,0.367,0.336,0.338,0.193,0.436,0.388,0.373,0.33,90.8,32.0,4.1,40.7,94.847112487,26.3
"Anderson, Shaun",641312,2019,427,382,70,16.4,8.9,0.291,0.461,0.357,0.818,0.17,0.327,0.293,0.48,0.345,0.359,0.36,0.187,0.382,0.4,0.355,0.359,88.5,39.7,6.0,37.3,93.826124492,20.9
"Garrett, Amir",607237,2019,246,207,78,31.7,14.2,0.213,0.357,0.337,0.694,0.144,0.303,0.2,0.3,0.307,0.287,0.328,0.1,0.379,0.343,0.341,0.323,87.5,24.8,6.2,32.3,93.203753016,38.9
"Gagnon, Drew",543193,2019,117,108,17,14.5,6.0,0.315,0.676,0.368,1.044,0.361,0.287,0.273,0.579,0.425,0.377,0.331,0.306,0.477,0.418,0.374,0.327,87.8,31.9,6.6,34.9,94.005302326,23.8
"Minaya, Juan",573668,2019,126,112,27,21.4,9.5,0.277,0.5,0.357,0.857,0.223,0.333,0.234,0.389,0.361,0.308,0.319,0.156,0.42,0.343,0.365,0.308,89.6,32.9,4.7,41.2,93.988599529,22.3
"McKay, Brendan",656713,2019,216,198,56,25.9,7.4,0.268,0.475,0.321,0.796,0.207,0.333,0.256,0.448,0.333,0.322,0.31,0.192,0.423,0.407,0.371,0.355,91.2,36.1,4.2,44.4,94.814889789,23.7
"Wang, Wei-Chung",623913,2019,129,113,18,14.0,10.9,0.239,0.389,0.326,0.715,0.15,0.25,0.237,0.425,0.309,0.323,0.325,0.188,0.307,0.326,0.281,0.28,87.1,34.4,9.4,26.0,92.218124842,20.1
"Milone, Tommy",543548,2019,453,423,94,20.8,5.1,0.241,0.485,0.28,0.765,0.244,0.252,0.246,0.472,0.313,0.32,0.29,0.226,0.375,0.388,0.305,0.32,87.2,38.0,4.8,31.3,93.051098734,22.8
"Lockett, Walker",621141,2019,103,95,16,15.5,5.8,0.347,0.611,0.392,1.003,0.264,0.37,0.304,0.515,0.415,0.368,0.352,0.21,0.475,0.414,0.418,0.366,88.7,37.5,6.3,33.8,93.690495823,16.9
"Cordero, Jimmy",622772,2019,146,132,31,21.2,7.5,0.197,0.341,0.274,0.615,0.144,0.227,0.227,0.339,0.267,0.284,0.301,0.112,0.29,0.314,0.257,0.297,85.4,26.7,3.0,29.7,92.427909703,29.3
"Miley, Wade",489119,2019,720,646,140,19.4,8.5,0.254,0.406,0.321,0.727,0.152,0.289,0.245,0.383,0.311,0.307,0.317,0.138,0.347,0.343,0.321,0.316,87.5,29.0,4.3,32.5,93.08191824,22.9
"Johnson, Brian",598271,2019,193,168,31,16.1,11.9,0.315,0.536,0.398,0.934,0.221,0.359,0.257,0.461,0.388,0.34,0.347,0.204,0.431,0.366,0.387,0.315,89.3,33.8,6.5,36.7,93.831397353,22.7
"Hader, Josh",623352,2019,289,265,138,47.8,6.9,0.155,0.366,0.225,0.591,0.211,0.232,0.154,0.322,0.247,0.235,0.226,0.168,0.437,0.422,0.323,0.332,90.8,33.1,5.5,42.0,94.255838487,41.8
"Mejía, Adalberto",606167,2019,145,123,30,20.7,14.5,0.268,0.447,0.372,0.819,0.179,0.322,0.288,0.532,0.351,0.388,0.389,0.244,0.387,0.445,0.351,0.377,90.3,38.3,5.3,46.8,94.486296237,23.6
"Wood, Hunter",621056,2019,195,180,39,20.0,6.2,0.256,0.417,0.304,0.721,0.161,0.289,0.247,0.392,0.303,0.295,0.297,0.145,0.354,0.343,0.324,0.314,87.3,32.4,7.7,31.7,92.971647071,27.2
"Tuivailala, Sam",592815,2019,95,80,27,28.4,12.6,0.163,0.263,0.284,0.547,0.1,0.226,0.197,0.328,0.25,0.287,0.313,0.131,0.261,0.326,0.241,0.292,87.7,27.8,7.4,37.0,92.888681296,27.4
"Margevicius, Nick",676606,2019,263,238,42,16.0,7.2,0.307,0.546,0.365,0.911,0.239,0.332,0.291,0.502,0.379,0.362,0.352,0.211,0.426,0.405,0.372,0.355,88.5,35.7,6.0,34.7,93.512387047,22.7
"Hirano, Yoshihisa",673633,2019,233,205,61,26.2,9.4,0.249,0.395,0.328,0.723,0.146,0.317,0.216,0.38,0.308,0.294,0.302,0.163,0.376,0.354,0.349,0.308,88.2,32.0,8.2,29.3,92.907060764,31.7
"Wisler, Matt",605538,2019,224,206,63,28.1,7.1,0.272,0.49,0.323,0.813,0.218,0.343,0.238,0.396,0.339,0.299,0.295,0.158,0.448,0.387,0.389,0.346,88.3,32.4,6.2,34.5,93.275311399,31.8
"Shawaryn, Mike",642067,2019,103,84,29,28.2,12.6,0.31,0.56,0.427,0.987,0.25,0.412,0.248,0.543,0.414,0.386,0.378,0.295,0.536,0.485,0.464,0.374,91.6,39.3,3.6,50.0,95.350868214,35.4
"VerHagen, Drew",572403,2019,258,230,51,19.8,8.9,0.304,0.504,0.376,0.88,0.2,0.357,0.258,0.426,0.37,0.333,0.337,0.168,0.428,0.375,0.389,0.333,89.1,30.0,4.4,38.3,94.005210722,22.7
"Pressly, Ryan",519151,2019,211,197,72,34.1,5.7,0.188,0.31,0.233,0.543,0.122,0.258,0.206,0.331,0.233,0.252,0.253,0.125,0.323,0.363,0.294,0.331,86.6,31.0,2.4,32.5,93.013827179,36.0
"Nova, Iván",467100,2019,806,743,114,14.1,5.8,0.303,0.483,0.35,0.833,0.18,0.323,0.295,0.477,0.351,0.352,0.345,0.182,0.384,0.386,0.355,0.349,88.8,34.6,5.4,38.4,94.102419968,18.5
"Yamamoto, Jordan",657141,2019,325,282,82,25.2,11.1,0.191,0.355,0.292,0.647,0.164,0.225,0.228,0.381,0.281,0.309,0.326,0.152,0.313,0.359,0.267,0.322,90.0,30.7,7.4,38.8,94.283086667,23.1
"Ramirez, Noé",598287,2019,280,254,79,28.2,7.1,0.232,0.398,0.3,0.698,0.166,0.299,0.211,0.363,0.297,0.281,0.283,0.152,0.375,0.352,0.335,0.309,87.3,34.1,9.1,31.2,92.692318314,31.2
"Wittgren, Nick",621295,2019,232,216,60,25.9,6.9,0.218,0.407,0.272,0.679,0.189,0.253,0.253,0.463,0.285,0.323,0.305,0.21,0.355,0.414,0.301,0.352,92.5,31.4,7.1,50.0,95.256349412,23.2
"Kennedy, Ian",453178,2019,266,245,73,27.4,6.4,0.261,0.363,0.312,0.675,0.102,0.349,0.219,0.368,0.291,0.275,0.272,0.15,0.375,0.35,0.372,0.312,88.6,30.3,6.3,34.3,93.49723,24.2
"Smith, Will",519293,2019,257,235,96,37.4,8.2,0.196,0.357,0.261,0.618,0.161,0.277,0.208,0.353,0.261,0.269,0.272,0.145,0.381,0.398,0.329,0.351,89.6,33.6,5.7,39.3,93.915307536,34.3
"Wingenter, Trey",622259,2019,218,182,72,33.0,12.8,0.187,0.324,0.309,0.633,0.137,0.271,0.196,0.331,0.282,0.299,0.321,0.135,0.342,0.374,0.304,0.328,88.7,37.2,8.8,36.3,93.826754464,36.3
"Avilán, Luis",501593,2019,141,124,30,21.3,9.9,0.266,0.427,0.355,0.782,0.161,0.315,0.276,0.43,0.338,0.347,0.364,0.153,0.381,0.395,0.351,0.365,84.9,30.9,4.3,23.4,92.216948617,27.8
"Peralta, Wily",503449,2019,176,152,24,13.6,10.8,0.296,0.487,0.377,0.864,0.191,0.309,0.28,0.518,0.364,0.373,0.368,0.237,0.38,0.393,0.346,0.334,90.3,29.8,5.3,42.0,94.437019385,22.1
"Covey, Dylan",592229,2019,279,245,41,14.7,9.7,0.306,0.506,0.38,0.886,0.2,0.326,0.324,0.555,0.372,0.399,0.396,0.231,0.403,0.439,0.366,0.387,89.9,38.5,5.8,37.0,94.086748177,17.9
"Fedde, Erick",607200,2019,334,293,41,12.3,9.9,0.276,0.451,0.352,0.803,0.175,0.288,0.311,0.51,0.339,0.381,0.384,0.199,0.348,0.403,0.319,0.361,89.2,34.1,7.8,39.9,94.466718566,17.2
"Rondón, Héctor",444468,2019,257,231,48,18.7,7.8,0.242,0.442,0.313,0.755,0.2,0.264,0.231,0.4,0.319,0.306,0.303,0.17,0.353,0.336,0.304,0.291,87.1,27.6,3.8,34.2,93.499274153,22.6
"Woodruff, Brandon",605540,2019,493,454,143,29.0,6.1,0.24,0.357,0.293,0.65,0.117,0.322,0.231,0.36,0.281,0.282,0.286,0.129,0.363,0.365,0.348,0.337,86.1,38.1,6.3,30.2,92.818592981,25.5
"Pruitt, Austin",643493,2019,193,177,39,20.2,6.2,0.266,0.452,0.309,0.761,0.186,0.301,0.256,0.417,0.314,0.304,0.302,0.161,0.375,0.362,0.336,0.327,88.3,34.5,2.8,33.8,93.600999783,24.8
"Maeda, Kenta",628317,2019,624,564,169,27.1,8.2,0.202,0.371,0.272,0.643,0.169,0.245,0.214,0.342,0.274,0.274,0.283,0.128,0.333,0.333,0.286,0.304,86.1,35.5,4.0,28.7,92.259687538,32.4
"Loáisiga, Jonathan",642528,2019,139,118,37,26.6,11.5,0.263,0.475,0.345,0.82,0.212,0.316,0.239,0.411,0.342,0.323,0.333,0.172,0.421,0.389,0.365,0.344,89.3,35.3,10.6,40.0,93.897965882,33.1
"Brice, Austin",592169,2019,199,173,46,23.1,9.0,0.214,0.364,0.312,0.676,0.15,0.248,0.217,0.351,0.292,0.293,0.316,0.133,0.323,0.326,0.289,0.296,88.0,34.4,5.5,36.7,93.221530859,26.7
"Holmes, Clay",605280,2019,240,194,56,23.3,15.0,0.232,0.366,0.377,0.743,0.134,0.301,0.23,0.367,0.332,0.335,0.378,0.137,0.35,0.357,0.326,0.326,88.6,31.2,4.3,39.3,93.896985865,27.3
"Shoemaker, Matt",533167,2019,108,98,24,22.2,8.3,0.163,0.306,0.241,0.547,0.143,0.183,0.249,0.488,0.238,0.341,0.318,0.239,0.254,0.404,0.216,0.33,89.2,27.0,5.4,39.2,93.52908473,28.5
"Greinke, Zack",425844,2019,810,767,187,23.1,3.7,0.228,0.364,0.26,0.624,0.136,0.274,0.238,0.389,0.263,0.281,0.271,0.151,0.323,0.349,0.3,0.315,87.5,34.1,6.1,33.3,92.997307621,24.1
"Keuchel, Dallas",572971,2019,487,434,91,18.7,8.0,0.265,0.426,0.338,0.764,0.161,0.303,0.26,0.422,0.327,0.328,0.334,0.162,0.363,0.365,0.335,0.33,88.8,26.1,3.7,38.5,93.989366686,21.4
"Noesí, Hector",456051,2019,124,107,24,19.4,11.3,0.28,0.589,0.366,0.955,0.309,0.299,0.245,0.475,0.39,0.345,0.336,0.23,0.448,0.382,0.357,0.314,90.3,35.3,10.6,38.8,94.070220964,26.4
"Harris, Will",501789,2019,229,214,62,27.1,6.1,0.196,0.294,0.246,0.54,0.098,0.247,0.217,0.356,0.235,0.269,0.265,0.139,0.289,0.341,0.276,0.306,87.5,28.1,3.3,31.8,92.8387398,29.5
"Brasier, Ryan",518489,2019,241,214,61,25.3,8.7,0.238,0.411,0.311,0.722,0.173,0.286,0.265,0.477,0.306,0.346,0.339,0.212,0.368,0.431,0.327,0.37,89.3,39.7,5.1,36.5,94.142788377,31.0
"López, Yoan",661255,2019,246,224,42,17.1,6.9,0.232,0.446,0.282,0.728,0.214,0.234,0.305,0.549,0.298,0.377,0.352,0.244,0.334,0.437,0.28,0.372,92.2,36.4,5.3,44.4,95.097062973,21.2
"Alcantara, Sandy",645261,2019,838,743,151,18.0,9.7,0.241,0.397,0.322,0.719,0.156,0.274,0.244,0.424,0.308,0.322,0.324,0.18,0.331,0.351,0.302,0.306,87.3,29.9,6.5,34.3,93.287329508,23.8
"Cahill, Trevor",502239,2019,455,406,81,17.8,8.6,0.273,0.537,0.343,0.88,0.264,0.283,0.263,0.456,0.364,0.34,0.337,0.193,0.408,0.377,0.337,0.329,88.8,27.7,5.2,37.5,93.722705623,23.6
"Hartlieb, Geoff",664129,2019,171,148,38,22.2,10.5,0.351,0.608,0.412,1.02,0.257,0.415,0.298,0.506,0.418,0.369,0.367,0.208,0.514,0.441,0.456,0.389,90.4,33.9,2.6,41.7,94.777289649,23.5
"DeSclafani, Anthony",543101,2019,696,635,167,24.0,7.0,0.238,0.422,0.295,0.717,0.184,0.276,0.233,0.401,0.3,0.297,0.294,0.168,0.367,0.364,0.321,0.319,89.1,33.4,6.7,38.7,94.084247775,23.6
"Díaz, Jairo",545064,2019,245,223,63,25.7,7.8,0.251,0.43,0.314,0.744,0.179,0.318,0.234,0.374,0.315,0.295,0.301,0.14,0.389,0.359,0.348,0.328,90.1,32.3,6.2,42.2,94.406268438,29.5
"Payano, Pedro",622797,2019,103,86,17,16.5,14.6,0.302,0.488,0.412,0.9,0.186,0.348,0.316,0.489,0.386,0.395,0.423,0.173,0.409,0.423,0.377,0.394,87.4,38.6,5.7,40.0,93.89855058,26.4
"Anderson, Nick",623433,2019,264,243,110,41.7,6.8,0.214,0.374,0.273,0.647,0.16,0.349,0.196,0.357,0.269,0.259,0.257,0.161,0.44,0.42,0.388,0.358,90.2,41.0,6.0,41.8,94.111892879,38.0
"Skoglund, Eric",607215,2019,101,89,4,4.0,8.9,0.337,0.618,0.396,1.014,0.281,0.305,0.346,0.675,0.414,0.45,0.41,0.329,0.401,0.443,0.345,0.361,91.3,42.5,9.2,49.4,95.622944253,12.0
"Pannone, Thomas",623381,2019,325,286,69,21.2,9.5,0.255,0.455,0.338,0.793,0.2,0.291,0.25,0.467,0.335,0.345,0.338,0.217,0.382,0.397,0.333,0.333,89.5,37.4,6.8,38.8,93.848652685,25.5
"Sneed, Cy",605482,2019,93,87,23,24.7,5.4,0.299,0.529,0.337,0.866,0.23,0.356,0.259,0.454,0.36,0.321,0.3,0.195,0.464,0.408,0.406,0.353,89.3,36.9,1.5,35.4,93.493815238,22.0
"Hughes, Jared",453172,2019,289,255,54,18.7,9.3,0.224,0.424,0.302,0.726,0.2,0.233,0.242,0.4,0.306,0.313,0.321,0.158,0.335,0.345,0.282,0.31,89.7,25.2,4.4,34.8,93.694904541,22.7
"Archer, Chris",502042,2019,526,458,143,27.2,10.5,0.249,0.461,0.333,0.794,0.212,0.304,0.258,0.475,0.334,0.346,0.342,0.217,0.42,0.441,0.358,0.374,89.4,40.7,4.9,39.5,94.280519936,29.7
"Barnes, Jacob",606930,2019,160,136,32,20.0,13.8,0.265,0.478,0.362,0.84,0.213,0.293,0.263,0.454,0.352,0.349,0.362,0.192,0.392,0.386,0.34,0.339,89.2,38.7,2.8,37.7,93.727381321,23.4
"Jeffress, Jeremy",502026,2019,225,201,46,20.4,7.6,0.269,0.393,0.341,0.734,0.124,0.327,0.263,0.427,0.319,0.333,0.336,0.165,0.36,0.381,0.348,0.342,86.9,32.5,4.5,36.1,93.179820261,20.8
"Sobotka, Chad",656977,2019,134,112,38,28.4,14.2,0.25,0.446,0.373,0.819,0.196,0.324,0.23,0.414,0.354,0.338,0.356,0.184,0.435,0.406,0.378,0.348,90.4,31.1,5.4,33.8,93.700897162,35.4
"Plutko, Adam",592644,2019,462,430,78,16.9,5.6,0.267,0.488,0.314,0.802,0.221,0.28,0.266,0.464,0.333,0.328,0.313,0.197,0.377,0.371,0.325,0.324,88.1,37.0,4.5,32.8,93.149132408,18.8
"Barnes, Matt",598264,2019,285,243,110,38.6,13.3,0.21,0.346,0.32,0.666,0.136,0.341,0.188,0.299,0.292,0.27,0.301,0.111,0.418,0.371,0.381,0.34,89.3,31.3,4.5,33.6,93.477635,36.0
"Brewer, Colten",605155,2019,252,213,52,20.6,13.1,0.277,0.427,0.375,0.802,0.15,0.335,0.247,0.374,0.344,0.321,0.352,0.127,0.381,0.346,0.36,0.325,88.8,30.9,1.8,30.3,93.023439387,27.9
"Jewell, Jake",657228,2019,114,102,23,20.2,7.0,0.275,0.559,0.342,0.901,0.284,0.278,0.265,0.484,0.371,0.352,0.335,0.219,0.433,0.406,0.35,0.34,89.5,25.0,7.5,42.5,94.52738425,28.5
"Gallegos, Giovanny",606149,2019,279,259,93,33.3,5.7,0.17,0.32,0.226,0.546,0.15,0.222,0.188,0.346,0.23,0.253,0.244,0.158,0.312,0.349,0.263,0.295,88.3,31.1,7.8,35.5,93.57798747,34.6
"Teheran, Julio",527054,2019,754,645,162,21.5,11.0,0.229,0.389,0.328,0.717,0.16,0.27,0.24,0.416,0.31,0.327,0.338,0.175,0.338,0.365,0.303,0.319,89.0,31.2,4.5,35.4,93.652615134,22.2
"Muñoz, Andrés",662253,2019,97,85,30,30.9,11.3,0.188,0.329,0.281,0.61,0.141,0.264,0.21,0.373,0.268,0.295,0.301,0.163,0.33,0.376,0.291,0.325,88.0,39.3,1.8,33.9,93.260044545,31.7
"Farmer, Buck",571656,2019,288,251,73,25.3,8.3,0.247,0.422,0.32,0.742,0.175,0.31,0.235,0.424,0.312,0.312,0.31,0.189,0.381,0.38,0.341,0.325,89.5,31.2,4.3,40.0,93.820326464,29.8
"Manaea, Sean",640455,2019,109,100,30,27.5,6.4,0.16,0.28,0.229,0.509,0.12,0.194,0.215,0.366,0.224,0.28,0.28,0.151,0.259,0.347,0.229,0.307,89.5,32.9,7.1,37.1,94.034984412,28.3
"Grace, Matt",594840,2019,206,191,35,17.0,4.9,0.319,0.56,0.356,0.916,0.241,0.34,0.313,0.569,0.379,0.383,0.35,0.256,0.439,0.445,0.386,0.379,91.1,36.5,7.5,46.5,95.370102115,19.4
"Dobnak, Randy",677976,2019,118,110,23,19.5,4.2,0.245,0.3,0.297,0.597,0.055,0.302,0.254,0.362,0.264,0.293,0.304,0.108,0.294,0.334,0.31,0.321,88.6,26.4,6.9,42.5,94.500568736,27.7
"Miller, Andrew",453192,2019,236,200,70,29.7,11.4,0.225,0.4,0.339,0.739,0.175,0.283,0.209,0.374,0.32,0.309,0.327,0.165,0.394,0.374,0.344,0.322,88.5,37.4,4.6,33.1,93.494596953,30.7
"Soria, Joakim",465657,2019,278,252,79,28.4,7.2,0.202,0.341,0.267,0.608,0.139,0.253,0.213,0.385,0.261,0.286,0.28,0.172,0.324,0.366,0.291,0.313,87.4,34.7,1.7,34.3,93.088342047,28.8
"Taylor, Josh",657031,2019,195,175,62,31.8,8.7,0.229,0.343,0.303,0.646,0.114,0.321,0.211,0.343,0.28,0.277,0.288,0.132,0.367,0.363,0.351,0.327,86.6,35.1,6.1,31.6,93.106252832,33.1
"Glasnow, Tyler",607192,2019,230,215,76,33.0,6.1,0.186,0.274,0.235,0.509,0.088,0.265,0.176,0.292,0.222,0.231,0.229,0.116,0.296,0.31,0.286,0.276,87.4,28.6,4.3,32.1,92.915214,28.4
"Leone, Dominic",608678,2019,180,156,46,25.6,12.2,0.25,0.481,0.341,0.822,0.231,0.294,0.26,0.531,0.342,0.364,0.35,0.271,0.42,0.458,0.351,0.367,90.6,41.1,6.3,38.7,94.354953119,30.4
"Irvin, Cole",608344,2019,181,162,31,17.1,7.2,0.278,0.457,0.339,0.796,0.179,0.302,0.299,0.518,0.334,0.366,0.358,0.219,0.371,0.415,0.338,0.365,85.9,43.3,9.0,32.8,93.213998636,20.7
"Guerrero, Tyron",594027,2019,216,171,43,19.9,16.7,0.246,0.415,0.389,0.804,0.169,0.282,0.239,0.444,0.352,0.363,0.385,0.205,0.357,0.376,0.321,0.315,90.2,32.1,6.9,40.5,94.039845802,28.1
"Hale, David",571735,2019,157,148,23,14.6,4.5,0.264,0.412,0.299,0.711,0.148,0.298,0.251,0.358,0.297,0.279,0.288,0.107,0.33,0.307,0.31,0.296,86.3,29.4,4.0,28.6,92.597661667,17.1
"Pivetta, Nick",601713,2019,421,370,89,21.1,9.3,0.278,0.516,0.35,0.866,0.238,0.313,0.265,0.468,0.359,0.347,0.343,0.202,0.423,0.406,0.361,0.351,89.7,36.0,4.5,34.9,93.636123972,24.4
"Kluber, Corey",446372,2019,168,148,38,22.6,8.9,0.297,0.453,0.371,0.824,0.156,0.374,0.253,0.449,0.353,0.335,0.332,0.196,0.418,0.391,0.396,0.338,86.9,34.8,8.0,38.4,93.908165182,28.4
"Alvarez, Jose",501625,2019,255,232,51,20.0,7.1,0.284,0.431,0.335,0.766,0.147,0.33,0.265,0.412,0.319,0.311,0.319,0.147,0.377,0.366,0.359,0.337,86.1,33.5,5.4,32.4,92.821501902,23.0
"Shafer, Justin",596101,2019,182,155,39,21.4,13.7,0.265,0.484,0.37,0.854,0.219,0.318,0.233,0.403,0.355,0.319,0.343,0.171,0.41,0.355,0.353,0.311,88.4,35.0,8.5,33.3,93.331873793,26.4
"Toussaint, Touki",657053,2019,198,163,45,22.7,13.1,0.27,0.417,0.393,0.81,0.147,0.345,0.224,0.376,0.352,0.323,0.354,0.153,0.396,0.348,0.373,0.309,87.9,34.2,4.2,33.3,93.02979678,29.8
"Hernández, Darwinzon",650382,2019,147,117,57,38.8,17.7,0.231,0.342,0.384,0.726,0.111,0.441,0.162,0.226,0.327,0.267,0.329,0.063,0.467,0.323,0.45,0.316,86.4,37.7,9.8,31.1,92.766954333,35.5
"García, Yimi",554340,2019,247,225,66,26.7,5.7,0.178,0.427,0.244,0.671,0.249,0.172,0.182,0.366,0.275,0.261,0.249,0.184,0.341,0.32,0.25,0.257,87.2,29.8,7.5,27.3,92.539964151,26.4
"Marshall, Evan",605359,2019,209,184,41,19.6,11.5,0.228,0.353,0.316,0.669,0.125,0.266,0.231,0.383,0.289,0.304,0.32,0.152,0.31,0.332,0.292,0.297,86.8,24.3,2.8,30.6,92.750635845,24.6
"Givens, Mychal",571710,2019,260,230,86,33.1,10.0,0.213,0.426,0.296,0.722,0.213,0.271,0.217,0.416,0.303,0.306,0.3,0.199,0.41,0.414,0.336,0.343,88.9,41.8,8.2,39.7,94.384146759,34.3
"Fiers, Mike",571666,2019,754,683,126,16.7,7.0,0.243,0.408,0.304,0.712,0.165,0.256,0.26,0.463,0.303,0.335,0.322,0.203,0.328,0.372,0.295,0.32,88.1,31.6,4.9,38.3,93.655507408,18.2
"Kittredge, Andrew",552640,2019,210,194,58,27.6,5.7,0.263,0.407,0.31,0.717,0.144,0.336,0.228,0.369,0.305,0.281,0.278,0.141,0.393,0.357,0.37,0.322,86.9,31.2,5.1,34.1,93.172418986,31.8
"Drake, Oliver",543118,2019,219,199,70,32.0,8.7,0.181,0.357,0.256,0.613,0.176,0.225,0.199,0.355,0.261,0.271,0.273,0.156,0.339,0.357,0.279,0.308,88.9,27.1,7.8,40.3,94.087437813,35.9
"Swanson, Erik",657024,2019,245,230,52,21.2,4.9,0.243,0.517,0.286,0.803,0.274,0.241,0.259,0.513,0.328,0.341,0.303,0.255,0.397,0.416,0.313,0.337,91.4,33.5,6.1,41.3,95.034206229,22.7
"López, Pablo",641154,2019,469,425,95,20.3,5.8,0.261,0.435,0.32,0.755,0.174,0.303,0.254,0.432,0.318,0.319,0.315,0.178,0.369,0.37,0.334,0.327,88.2,32.4,5.7,36.9,93.623791697,23.5
"McCarthy, Kevin",641838,2019,268,239,38,14.2,7.8,0.285,0.414,0.342,0.756,0.129,0.318,0.269,0.402,0.315,0.313,0.332,0.134,0.341,0.34,0.332,0.319,89.9,26.1,3.9,41.5,94.362467451,20.4
"Cease, Dylan",656302,2019,326,288,81,24.8,10.7,0.271,0.486,0.353,0.839,0.215,0.326,0.242,0.422,0.353,0.323,0.327,0.18,0.431,0.385,0.375,0.335,87.9,32.7,7.7,37.5,93.531582981,26.1
"Díaz, Edwin",621242,2019,254,225,99,39.0,8.7,0.258,0.502,0.332,0.834,0.244,0.381,0.199,0.357,0.344,0.273,0.28,0.158,0.547,0.408,0.453,0.351,90.1,40.3,11.6,45.7,94.678068125,37.7
"Cisnero, José",542585,2019,162,136,40,24.7,11.7,0.257,0.449,0.356,0.805,0.192,0.323,0.219,0.359,0.336,0.298,0.327,0.14,0.403,0.343,0.357,0.309,87.7,34.0,9.0,36.0,93.685527347,27.1
"Almonte, Yency",622075,2019,157,140,29,18.5,8.9,0.279,0.514,0.346,0.86,0.235,0.305,0.289,0.55,0.359,0.379,0.356,0.261,0.407,0.435,0.348,0.362,90.7,37.2,4.4,41.6,94.816679107,24.9
"Brennan, Brandon",592165,2019,195,169,47,24.1,11.8,0.201,0.355,0.292,0.647,0.154,0.235,0.218,0.368,0.272,0.29,0.31,0.15,0.31,0.34,0.272,0.3,87.9,28.0,2.4,32.8,93.818017049,33.9
"Coonrod, Sam",656322,2019,114,94,20,17.5,13.2,0.202,0.319,0.336,0.655,0.117,0.225,0.183,0.323,0.294,0.294,0.32,0.14,0.276,0.275,0.257,0.232,87.8,21.3,0.0,30.7,92.807479324,23.1
"Treinen, Blake",595014,2019,266,226,59,22.2,13.9,0.257,0.416,0.362,0.778,0.159,0.308,0.247,0.419,0.336,0.337,0.356,0.171,0.376,0.379,0.345,0.335,88.0,31.4,3.0,34.7,93.426059695,26.7
"Gray, Jon",592351,2019,637,567,150,23.5,8.8,0.259,0.437,0.329,0.766,0.178,0.319,0.268,0.426,0.323,0.327,0.337,0.158,0.389,0.395,0.35,0.362,89.9,31.6,3.7,43.8,94.833960048,26.5
"Davis, Wade",451584,2019,206,175,42,20.4,14.1,0.291,0.474,0.398,0.872,0.183,0.349,0.271,0.457,0.374,0.364,0.381,0.186,0.418,0.402,0.383,0.357,89.4,39.8,7.5,34.6,93.561203008,25.2
"Gearrin, Cory",518715,2019,241,211,47,19.5,10.4,0.261,0.384,0.349,0.733,0.123,0.313,0.258,0.407,0.318,0.33,0.349,0.149,0.345,0.363,0.333,0.333,88.6,38.2,3.6,36.8,93.376855767,19.9
"Lucchesi, Joey",664192,2019,686,619,158,23.0,8.2,0.233,0.405,0.297,0.702,0.172,0.274,0.227,0.39,0.298,0.296,0.294,0.163,0.35,0.348,0.31,0.305,88.3,30.9,6.6,36.4,93.512160826,25.4
"Ureña, José",570632,2019,369,338,62,16.8,7.0,0.293,0.473,0.345,0.818,0.18,0.325,0.282,0.467,0.342,0.34,0.336,0.185,0.387,0.385,0.356,0.344,90.7,33.3,5.0,38.7,94.416494638,21.2
"Claudio, Alex",592222,2019,267,232,44,16.5,9.0,0.246,0.422,0.328,0.75,0.176,0.268,0.236,0.351,0.317,0.303,0.326,0.115,0.335,0.316,0.298,0.295,85.8,29.2,3.6,30.7,92.725877189,24.1
"Smyly, Drew",592767,2019,514,453,120,23.3,10.7,0.278,0.558,0.357,0.915,0.28,0.31,0.261,0.516,0.379,0.361,0.343,0.254,0.461,0.435,0.376,0.355,89.0,35.9,8.6,38.6,94.082304461,25.9
"Kahnle, Tommy",592454,2019,248,225,88,35.5,8.1,0.2,0.364,0.27,0.634,0.164,0.279,0.203,0.337,0.272,0.268,0.273,0.135,0.378,0.371,0.326,0.33,88.1,31.9,5.8,35.5,93.464565182,36.2
"García, Edgar",658305,2019,172,143,45,26.2,15.1,0.266,0.531,0.374,0.905,0.265,0.303,0.244,0.502,0.373,0.357,0.356,0.258,0.465,0.438,0.38,0.349,89.6,35.6,5.9,41.6,94.3644224,32.1
"Yacabonis, Jimmy",642231,2019,193,166,33,17.1,12.4,0.307,0.554,0.399,0.953,0.247,0.336,0.289,0.55,0.398,0.394,0.384,0.261,0.439,0.434,0.381,0.359,90.7,38.1,4.5,40.3,95.138297388,22.8
"Hernández, Félix",433587,2019,325,292,57,17.5,7.7,0.291,0.551,0.358,0.909,0.26,0.311,0.28,0.523,0.378,0.368,0.348,0.243,0.427,0.413,0.36,0.347,91.9,31.2,6.8,41.8,95.222243191,21.6
"Paddack, Chris",663978,2019,568,524,153,26.9,5.5,0.204,0.38,0.255,0.635,0.176,0.239,0.217,0.384,0.268,0.279,0.268,0.168,0.336,0.353,0.286,0.305,87.8,33.1,6.1,32.5,93.012504663,24.7
"Morton, Charlie",450203,2019,790,717,240,30.4,7.2,0.215,0.34,0.283,0.623,0.125,0.299,0.216,0.336,0.27,0.274,0.285,0.12,0.345,0.351,0.321,0.324,86.9,34.3,6.2,32.8,93.081770919,29.6
"Sampson, Adrian",592716,2019,563,516,101,17.9,6.4,0.302,0.568,0.357,0.925,0.266,0.327,0.292,0.54,0.382,0.372,0.348,0.247,0.441,0.429,0.374,0.363,91.0,33.8,7.2,47.2,94.946906416,21.4
"Colomé, Alex",517008,2019,249,220,55,22.1,9.2,0.191,0.35,0.267,0.617,0.159,0.217,0.243,0.44,0.261,0.326,0.318,0.197,0.29,0.385,0.25,0.325,91.3,33.5,7.6,41.2,94.565661071,29.0
"Reyes, Gerardo",622103,2019,117,100,38,32.5,9.4,0.24,0.41,0.328,0.738,0.17,0.344,0.18,0.316,0.312,0.261,0.277,0.136,0.419,0.327,0.375,0.284,89.3,30.8,4.6,33.8,93.315847969,35.0
"Cessa, Luis",570666,2019,343,305,75,21.9,9.0,0.246,0.433,0.318,0.751,0.187,0.277,0.228,0.369,0.316,0.297,0.306,0.141,0.365,0.336,0.321,0.303,88.4,31.2,6.8,37.6,93.418465256,29.3
"Williams, Trevor",592866,2019,636,571,113,17.8,6.9,0.284,0.513,0.338,0.851,0.229,0.308,0.271,0.478,0.351,0.341,0.33,0.206,0.401,0.387,0.348,0.336,88.0,35.6,6.1,35.6,93.41857625,22.2
"Boxberger, Brad",502202,2019,122,103,27,22.1,13.9,0.243,0.398,0.352,0.75,0.155,0.297,0.229,0.366,0.326,0.318,0.343,0.137,0.355,0.343,0.325,0.31,85.9,35.1,6.5,35.1,92.7500925,29.0
"Detwiler, Ross",446321,2019,315,282,46,14.6,8.6,0.305,0.571,0.371,0.942,0.266,0.304,0.293,0.545,0.387,0.379,0.361,0.252,0.428,0.417,0.363,0.35,90.4,30.1,5.4,40.6,94.548922979,16.2
"Ottavino, Adam",493603,2019,283,237,88,31.1,14.1,0.198,0.308,0.316,0.624,0.11,0.286,0.18,0.287,0.276,0.269,0.302,0.106,0.329,0.315,0.309,0.285,85.6,30.9,6.6,29.6,92.681515364,30.5
"Smith, Caleb",592761,2019,646,573,168,26.0,9.3,0.223,0.454,0.301,0.755,0.231,0.252,0.226,0.46,0.315,0.322,0.305,0.234,0.385,0.398,0.312,0.318,88.7,35.2,7.8,35.9,93.67771197,27.8
"Ramirez, Nick",598286,2019,348,308,74,21.3,10.1,0.247,0.425,0.323,0.748,0.178,0.288,0.246,0.424,0.313,0.319,0.324,0.179,0.36,0.369,0.321,0.322,86.8,31.9,4.2,29.8,92.960132094,28.3
"Castro, Miguel",612434,2019,319,272,71,22.3,12.9,0.232,0.386,0.326,0.712,0.154,0.269,0.215,0.361,0.303,0.296,0.315,0.146,0.336,0.325,0.304,0.287,87.1,27.1,5.3,32.9,93.308558689,27.7
"Fulmer, Carson",608334,2019,133,107,25,18.8,15.0,0.243,0.411,0.368,0.779,0.168,0.263,0.228,0.366,0.338,0.337,0.365,0.138,0.341,0.34,0.306,0.3,88.9,30.6,4.7,38.8,93.64936381,24.0
"Familia, Jeurys",544727,2019,274,226,63,23.0,15.3,0.274,0.438,0.393,0.831,0.164,0.35,0.237,0.384,0.356,0.326,0.363,0.147,0.408,0.36,0.378,0.328,87.5,31.9,6.6,34.3,93.367643926,28.9
"Lovelady, Richard",663992,2019,96,85,17,17.7,8.3,0.353,0.541,0.411,0.952,0.188,0.418,0.243,0.339,0.393,0.287,0.318,0.096,0.459,0.316,0.435,0.307,88.4,34.3,7.1,32.9,93.072516324,17.6
"Beeks, Jalen",656222,2019,464,409,89,19.2,8.6,0.281,0.435,0.354,0.789,0.154,0.329,0.273,0.444,0.337,0.342,0.349,0.171,0.376,0.383,0.354,0.346,88.5,35.0,8.0,35.9,93.876003894,24.1
"Stripling, Ross",548389,2019,370,344,93,25.1,5.4,0.244,0.413,0.286,0.699,0.169,0.299,0.234,0.382,0.294,0.284,0.278,0.148,0.367,0.352,0.329,0.317,89.2,24.3,5.9,38.4,93.825737928,24.6
"Reininger, Zac",643617,2019,140,122,17,12.1,11.4,0.361,0.787,0.429,1.216,0.426,0.344,0.346,0.673,0.481,0.454,0.423,0.327,0.529,0.493,0.411,0.404,90.8,43.9,10.3,43.0,94.690856916,17.7
"Flynn, Brian",543169,2019,139,114,22,15.8,12.2,0.333,0.465,0.426,0.891,0.132,0.391,0.315,0.471,0.379,0.38,0.414,0.156,0.408,0.408,0.404,0.386,90.6,39.2,6.2,36.1,94.163163587,19.7
"Ryan, Kyle",594986,2019,260,226,58,22.3,11.2,0.243,0.341,0.328,0.669,0.098,0.301,0.233,0.339,0.292,0.295,0.322,0.107,0.325,0.33,0.322,0.312,88.9,27.5,4.1,42.1,93.990734882,23.6
"Foltynewicz, Mike",592314,2019,491,446,105,21.4,7.5,0.244,0.46,0.305,0.765,0.216,0.27,0.255,0.455,0.319,0.328,0.315,0.2,0.376,0.39,0.319,0.334,89.1,30.8,6.9,39.8,93.991370799,23.6
"Watson, Tony",453265,2019,231,212,41,17.7,5.2,0.264,0.439,0.319,0.758,0.175,0.29,0.262,0.446,0.32,0.324,0.317,0.184,0.361,0.367,0.327,0.325,87.4,34.7,5.8,31.8,93.231174211,25.9
"Duplantier, Jon",641541,2019,163,138,34,20.9,11.0,0.283,0.391,0.383,0.774,0.108,0.359,0.259,0.439,0.339,0.347,0.364,0.18,0.373,0.386,0.371,0.342,89.3,32.1,5.7,37.7,93.871813654,20.4
"Vincent, Nick",543883,2019,194,176,47,24.2,6.2,0.267,0.46,0.325,0.785,0.193,0.317,0.26,0.453,0.324,0.327,0.323,0.193,0.404,0.408,0.359,0.357,90.0,37.4,6.9,39.2,94.026617984,23.9
"McGee, Jake",459429,2019,180,163,35,19.4,6.1,0.288,0.564,0.339,0.903,0.276,0.3,0.252,0.471,0.368,0.33,0.311,0.218,0.433,0.382,0.359,0.321,90.1,42.0,6.9,41.2,94.696343023,19.5
"Harvey, Matt",518774,2019,266,229,39,14.7,10.9,0.275,0.528,0.358,0.886,0.253,0.276,0.303,0.542,0.368,0.393,0.391,0.239,0.388,0.425,0.325,0.367,90.7,31.8,5.6,42.1,94.726162825,21.6
"Giles, Ken",571704,2019,208,191,83,39.9,8.2,0.188,0.319,0.255,0.574,0.131,0.301,0.18,0.315,0.247,0.245,0.247,0.135,0.372,0.367,0.333,0.318,88.2,34.3,5.6,35.2,93.664475607,40.0
"Rodríguez, Richard",593144,2019,285,258,63,22.1,8.1,0.252,0.434,0.317,0.751,0.182,0.28,0.234,0.412,0.315,0.304,0.303,0.178,0.374,0.359,0.332,0.311,89.9,25.5,5.1,39.2,93.894386959,23.6
"Allard, Kolby",663465,2019,208,185,33,15.9,9.1,0.281,0.389,0.353,0.742,0.108,0.327,0.28,0.398,0.322,0.329,0.352,0.118,0.341,0.35,0.34,0.339,88.5,30.7,3.3,35.9,93.65180351,19.1
"Wieck, Brad",623364,2019,148,131,49,33.1,8.8,0.214,0.45,0.297,0.747,0.236,0.267,0.22,0.44,0.314,0.318,0.304,0.22,0.426,0.433,0.337,0.35,90.7,42.2,8.4,43.4,94.513729398,27.6
"McKay, David",641853,2019,115,97,34,29.6,14.8,0.206,0.351,0.33,0.681,0.145,0.283,0.229,0.388,0.299,0.323,0.35,0.158,0.355,0.398,0.317,0.353,89.9,39.7,0.0,33.3,93.206253651,22.3
"Minter, A.J.",621345,2019,147,121,35,23.8,15.6,0.298,0.446,0.411,0.857,0.148,0.393,0.263,0.44,0.36,0.346,0.383,0.177,0.433,0.41,0.414,0.367,87.9,38.6,6.8,34.1,93.388163678,30.4
"Tate, Dillon",622253,2019,93,78,20,21.5,9.7,0.231,0.385,0.344,0.729,0.154,0.268,0.223,0.346,0.319,0.309,0.338,0.122,0.337,0.321,0.305,0.296,86.0,28.8,1.7,28.8,92.754082542,21.6
"Bieber, Shane",669456,2019,859,810,259,30.2,4.7,0.23,0.393,0.271,0.664,0.163,0.298,0.236,0.417,0.28,0.295,0.277,0.182,0.378,0.405,0.337,0.35,90.6,32.5,6.0,43.3,94.463244267,30.7
"Sheffield, Justus",656954,2019,168,145,37,22.0,10.7,0.303,0.49,0.392,0.882,0.187,0.379,0.246,0.405,0.375,0.328,0.341,0.159,0.442,0.369,0.407,0.33,90.7,29.4,3.7,43.1,95.049737103,30.0
"Kelley, Shawn",518875,2019,205,189,43,21.0,5.4,0.291,0.55,0.335,0.885,0.259,0.319,0.281,0.551,0.362,0.363,0.327,0.27,0.443,0.445,0.374,0.364,88.3,42.3,7.4,34.9,93.205798844,23.7
"Rodríguez, Dereck",605446,2019,439,398,71,16.2,8.2,0.271,0.492,0.335,0.827,0.221,0.284,0.279,0.478,0.347,0.349,0.342,0.199,0.382,0.386,0.33,0.339,89.5,34.5,5.2,36.2,93.885943777,21.0
"Peacock, Brad",502748,2019,383,344,96,25.1,8.1,0.227,0.427,0.298,0.725,0.2,0.267,0.223,0.41,0.306,0.304,0.296,0.187,0.367,0.365,0.311,0.309,90.1,30.7,7.6,41.4,94.13388904,21.7
"Strahm, Matt",621381,2019,487,453,118,24.2,4.5,0.267,0.477,0.311,0.788,0.21,0.315,0.256,0.477,0.326,0.324,0.301,0.221,0.413,0.411,0.36,0.346,89.0,35.6,6.8,40.0,94.014009309,23.3
"Nola, Aaron",605400,2019,852,755,229,26.9,9.4,0.233,0.393,0.315,0.708,0.16,0.297,0.235,0.394,0.304,0.31,0.317,0.159,0.371,0.38,0.333,0.337,89.2,32.9,6.8,39.5,93.936595657,26.7
"Martinez, Carlos",593372,2019,200,177,53,26.5,9.0,0.22,0.288,0.302,0.59,0.068,0.301,0.211,0.334,0.263,0.278,0.294,0.124,0.305,0.329,0.312,0.3,87.2,26.2,4.0,31.2,92.856939187,28.4
"Morgan, Adam",605388,2019,120,107,29,24.2,8.3,0.187,0.346,0.275,0.621,0.159,0.216,0.189,0.327,0.267,0.264,0.277,0.138,0.3,0.295,0.256,0.259,88.0,34.6,9.0,32.1,92.744177692,33.5
"Goody, Nick",580792,2019,172,149,50,29.1,12.2,0.201,0.389,0.297,0.686,0.188,0.245,0.175,0.29,0.291,0.252,0.275,0.115,0.356,0.289,0.297,0.26,85.3,29.7,7.9,29.7,92.172357327,31.8
"Agrazal, Dario",642607,2019,321,290,41,12.8,5.6,0.283,0.497,0.345,0.842,0.214,0.285,0.273,0.476,0.354,0.346,0.336,0.203,0.373,0.364,0.328,0.317,87.3,34.9,5.2,29.8,92.960341411,15.9
"Koch, Matt",571863,2019,96,87,9,9.4,4.2,0.333,0.701,0.396,1.097,0.368,0.3,0.337,0.67,0.447,0.442,0.399,0.333,0.469,0.462,0.372,0.376,91.3,38.5,12.8,48.7,95.676425385,14.5
"Law, Derek",571882,2019,285,238,67,23.5,14.0,0.256,0.437,0.367,0.804,0.181,0.321,0.242,0.387,0.342,0.326,0.357,0.145,0.394,0.368,0.353,0.336,89.5,33.7,7.4,38.3,94.451502326,30.2
"Kershaw, Clayton",477132,2019,706,654,189,26.8,5.8,0.222,0.394,0.269,0.663,0.172,0.267,0.23,0.393,0.28,0.289,0.279,0.163,0.356,0.373,0.311,0.329,88.7,30.1,4.2,34.1,93.45842669,27.7
"Tanaka, Masahiro",547888,2019,759,713,149,19.6,5.3,0.261,0.45,0.3,0.75,0.189,0.293,0.261,0.434,0.314,0.316,0.303,0.173,0.368,0.371,0.327,0.331,89.1,33.1,7.4,37.9,93.819559787,23.2
"Dowdy, Kyle",664871,2019,110,88,17,15.5,16.4,0.295,0.477,0.413,0.89,0.182,0.319,0.296,0.49,0.377,0.393,0.421,0.194,0.387,0.41,0.356,0.369,90.6,40.5,5.4,41.9,94.636811096,21.6
"Iglesias, Raisel",628452,2019,279,254,89,31.9,7.5,0.24,0.441,0.302,0.743,0.201,0.318,0.22,0.377,0.307,0.284,0.287,0.156,0.428,0.392,0.367,0.343,87.9,38.3,7.2,32.9,93.227869627,33.9
"Swarzak, Anthony",461872,2019,234,207,52,22.2,11.5,0.251,0.454,0.338,0.792,0.203,0.28,0.251,0.457,0.332,0.335,0.338,0.205,0.388,0.392,0.335,0.336,89.9,32.9,7.1,45.8,94.455999408,28.1
"Pérez, Martín",527048,2019,737,659,135,18.3,9.1,0.279,0.439,0.346,0.785,0.16,0.318,0.244,0.384,0.334,0.305,0.316,0.14,0.373,0.333,0.348,0.306,86.2,33.8,5.3,29.7,92.727144015,21.7
"Petit, Yusmeiro",433589,2019,308,294,71,23.1,3.2,0.194,0.361,0.218,0.579,0.167,0.214,0.213,0.4,0.24,0.271,0.24,0.187,0.296,0.339,0.252,0.282,87.8,31.7,7.9,34.8,93.033009587,25.3
"Báez, Pedro",520980,2019,276,247,69,25.0,8.3,0.174,0.287,0.255,0.542,0.113,0.215,0.182,0.301,0.239,0.249,0.264,0.119,0.265,0.281,0.242,0.254,87.5,27.8,6.7,26.6,92.196002184,31.8
"Sadler, Casey",594987,2019,194,174,31,16.0,6.7,0.236,0.362,0.302,0.664,0.126,0.259,0.249,0.375,0.284,0.3,0.315,0.127,0.301,0.323,0.285,0.302,88.6,26.7,4.1,36.3,93.593990993,22.7
"Hernández, Elieser",622694,2019,353,314,85,24.1,7.4,0.242,0.503,0.317,0.82,0.261,0.267,0.209,0.389,0.34,0.293,0.288,0.18,0.413,0.341,0.33,0.286,86.9,30.5,4.7,31.8,92.871764211,25.2
"Gray, Sonny",543243,2019,708,622,205,29.0,9.6,0.196,0.325,0.281,0.606,0.129,0.259,0.208,0.353,0.265,0.286,0.295,0.145,0.318,0.356,0.289,0.314,88.1,30.1,4.7,33.3,93.509332705,28.4
"Bailey, Homer",456701,2019,696,632,149,21.4,7.6,0.256,0.403,0.316,0.719,0.147,0.302,0.262,0.416,0.307,0.318,0.322,0.154,0.356,0.373,0.332,0.342,90.3,31.6,6.1,39.5,94.235323884,24.3
"Castillo, Luis",622491,2019,780,688,226,29.0,10.0,0.202,0.343,0.289,0.632,0.141,0.265,0.204,0.327,0.277,0.277,0.293,0.123,0.335,0.338,0.3,0.307,87.2,26.2,3.8,33.6,93.547291448,35.9
"Floro, Dylan",571670,2019,201,182,42,20.9,7.0,0.253,0.374,0.312,0.686,0.121,0.307,0.255,0.388,0.285,0.297,0.315,0.133,0.338,0.357,0.326,0.332,87.7,28.0,2.8,34.3,93.147828889,25.8
"Suarez, Ranger",624133,2019,205,187,42,20.5,5.9,0.278,0.417,0.322,0.739,0.139,0.326,0.264,0.405,0.31,0.304,0.309,0.141,0.37,0.362,0.354,0.336,87.3,33.3,4.0,34.7,93.343355918,22.6
"Jurado, Ariel",642558,2019,541,487,81,15.0,6.7,0.304,0.526,0.351,0.877,0.222,0.322,0.293,0.52,0.362,0.367,0.346,0.227,0.401,0.408,0.357,0.35,90.0,34.5,5.0,43.1,94.447427821,18.0
"Gustave, Jandel",594311,2019,99,86,14,14.1,9.1,0.209,0.291,0.276,0.567,0.082,0.23,0.29,0.425,0.248,0.336,0.353,0.135,0.241,0.356,0.24,0.342,91.4,36.8,2.6,42.1,94.995352027,18.8
"Hoffman, Jeff",656546,2019,315,272,68,21.6,10.8,0.283,0.588,0.369,0.957,0.305,0.303,0.284,0.557,0.39,0.386,0.371,0.273,0.468,0.462,0.374,0.377,90.3,33.0,5.3,41.1,95.051891854,21.7
"Suero, Wander",593833,2019,296,264,81,27.4,8.8,0.242,0.352,0.314,0.666,0.11,0.326,0.259,0.406,0.286,0.317,0.33,0.147,0.354,0.402,0.344,0.37,89.0,37.6,5.9,33.3,93.659924076,29.5
"Romo, Sergio",489265,2019,249,226,60,24.1,6.8,0.221,0.372,0.277,0.649,0.151,0.264,0.207,0.369,0.271,0.27,0.268,0.161,0.326,0.325,0.294,0.28,84.9,37.1,6.5,23.5,91.745499704,30.2
"Brebbia, John",605154,2019,304,273,87,28.6,8.9,0.216,0.333,0.293,0.626,0.117,0.293,0.204,0.346,0.271,0.274,0.283,0.142,0.334,0.339,0.316,0.301,87.9,35.8,6.4,38.0,93.317929344,29.0
"Alexander, Tyler",641302,2019,235,225,47,20.0,3.0,0.302,0.507,0.328,0.835,0.205,0.347,0.269,0.477,0.347,0.324,0.296,0.208,0.42,0.39,0.38,0.338,90.4,32.4,8.4,40.8,94.663085393,18.2
"Strasburg, Stephen",544931,2019,841,768,251,29.8,6.7,0.21,0.349,0.271,0.62,0.139,0.276,0.21,0.337,0.265,0.267,0.273,0.126,0.341,0.344,0.309,0.313,87.9,29.8,5.2,33.8,93.302916673,30.6
"Bradley, Archie",605151,2019,317,272,87,27.4,11.4,0.246,0.371,0.343,0.714,0.125,0.341,0.243,0.377,0.311,0.317,0.341,0.135,0.375,0.385,0.358,0.356,88.8,39.2,7.4,38.6,94.141602849,23.8
"Waguespack, Jacob",621097,2019,335,301,63,18.8,8.7,0.249,0.439,0.325,0.764,0.19,0.279,0.274,0.47,0.325,0.349,0.347,0.196,0.358,0.393,0.315,0.346,89.1,35.7,6.7,38.2,93.915468613,21.8
"Clippard, Tyler",461325,2019,241,216,64,26.6,6.2,0.176,0.356,0.251,0.607,0.18,0.207,0.182,0.352,0.26,0.265,0.258,0.17,0.305,0.314,0.248,0.259,85.8,27.7,4.5,28.8,92.187504,28.6
"Mayza, Tim",641835,2019,227,196,55,24.2,11.9,0.23,0.418,0.323,0.741,0.188,0.274,0.255,0.438,0.313,0.336,0.347,0.183,0.365,0.402,0.315,0.353,87.1,34.0,8.3,36.8,93.365597887,32.5
"Gsellman, Robert",607229,2019,278,245,60,21.6,8.6,0.261,0.429,0.339,0.768,0.168,0.317,0.229,0.349,0.326,0.29,0.312,0.12,0.375,0.323,0.342,0.302,86.0,29.8,5.3,30.9,92.561456811,26.3
"Chirinos, Yonny",630023,2019,530,498,114,21.5,5.3,0.225,0.414,0.27,0.684,0.189,0.246,0.256,0.451,0.286,0.318,0.3,0.195,0.339,0.383,0.291,0.333,88.1,34.8,4.4,33.8,93.461512711,22.4
"Anderson, Justin",605121,2019,217,181,60,27.6,14.7,0.232,0.431,0.347,0.778,0.199,0.308,0.205,0.346,0.333,0.305,0.33,0.141,0.4,0.351,0.341,0.31,88.0,31.5,5.6,34.4,93.188917731,28.4
"Miller, Shelby",571946,2019,220,183,30,13.6,13.2,0.317,0.497,0.411,0.908,0.18,0.336,0.281,0.497,0.384,0.384,0.391,0.216,0.396,0.396,0.369,0.341,89.6,34.4,7.6,39.7,93.955613462,18.7
"Eshelman, Thomas",664045,2019,164,150,22,13.4,6.7,0.313,0.593,0.36,0.953,0.28,0.297,0.309,0.557,0.389,0.39,0.363,0.249,0.429,0.43,0.362,0.366,90.5,36.9,6.2,41.5,94.416215154,15.4
"Kikuchi, Yusei",579328,2019,721,660,116,16.1,6.9,0.295,0.539,0.348,0.887,0.244,0.31,0.278,0.477,0.368,0.345,0.335,0.199,0.412,0.384,0.355,0.338,89.2,32.1,5.3,39.1,94.039020928,19.9
"Gott, Trevor",641627,2019,214,190,57,26.6,7.9,0.216,0.316,0.282,0.598,0.1,0.278,0.227,0.399,0.261,0.299,0.295,0.172,0.309,0.369,0.299,0.319,88.6,32.6,6.5,37.0,93.932639343,24.0
"Buttrey, Ty",621142,2019,309,279,84,27.2,7.4,0.247,0.376,0.314,0.69,0.129,0.323,0.244,0.396,0.298,0.309,0.313,0.153,0.369,0.388,0.35,0.349,90.0,35.0,6.1,41.2,94.11736567,27.1
"Sparkman, Glenn",642098,2019,606,554,81,13.4,6.8,0.296,0.527,0.349,0.876,0.231,0.3,0.288,0.513,0.364,0.362,0.344,0.225,0.394,0.391,0.344,0.337,90.8,39.5,9.6,41.8,94.720399391,17.1
"Johnson, DJ",597113,2019,116,93,24,20.7,16.4,0.247,0.355,0.388,0.743,0.108,0.319,0.235,0.393,0.328,0.338,0.379,0.157,0.335,0.352,0.329,0.314,88.8,35.7,1.4,38.6,94.296381143,25.8
"Yates, Kirby",489446,2019,243,221,101,41.6,5.3,0.186,0.262,0.252,0.514,0.076,0.328,0.171,0.261,0.228,0.226,0.241,0.09,0.344,0.341,0.339,0.317,86.9,30.3,5.7,36.1,93.458930417,34.5
"Mengden, Daniel",596043,2019,260,232,42,16.2,10.4,0.254,0.422,0.331,0.753,0.168,0.283,0.258,0.431,0.322,0.331,0.335,0.174,0.34,0.353,0.309,0.315,89.1,30.9,7.9,36.1,93.536605842,15.1
"Brach, Brad",542960,2019,242,205,60,24.8,12.8,0.278,0.405,0.369,0.774,0.127,0.366,0.252,0.37,0.332,0.316,0.348,0.119,0.393,0.367,0.383,0.349,88.7,30.7,5.3,36.7,93.776514527,27.1
"Phillips, Evan",623465,2019,140,112,40,28.6,14.3,0.286,0.411,0.41,0.821,0.125,0.417,0.256,0.392,0.361,0.346,0.387,0.137,0.442,0.415,0.432,0.39,91.7,38.7,14.7,41.3,95.160650548,30.3
"Richard, Clayton",453385,2019,201,178,22,10.9,9.0,0.298,0.522,0.373,0.895,0.224,0.297,0.294,0.5,0.376,0.379,0.373,0.206,0.383,0.388,0.338,0.338,92.1,29.9,5.1,50.3,95.826834808,14.7
"Strop, Pedro",467008,2019,178,152,49,27.5,11.2,0.217,0.408,0.326,0.734,0.191,0.276,0.202,0.393,0.314,0.309,0.316,0.191,0.374,0.366,0.317,0.3,89.3,30.8,2.9,36.9,94.062944466,29.4
"Alcántara, Victor",622505,2019,182,163,24,13.2,8.2,0.276,0.485,0.343,0.828,0.209,0.28,0.293,0.533,0.348,0.38,0.36,0.241,0.365,0.406,0.321,0.343,90.9,27.7,5.0,42.6,94.752275929,20.9
"Dyson, Sam",473879,2019,249,230,55,22.1,5.2,0.23,0.357,0.28,0.637,0.127,0.278,0.227,0.37,0.274,0.281,0.279,0.143,0.322,0.333,0.303,0.301,89.9,26.4,5.6,36.5,94.089017574,18.5
"Hicks, Jordan",663855,2019,110,98,31,28.2,10.0,0.163,0.255,0.255,0.51,0.092,0.215,0.162,0.255,0.231,0.235,0.256,0.093,0.255,0.263,0.239,0.241,86.9,23.9,3.0,28.6,92.483982222,30.2
"Ramírez, Neil",519166,2019,112,95,24,21.4,13.4,0.274,0.558,0.366,0.924,0.284,0.288,0.251,0.509,0.38,0.358,0.347,0.258,0.441,0.407,0.356,0.327,88.2,31.5,6.8,30.1,92.936511918,29.8
"Soto, Gregory",642397,2019,276,240,45,16.3,12.0,0.308,0.496,0.388,0.884,0.188,0.344,0.29,0.499,0.372,0.374,0.376,0.208,0.405,0.408,0.374,0.357,91.1,30.8,6.1,43.9,95.048678122,19.9
"Sabathia, CC",282332,2019,468,422,107,22.9,8.3,0.265,0.512,0.331,0.843,0.247,0.294,0.242,0.421,0.351,0.315,0.31,0.179,0.425,0.371,0.354,0.323,87.0,36.5,5.3,30.5,92.809140541,25.1
"Cimber, Adam",643256,2019,244,218,41,16.8,7.8,0.257,0.394,0.325,0.719,0.137,0.289,0.255,0.393,0.306,0.311,0.325,0.138,0.331,0.337,0.313,0.313,87.9,29.4,2.2,34.4,93.224138023,20.2
"Martin, Chris",455119,2019,216,209,65,30.1,2.3,0.249,0.411,0.264,0.675,0.162,0.314,0.241,0.422,0.281,0.286,0.258,0.18,0.392,0.399,0.356,0.347,88.7,32.9,4.8,40.4,93.810524178,26.2
"Urías, Julio",628711,2019,326,293,85,26.1,8.3,0.201,0.324,0.279,0.603,0.123,0.257,0.207,0.323,0.263,0.269,0.285,0.116,0.306,0.315,0.282,0.291,84.1,34.9,5.3,24.9,91.951454537,29.9
"Happ, J.A.",457918,2019,678,621,140,20.6,7.2,0.258,0.469,0.316,0.785,0.211,0.281,0.258,0.461,0.329,0.331,0.317,0.204,0.384,0.387,0.331,0.332,89.2,33.3,5.8,37.5,93.794312004,23.7
"Gonzalez, Gio",461829,2019,366,325,78,21.3,10.1,0.234,0.397,0.312,0.709,0.163,0.282,0.245,0.413,0.304,0.319,0.326,0.168,0.342,0.367,0.308,0.328,87.4,32.3,5.2,31.2,92.872213636,25.9
"Matz, Steven",571927,2019,691,626,153,22.1,7.5,0.26,0.454,0.324,0.778,0.194,0.304,0.255,0.45,0.325,0.325,0.319,0.195,0.389,0.39,0.344,0.337,88.9,31.9,4.8,38.6,94.108907228,22.9
"Burnes, Corbin",669203,2019,235,212,70,29.8,8.5,0.33,0.623,0.388,1.011,0.293,0.424,0.275,0.51,0.417,0.358,0.338,0.235,0.584,0.489,0.493,0.412,90.0,35.9,2.8,40.3,94.709431773,36.5
"Festa, Matt",670036,2019,101,83,21,20.8,11.9,0.241,0.53,0.343,0.873,0.289,0.254,0.249,0.488,0.355,0.361,0.36,0.24,0.403,0.416,0.313,0.336,89.1,30.8,4.6,39.0,93.681697193,23.5
"Ray, Robbie",592662,2019,747,642,235,31.5,11.2,0.234,0.441,0.325,0.766,0.207,0.315,0.228,0.428,0.322,0.322,0.323,0.2,0.431,0.431,0.365,0.362,88.9,38.9,5.9,38.6,94.068618515,32.7
"Olson, Tyler",621397,2019,140,121,28,20.0,11.4,0.281,0.438,0.371,0.809,0.157,0.341,0.227,0.366,0.343,0.304,0.328,0.139,0.386,0.328,0.362,0.297,84.9,30.9,2.1,24.5,92.085560108,25.6
"Bettis, Chad",518452,2019,287,259,42,14.6,7.3,0.301,0.498,0.365,0.863,0.197,0.329,0.266,0.416,0.361,0.323,0.333,0.149,0.395,0.346,0.359,0.318,90.0,26.5,4.1,41.6,94.54633871,20.7
"Valdez, Framber",664285,2019,329,277,68,20.7,13.4,0.267,0.419,0.371,0.79,0.152,0.319,0.243,0.362,0.342,0.321,0.352,0.12,0.372,0.34,0.347,0.318,89.5,24.9,5.6,40.4,94.528627547,26.2
"Young, Alex",622065,2019,349,315,71,20.3,7.7,0.229,0.413,0.298,0.711,0.184,0.252,0.248,0.433,0.298,0.318,0.315,0.185,0.341,0.369,0.295,0.32,87.8,27.9,4.5,35.6,93.432371646,27.4
"Ginkel, Kevin",656464,2019,96,86,28,29.2,9.4,0.174,0.279,0.253,0.532,0.105,0.232,0.204,0.328,0.236,0.267,0.28,0.124,0.28,0.331,0.259,0.303,88.2,46.6,8.6,27.6,92.439914828,32.3
"Barria, Jaime",642545,2019,365,334,75,20.5,7.4,0.275,0.572,0.332,0.904,0.297,0.287,0.266,0.521,0.37,0.356,0.326,0.254,0.441,0.421,0.352,0.346,89.9,41.0,7.7,40.6,94.155487082,22.1
"Liriano, Francisco",434538,2019,302,259,63,20.9,11.9,0.232,0.382,0.33,0.712,0.15,0.274,0.221,0.367,0.309,0.305,0.323,0.146,0.333,0.327,0.303,0.293,85.8,28.5,4.5,29.0,92.402812462,30.4
"Duke, Zach",435043,2019,106,84,18,17.0,17.0,0.25,0.452,0.39,0.842,0.202,0.27,0.264,0.409,0.36,0.363,0.409,0.146,0.362,0.366,0.313,0.338,88.9,32.4,5.9,42.2,94.085150952,23.8
"Corbin, Patrick",571578,2019,835,746,238,28.5,8.4,0.227,0.375,0.293,0.668,0.148,0.295,0.227,0.413,0.285,0.303,0.296,0.186,0.361,0.39,0.328,0.333,89.9,31.7,5.9,38.7,94.527443294,31.7
"Skaggs, Tyler",572140,2019,335,302,78,23.3,8.4,0.242,0.381,0.308,0.689,0.139,0.295,0.26,0.424,0.297,0.322,0.325,0.164,0.346,0.383,0.323,0.347,88.6,37.0,4.8,33.9,93.484570446,21.5
"Bumgarner, Madison",518516,2019,844,780,203,24.1,5.1,0.245,0.426,0.291,0.717,0.181,0.292,0.254,0.459,0.3,0.321,0.301,0.205,0.371,0.401,0.328,0.343,90.4,35.9,5.3,41.8,94.529638345,24.6
"Workman, Brandon",519443,2019,286,235,104,36.4,15.7,0.123,0.166,0.267,0.433,0.043,0.211,0.175,0.235,0.208,0.257,0.312,0.06,0.214,0.318,0.216,0.313,88.2,31.9,5.9,31.9,93.098987744,34.8
"Otero, Dan",519096,2019,131,127,16,12.2,2.3,0.331,0.528,0.351,0.879,0.197,0.343,0.295,0.503,0.368,0.346,0.317,0.208,0.409,0.384,0.378,0.338,89.2,33.3,3.6,36.0,93.829400811,12.8
"Dugger, Robert",667498,2019,156,130,25,16.0,10.9,0.254,0.469,0.355,0.824,0.215,0.265,0.265,0.471,0.345,0.355,0.365,0.206,0.357,0.371,0.306,0.32,90.0,35.8,12.8,41.3,93.901082963,22.1
"May, Dustin",669160,2019,141,132,32,22.7,3.5,0.25,0.341,0.298,0.639,0.091,0.316,0.254,0.401,0.278,0.305,0.302,0.147,0.329,0.367,0.33,0.337,86.8,34.0,6.0,33.0,93.312577172,20.6
"Diekman, Jake",518617,2019,282,228,84,29.8,13.8,0.215,0.316,0.352,0.668,0.101,0.319,0.204,0.302,0.303,0.3,0.346,0.098,0.345,0.34,0.333,0.322,88.0,35.1,2.7,31.8,93.178645342,35.4
"Smith, Burch",572143,2019,106,90,20,18.9,13.2,0.289,0.467,0.39,0.857,0.178,0.343,0.249,0.443,0.361,0.339,0.357,0.194,0.403,0.37,0.371,0.321,89.0,42.3,9.9,38.0,93.268024638,24.2
"Burke, Brock",656271,2019,120,105,14,11.7,9.2,0.286,0.514,0.361,0.875,0.228,0.279,0.269,0.472,0.367,0.35,0.348,0.203,0.376,0.354,0.326,0.308,86.6,31.2,4.3,28.0,92.408521,13.1
"Jackson, Edwin",429719,2019,336,299,52,15.5,9.5,0.351,0.686,0.417,1.103,0.335,0.363,0.309,0.592,0.449,0.408,0.382,0.283,0.508,0.453,0.422,0.375,91.1,40.2,8.8,43.4,95.15810102,23.7
"Wacha, Michael",608379,2019,561,493,104,18.5,9.6,0.29,0.503,0.36,0.863,0.213,0.318,0.276,0.49,0.36,0.356,0.35,0.214,0.41,0.404,0.363,0.348,88.2,35.5,4.5,35.5,93.719873756,21.2
"Ross, Tyson",475115,2019,162,142,25,15.4,11.1,0.289,0.493,0.37,0.863,0.204,0.306,0.301,0.548,0.364,0.392,0.383,0.247,0.389,0.428,0.347,0.364,89.6,33.9,2.5,43.2,94.889572586,16.9
"Maton, Phil",664208,2019,163,147,33,20.2,7.4,0.259,0.483,0.323,0.806,0.224,0.29,0.265,0.421,0.338,0.324,0.329,0.156,0.392,0.372,0.333,0.342,86.8,37.1,5.2,28.4,92.55933193,25.0
"Webb, Tyler",643778,2019,221,192,48,21.7,10.4,0.172,0.328,0.265,0.593,0.156,0.187,0.211,0.362,0.252,0.286,0.3,0.151,0.269,0.319,0.226,0.279,86.4,33.1,4.7,29.9,92.981287517,22.6
"Elías, Roenis",606273,2019,216,195,47,21.8,8.3,0.236,0.426,0.302,0.728,0.19,0.259,0.261,0.475,0.306,0.341,0.33,0.215,0.357,0.41,0.309,0.35,88.7,40.0,6.7,37.3,93.530984714,26.5
"Syndergaard, Noah",592789,2019,824,758,202,24.5,5.9,0.256,0.41,0.303,0.713,0.154,0.315,0.229,0.365,0.301,0.28,0.281,0.135,0.372,0.341,0.344,0.312,86.8,29.8,4.9,31.2,92.673274768,26.9
"McFarland, T.J.",519008,2019,250,225,35,14.0,8.0,0.316,0.471,0.371,0.842,0.155,0.349,0.3,0.474,0.35,0.351,0.359,0.174,0.385,0.387,0.37,0.355,88.4,30.4,2.6,40.1,94.41437117,22.1
"Stumpf, Daniel",621385,2019,135,116,28,20.7,11.1,0.302,0.5,0.373,0.873,0.198,0.349,0.265,0.47,0.362,0.342,0.343,0.204,0.423,0.393,0.385,0.34,90.8,34.8,6.5,45.7,94.511585714,24.9
"Peralta, Wandy",593974,2019,172,151,32,18.6,9.3,0.265,0.523,0.337,0.86,0.258,0.261,0.27,0.48,0.349,0.352,0.348,0.21,0.399,0.403,0.328,0.344,87.2,31.1,7.4,35.0,93.730879655,33.0
"Rainey, Tanner",663432,2019,214,170,74,34.6,17.8,0.188,0.347,0.349,0.696,0.159,0.289,0.196,0.349,0.31,0.317,0.356,0.154,0.389,0.406,0.333,0.348,90.7,28.6,11.2,43.9,94.847172526,40.5
"Hardy, Blaine",543278,2019,182,164,29,15.9,7.1,0.232,0.47,0.282,0.752,0.238,0.217,0.251,0.484,0.308,0.34,0.308,0.233,0.337,0.378,0.273,0.307,86.0,34.3,5.7,29.3,92.626263088,21.8
"Bummer, Aaron",607481,2019,263,234,60,22.8,9.5,0.184,0.252,0.271,0.523,0.068,0.229,0.189,0.264,0.235,0.246,0.276,0.076,0.247,0.264,0.247,0.254,89.6,18.3,5.7,38.3,93.864589942,24.2
"Anderson, Brett",474463,2019,743,682,90,12.1,6.6,0.265,0.408,0.317,0.725,0.143,0.28,0.283,0.479,0.308,0.347,0.335,0.197,0.321,0.37,0.304,0.327,89.6,30.5,5.2,40.0,94.183617343,17.0
"Hendricks, Kyle",543294,2019,730,675,150,20.5,4.4,0.249,0.397,0.29,0.687,0.148,0.292,0.247,0.393,0.29,0.294,0.29,0.146,0.342,0.348,0.317,0.317,86.5,33.6,5.2,31.5,92.809975739,22.1
"Britton, Zack",502154,2019,244,209,53,21.7,12.7,0.182,0.254,0.288,0.542,0.072,0.226,0.198,0.299,0.247,0.276,0.304,0.101,0.243,0.287,0.241,0.265,88.0,16.4,2.5,36.5,93.42746557,27.6
"Hamels, Cole",430935,2019,617,542,143,23.2,9.1,0.26,0.406,0.334,0.74,0.146,0.32,0.246,0.416,0.317,0.322,0.325,0.17,0.372,0.379,0.348,0.335,90.3,31.1,5.9,41.3,94.44789115,27.4
"Snell, Blake",605483,2019,441,399,147,33.3,9.1,0.241,0.391,0.311,0.702,0.15,0.343,0.204,0.325,0.301,0.265,0.277,0.121,0.414,0.352,0.379,0.321,88.3,31.2,6.7,32.0,92.822173625,38.4
"Cabrera, Génesis",650893,2019,99,84,19,19.2,11.1,0.274,0.393,0.367,0.76,0.119,0.328,0.248,0.407,0.332,0.329,0.346,0.159,0.357,0.351,0.348,0.317,87.7,29.9,7.5,31.3,92.74521197,17.6
"Peña, Félix",570240,2019,407,366,101,24.8,8.4,0.219,0.402,0.295,0.697,0.183,0.256,0.251,0.434,0.297,0.326,0.324,0.183,0.351,0.395,0.301,0.346,89.0,33.8,5.3,37.6,93.775416312,29.4
"Greene, Shane",572888,2019,252,230,64,25.4,6.7,0.2,0.335,0.263,0.598,0.135,0.239,0.229,0.415,0.257,0.302,0.292,0.186,0.305,0.374,0.275,0.319,89.5,33.9,6.5,39.3,94.005071627,26.5
"Stammen, Craig",489334,2019,339,319,73,21.5,4.4,0.251,0.433,0.286,0.719,0.182,0.284,0.24,0.388,0.298,0.284,0.277,0.148,0.362,0.342,0.321,0.309,87.0,31.3,6.4,33.7,92.998119597,21.8
"Richards, Trevor",670950,2019,580,510,127,21.9,9.7,0.249,0.422,0.327,0.749,0.173,0.293,0.235,0.41,0.316,0.312,0.318,0.175,0.365,0.36,0.328,0.314,88.5,34.9,7.1,34.7,93.359764724,26.3
"Sale, Chris",519242,2019,612,556,218,35.6,6.0,0.221,0.412,0.284,0.696,0.191,0.311,0.213,0.38,0.294,0.283,0.277,0.167,0.422,0.404,0.36,0.348,88.5,34.9,7.6,36.3,93.662111789,32.0
"Oberg, Scott",623184,2019,223,199,58,26.0,10.3,0.196,0.291,0.278,0.569,0.095,0.248,0.226,0.365,0.249,0.293,0.307,0.139,0.286,0.355,0.275,0.321,88.2,28.9,3.5,36.6,93.907295396,28.2
"Castillo, Diego",650895,2019,290,257,81,27.9,9.0,0.23,0.374,0.311,0.685,0.144,0.302,0.196,0.323,0.292,0.266,0.283,0.127,0.363,0.322,0.333,0.287,87.9,22.5,3.9,32.0,93.142954598,32.5
"Lyles, Jordan",543475,2019,599,538,146,24.4,9.2,0.243,0.454,0.313,0.767,0.211,0.286,0.233,0.426,0.321,0.312,0.305,0.193,0.389,0.377,0.332,0.32,89.9,31.0,5.8,41.3,94.055513148,24.0
"Scott, Tanner",656945,2019,122,101,37,30.3,15.6,0.277,0.446,0.402,0.848,0.169,0.4,0.216,0.365,0.363,0.314,0.351,0.15,0.474,0.382,0.438,0.34,91.5,37.5,6.3,42.2,94.901109375,34.3
"Mikolas, Miles",571945,2019,764,710,144,18.8,4.2,0.272,0.449,0.311,0.76,0.177,0.304,0.278,0.451,0.319,0.329,0.321,0.173,0.37,0.387,0.337,0.35,88.5,33.0,5.0,36.6,93.621470874,21.7
"Leake, Mike",502190,2019,835,793,127,15.2,3.2,0.286,0.506,0.317,0.823,0.22,0.296,0.294,0.519,0.341,0.354,0.325,0.225,0.387,0.404,0.339,0.349,90.7,31.4,6.1,42.9,94.685339864,18.0
"Brooks, Aaron",605156,2019,482,436,82,17.0,7.1,0.271,0.493,0.337,0.83,0.222,0.29,0.267,0.482,0.348,0.349,0.333,0.215,0.385,0.386,0.332,0.328,89.7,32.3,6.7,41.6,94.301554261,19.5
"May, Trevor",543507,2019,266,234,79,29.7,9.8,0.184,0.316,0.271,0.587,0.132,0.233,0.196,0.355,0.256,0.281,0.285,0.159,0.306,0.349,0.272,0.296,87.8,38.6,6.3,34.8,93.192399936,30.1
"Kingham, Nick",592468,2019,259,229,46,17.8,9.7,0.341,0.598,0.406,1.004,0.257,0.39,0.276,0.489,0.415,0.354,0.347,0.214,0.484,0.399,0.426,0.345,88.5,35.1,4.8,34.0,93.521241547,19.8
"Duffy, Danny",518633,2019,555,498,115,20.7,8.3,0.251,0.438,0.323,0.761,0.187,0.285,0.26,0.467,0.323,0.341,0.332,0.207,0.367,0.393,0.324,0.337,89.3,33.4,7.0,37.8,93.940234204,24.1
"Canning, Griffin",656288,2019,384,341,96,25.0,7.8,0.235,0.431,0.308,0.739,0.196,0.281,0.221,0.405,0.312,0.302,0.297,0.184,0.374,0.36,0.321,0.305,87.9,31.6,5.6,32.4,93.145011388,32.3
"Font, Wilmer",521655,2019,357,322,95,26.6,8.4,0.242,0.488,0.311,0.799,0.246,0.288,0.225,0.419,0.33,0.305,0.298,0.194,0.418,0.381,0.341,0.32,89.2,31.9,5.2,38.4,93.78349296,27.6
"Smith, Joe",501925,2019,96,91,22,22.9,5.2,0.209,0.319,0.25,0.569,0.11,0.254,0.21,0.334,0.245,0.253,0.251,0.124,0.291,0.302,0.275,0.277,91.2,21.7,7.2,49.3,94.905012319,21.3
"Cishek, Steve",518553,2019,267,229,57,21.3,10.9,0.21,0.328,0.315,0.643,0.118,0.246,0.229,0.367,0.284,0.315,0.335,0.138,0.295,0.341,0.276,0.307,84.8,29.3,4.6,25.9,92.120530872,22.7
"Cashner, Andrew",488768,2019,636,570,108,17.0,9.1,0.253,0.418,0.324,0.742,0.165,0.28,0.262,0.466,0.317,0.343,0.335,0.203,0.34,0.376,0.31,0.324,89.7,31.8,7.9,41.0,94.166951818,22.5
"Poche, Colin",621363,2019,207,182,72,34.8,9.2,0.181,0.374,0.277,0.651,0.193,0.238,0.169,0.331,0.278,0.26,0.265,0.163,0.373,0.34,0.3,0.279,89.5,34.2,7.2,37.8,93.284176789,34.9
"Fry, Paul",643316,2019,255,219,55,21.6,11.4,0.247,0.402,0.35,0.752,0.155,0.299,0.231,0.357,0.326,0.31,0.338,0.126,0.359,0.334,0.329,0.31,88.0,29.7,4.2,35.8,93.479819815,25.7
"González, Chi Chi",592346,2019,278,240,46,16.5,11.9,0.246,0.446,0.338,0.784,0.2,0.261,0.27,0.455,0.334,0.355,0.361,0.185,0.35,0.38,0.303,0.335,88.1,34.3,5.1,37.4,93.644906289,20.4
"Stephenson, Robert",596112,2019,262,236,81,30.9,9.2,0.182,0.377,0.257,0.634,0.195,0.231,0.195,0.318,0.262,0.255,0.271,0.123,0.343,0.334,0.276,0.3,87.3,34.0,5.8,26.8,92.687567616,39.4
"Turnbull, Spencer",605513,2019,656,576,146,22.3,9.0,0.267,0.413,0.35,0.763,0.146,0.333,0.251,0.419,0.329,0.328,0.336,0.168,0.376,0.375,0.355,0.335,89.6,34.0,7.4,40.7,94.367714074,24.7
"Chavez, Jesse",445926,2019,337,307,72,21.4,6.5,0.267,0.463,0.324,0.787,0.196,0.311,0.269,0.471,0.331,0.339,0.327,0.202,0.39,0.401,0.346,0.35,88.1,34.5,3.4,34.5,93.681810593,18.5
"Fairbanks, Pete",664126,2019,99,89,28,28.3,10.1,0.281,0.528,0.354,0.882,0.247,0.357,0.277,0.468,0.368,0.349,0.35,0.191,0.484,0.452,0.41,0.404,91.4,41.0,8.2,45.9,95.198449667,34.6
"Bard, Luke",572703,2019,199,180,40,20.1,6.5,0.228,0.394,0.296,0.69,0.166,0.248,0.25,0.427,0.294,0.319,0.318,0.176,0.328,0.365,0.291,0.321,87.5,31.9,4.3,32.6,93.093713551,28.3
"Hill, Rich",448179,2019,242,215,72,29.8,7.4,0.223,0.395,0.294,0.689,0.172,0.284,0.198,0.323,0.291,0.262,0.275,0.124,0.381,0.334,0.333,0.303,86.8,28.4,4.7,27.7,92.477520426,25.7
"Kline, Branden",571858,2019,183,160,34,18.6,10.4,0.275,0.506,0.354,0.86,0.231,0.297,0.297,0.519,0.36,0.382,0.375,0.223,0.404,0.436,0.346,0.378,89.9,38.3,9.4,50.8,95.324776457,24.3
"Melancon, Mark",453343,2019,284,263,68,23.9,6.3,0.27,0.357,0.32,0.677,0.087,0.349,0.243,0.338,0.292,0.276,0.295,0.095,0.356,0.334,0.362,0.326,88.6,28.1,5.1,35.2,93.34913898,25.7
"Tinoco, Jesus",622786,2019,161,137,28,17.4,13.7,0.263,0.599,0.366,0.965,0.336,0.245,0.275,0.568,0.392,0.395,0.379,0.292,0.433,0.436,0.327,0.345,88.7,34.5,10.9,39.1,93.967601727,22.4
"Porcello, Rick",519144,2019,768,712,143,18.6,5.9,0.278,0.483,0.326,0.809,0.205,0.31,0.263,0.482,0.338,0.333,0.312,0.219,0.392,0.386,0.347,0.329,88.4,34.9,6.8,37.7,93.752973902,18.0
"Sadzeck, Connor",592712,2019,107,90,27,25.2,14.0,0.2,0.344,0.327,0.671,0.144,0.25,0.209,0.39,0.296,0.316,0.335,0.181,0.321,0.355,0.286,0.299,88.6,34.9,6.3,34.9,94.136359365,25.4
"Conley, Adam",543045,2019,283,247,53,18.7,10.2,0.308,0.522,0.386,0.908,0.214,0.357,0.273,0.461,0.375,0.344,0.355,0.189,0.434,0.392,0.39,0.345,88.6,32.5,3.6,37.6,93.700908211,23.8
"Sims, Lucas",608371,2019,177,154,57,32.2,10.7,0.201,0.416,0.295,0.711,0.215,0.256,0.175,0.34,0.302,0.27,0.273,0.164,0.394,0.336,0.316,0.276,88.7,37.4,8.1,31.3,93.162647423,34.0
"Helsley, Ryan",664854,2019,153,139,32,20.9,7.8,0.245,0.432,0.303,0.735,0.187,0.282,0.237,0.4,0.304,0.294,0.296,0.164,0.358,0.344,0.315,0.306,88.2,34.9,6.4,35.8,93.501497664,21.9
"Osich, Josh",592612,2019,272,256,61,22.4,5.5,0.242,0.469,0.283,0.752,0.227,0.26,0.253,0.455,0.31,0.317,0.295,0.201,0.38,0.39,0.316,0.332,88.3,34.2,5.1,36.2,93.692605722,27.7
"Chatwood, Tyler",543022,2019,324,280,74,22.8,11.4,0.232,0.354,0.331,0.685,0.122,0.286,0.261,0.366,0.302,0.325,0.358,0.105,0.331,0.366,0.314,0.356,87.7,36.1,4.3,35.6,93.359339854,25.3
"Bashlor, Tyler",641341,2019,103,84,20,19.4,16.5,0.25,0.488,0.373,0.861,0.238,0.254,0.228,0.451,0.357,0.343,0.36,0.223,0.39,0.371,0.323,0.3,89.9,30.3,9.1,40.3,94.171755082,25.1
"Hellickson, Jeremy",476451,2019,183,160,30,16.4,10.9,0.294,0.525,0.374,0.899,0.231,0.311,0.293,0.526,0.375,0.38,0.375,0.233,0.412,0.419,0.359,0.361,86.4,35.6,6.1,35.6,93.588426947,16.3
"Yarbrough, Ryan",642232,2019,563,530,117,20.8,3.6,0.228,0.383,0.267,0.65,0.155,0.264,0.25,0.39,0.273,0.291,0.289,0.14,0.322,0.347,0.291,0.321,84.9,35.3,2.4,26.2,92.216714694,22.4
"Cole, Taylor",518566,2019,231,203,50,21.6,10.4,0.286,0.399,0.364,0.763,0.113,0.366,0.277,0.376,0.325,0.318,0.356,0.099,0.377,0.368,0.374,0.363,86.8,35.5,7.7,37.4,93.381637613,27.1
"Means, John",607644,2019,637,590,121,19.0,6.0,0.234,0.417,0.285,0.702,0.183,0.256,0.236,0.417,0.295,0.302,0.288,0.181,0.335,0.343,0.292,0.297,87.5,37.3,7.2,30.7,92.937064678,22.1
"Chapman, Aroldis",547973,2019,235,205,85,36.2,10.6,0.185,0.263,0.274,0.537,0.078,0.292,0.201,0.288,0.242,0.266,0.292,0.087,0.315,0.36,0.309,0.343,87.1,39.8,4.9,30.9,93.313696281,31.7
"Bass, Anthony",542914,2019,189,168,43,22.8,9.0,0.179,0.304,0.257,0.561,0.125,0.207,0.245,0.387,0.241,0.312,0.322,0.141,0.266,0.371,0.238,0.335,88.0,27.3,4.7,36.2,93.27187112,27.5
"Weaver, Luke",596133,2019,260,242,69,26.5,5.4,0.227,0.368,0.277,0.645,0.141,0.292,0.253,0.426,0.274,0.309,0.301,0.173,0.344,0.396,0.316,0.352,89.9,34.5,8.6,41.4,94.373384302,26.0
"Pagán, Emilio",641941,2019,267,252,96,36.0,4.9,0.179,0.369,0.221,0.59,0.19,0.228,0.174,0.306,0.244,0.223,0.216,0.132,0.357,0.321,0.287,0.279,89.3,28.7,3.8,34.4,93.645101783,35.1
"Tepera, Ryan",572193,2019,91,80,14,15.4,8.8,0.25,0.512,0.311,0.823,0.262,0.238,0.274,0.504,0.329,0.352,0.339,0.23,0.365,0.394,0.294,0.331,88.4,33.3,10.1,33.3,93.790502794,26.1
"Arrieta, Jake",453562,2019,594,527,110,18.5,8.6,0.283,0.448,0.351,0.799,0.165,0.32,0.265,0.446,0.339,0.336,0.338,0.18,0.381,0.377,0.354,0.335,89.3,33.8,5.6,37.6,93.791637126,18.3
"Lugo, Seth",607625,2019,314,291,104,33.1,5.1,0.192,0.316,0.246,0.562,0.124,0.267,0.184,0.32,0.237,0.237,0.238,0.135,0.327,0.327,0.298,0.285,88.2,29.6,9.5,33.9,92.9935725,26.5
"Markel, Parker",571917,2019,110,90,24,21.8,15.5,0.289,0.567,0.418,0.985,0.278,0.333,0.262,0.471,0.41,0.373,0.396,0.209,0.477,0.416,0.394,0.358,89.7,34.8,7.6,36.4,93.598363939,27.1
"Berríos, José",621244,2019,842,774,195,23.2,6.1,0.251,0.404,0.302,0.706,0.153,0.301,0.244,0.416,0.3,0.304,0.297,0.172,0.36,0.365,0.332,0.324,87.0,34.2,4.9,32.0,92.899373483,23.5
"Littell, Zack",641793,2019,146,136,32,21.9,6.2,0.25,0.412,0.297,0.709,0.162,0.3,0.291,0.49,0.297,0.349,0.335,0.199,0.358,0.431,0.327,0.381,91.2,39.0,2.9,47.6,95.168033204,27.3
"Fry, Jace",605240,2019,251,202,68,27.1,17.1,0.218,0.371,0.361,0.732,0.153,0.289,0.226,0.371,0.321,0.328,0.368,0.145,0.365,0.377,0.326,0.338,89.1,29.2,5.1,39.4,94.122172296,36.4
"Bedrosian, Cam",592135,2019,258,232,64,24.8,8.5,0.207,0.336,0.283,0.619,0.129,0.253,0.218,0.362,0.27,0.292,0.297,0.144,0.309,0.344,0.284,0.305,89.0,32.0,4.7,36.5,93.725344096,30.2
"Paxton, James",572020,2019,633,570,186,29.4,8.7,0.242,0.423,0.309,0.732,0.181,0.315,0.221,0.379,0.31,0.291,0.291,0.158,0.403,0.372,0.356,0.327,89.2,35.1,7.4,38.5,93.979846684,30.8
"Bleier, Richard",542947,2019,235,220,30,12.8,3.4,0.295,0.473,0.329,0.802,0.178,0.317,0.25,0.378,0.333,0.285,0.288,0.128,0.366,0.308,0.339,0.289,89.0,28.5,6.2,38.3,93.678210521,17.2
"Luciano, Elvis",672773,2019,159,131,27,17.0,15.1,0.275,0.45,0.396,0.846,0.175,0.317,0.253,0.428,0.364,0.351,0.379,0.174,0.375,0.356,0.343,0.316,89.7,34.3,10.5,41.9,94.276188667,25.3
"Weber, Ryan",543901,2019,181,169,29,16.0,4.4,0.284,0.462,0.328,0.79,0.178,0.319,0.26,0.414,0.333,0.309,0.305,0.154,0.373,0.343,0.343,0.314,87.8,31.2,7.1,28.4,92.643933643,14.6
"Sandoval, Patrick",663776,2019,169,146,42,24.9,11.2,0.24,0.425,0.329,0.754,0.185,0.293,0.25,0.399,0.322,0.323,0.34,0.149,0.381,0.383,0.333,0.35,88.4,32.7,5.6,34.6,93.564742039,32.7
"Sánchez, Aníbal",434671,2019,712,647,134,18.8,8.1,0.236,0.406,0.302,0.708,0.17,0.266,0.251,0.421,0.296,0.312,0.316,0.171,0.334,0.355,0.297,0.316,87.0,37.8,5.8,28.3,92.714450571,22.4
"Feliz, Michael",593140,2019,239,208,73,30.5,11.3,0.212,0.413,0.307,0.72,0.201,0.264,0.199,0.373,0.306,0.292,0.298,0.174,0.391,0.366,0.324,0.308,87.7,32.8,3.6,32.8,93.158119104,29.0
"Wojciechowski, Asher",592879,2019,361,323,80,22.2,7.8,0.248,0.483,0.325,0.808,0.235,0.279,0.248,0.483,0.339,0.342,0.325,0.235,0.396,0.4,0.329,0.33,88.1,34.4,6.6,36.5,93.507321818,26.2
"Magill, Matt",543483,2019,229,203,64,27.9,8.7,0.251,0.438,0.322,0.76,0.187,0.328,0.255,0.44,0.316,0.323,0.326,0.185,0.409,0.419,0.362,0.369,90.9,42.0,9.1,43.4,94.684057,32.2
"Gant, John",607231,2019,269,235,60,22.3,12.6,0.217,0.323,0.316,0.639,0.106,0.275,0.232,0.327,0.283,0.295,0.33,0.095,0.303,0.322,0.291,0.313,87.0,34.9,2.9,31.2,92.915449306,27.4
"Stanek, Ryne",592773,2019,327,285,89,27.2,11.9,0.214,0.382,0.306,0.688,0.168,0.266,0.223,0.411,0.293,0.314,0.318,0.188,0.352,0.387,0.307,0.326,90.3,38.2,7.5,38.2,94.324792,34.6
"Stewart, Brock",592779,2019,124,109,19,15.3,6.5,0.339,0.734,0.387,1.121,0.395,0.313,0.276,0.575,0.444,0.377,0.339,0.299,0.504,0.416,0.394,0.33,89.5,36.2,8.5,35.1,93.403170638,20.3
"Blevins, Jerry",460283,2019,141,121,37,26.2,11.3,0.207,0.38,0.305,0.685,0.173,0.247,0.255,0.467,0.29,0.347,0.35,0.212,0.339,0.433,0.291,0.365,87.4,45.3,9.3,37.2,93.196528471,26.7
"Tomlin, Josh",458708,2019,320,307,51,15.9,2.2,0.267,0.463,0.282,0.745,0.196,0.279,0.27,0.466,0.308,0.314,0.285,0.196,0.358,0.367,0.318,0.322,89.1,33.2,7.3,33.6,93.416267461,19.8
"Senzatela, Antonio",622608,2019,582,514,76,13.1,9.8,0.313,0.506,0.384,0.89,0.193,0.336,0.295,0.477,0.373,0.361,0.369,0.182,0.396,0.382,0.365,0.345,90.1,31.7,5.2,44.0,94.756131739,17.7
"Jackson, Luke",592426,2019,315,286,106,33.7,8.3,0.266,0.402,0.331,0.733,0.136,0.388,0.199,0.34,0.311,0.263,0.271,0.141,0.444,0.361,0.422,0.317,88.8,27.1,2.8,33.7,93.665429944,36.7
"Peralta, Freddy",642547,2019,382,339,115,30.1,9.7,0.257,0.457,0.332,0.789,0.2,0.343,0.222,0.411,0.333,0.306,0.302,0.189,0.443,0.397,0.387,0.336,90.1,36.8,7.5,38.6,94.098502342,29.3
"Urquidy, José",664353,2019,167,158,40,24.0,4.2,0.241,0.405,0.273,0.678,0.164,0.286,0.234,0.436,0.285,0.296,0.266,0.202,0.358,0.372,0.322,0.313,87.0,35.8,2.5,29.2,92.758674569,28.3
"Boshers, Buddy",542953,2019,91,79,26,28.6,11.0,0.253,0.43,0.344,0.774,0.177,0.34,0.207,0.32,0.333,0.281,0.305,0.113,0.421,0.334,0.377,0.311,88.8,22.2,3.7,25.9,92.840489608,22.3
"Leclerc, José",600917,2019,299,249,100,33.4,13.0,0.209,0.373,0.328,0.701,0.164,0.313,0.165,0.268,0.306,0.26,0.293,0.103,0.395,0.306,0.344,0.276,87.1,36.4,5.2,28.3,92.495057075,33.0
"Quijada, José",650671,2019,144,113,44,30.6,18.1,0.239,0.575,0.399,0.974,0.336,0.288,0.243,0.488,0.398,0.377,0.402,0.245,0.535,0.493,0.391,0.398,89.6,40.0,10.0,47.1,94.652267391,34.4
"Pérez, Oliver",424144,2019,173,157,48,27.7,6.9,0.242,0.427,0.306,0.733,0.185,0.314,0.217,0.345,0.306,0.272,0.285,0.128,0.393,0.342,0.345,0.312,86.9,34.5,6.4,30.0,92.537151111,28.0
"Carpenter, Ryan",543001,2019,197,180,25,12.7,6.6,0.339,0.628,0.386,1.014,0.289,0.338,0.31,0.547,0.415,0.381,0.361,0.237,0.455,0.412,0.389,0.357,90.7,39.5,8.3,45.2,95.009750256,16.3
"Wilson, Justin",458677,2019,166,145,44,26.5,11.4,0.228,0.345,0.325,0.67,0.117,0.299,0.203,0.308,0.294,0.276,0.304,0.105,0.344,0.314,0.327,0.292,85.3,34.7,4.0,27.7,92.421659898,25.4
"Webb, Logan",657277,2019,174,158,37,21.3,8.0,0.278,0.456,0.339,0.795,0.178,0.333,0.291,0.458,0.336,0.346,0.351,0.166,0.394,0.409,0.361,0.378,89.1,36.9,4.1,36.9,93.64454281,23.1
"Fillmyer, Heath",641571,2019,109,91,15,13.8,11.0,0.308,0.56,0.394,0.954,0.252,0.301,0.287,0.51,0.394,0.381,0.385,0.223,0.411,0.394,0.354,0.342,92.5,34.2,8.9,44.3,95.49318443,19.3
"Stroman, Marcus",573186,2019,774,711,159,20.5,7.5,0.257,0.384,0.313,0.697,0.127,0.308,0.242,0.37,0.299,0.292,0.3,0.128,0.344,0.334,0.33,0.311,88.2,27.2,5.8,35.6,93.642928165,24.7
"Biagini, Joe",607352,2019,281,253,60,21.4,9.3,0.281,0.514,0.35,0.864,0.233,0.318,0.28,0.498,0.358,0.355,0.349,0.219,0.428,0.424,0.368,0.367,88.4,38.7,6.7,33.5,93.637096736,28.3
"Green, Chad",643338,2019,296,267,98,33.1,6.8,0.247,0.427,0.311,0.738,0.18,0.346,0.236,0.422,0.312,0.311,0.303,0.186,0.432,0.43,0.384,0.371,91.9,41.3,7.0,48.3,95.335196977,29.6
"Montas, Frankie",593423,2019,394,365,103,26.1,5.8,0.23,0.364,0.282,0.646,0.134,0.297,0.234,0.361,0.276,0.281,0.286,0.127,0.342,0.35,0.318,0.324,87.0,32.6,9.1,34.8,93.49062692,26.0
"Sanchez, Aaron",592717,2019,605,521,115,19.0,11.2,0.278,0.457,0.371,0.828,0.179,0.321,0.261,0.435,0.353,0.343,0.357,0.174,0.388,0.373,0.354,0.334,89.8,29.5,5.1,42.2,94.604615941,21.8
"Freeland, Kyle",607536,2019,472,426,79,16.7,8.1,0.296,0.554,0.353,0.907,0.258,0.31,0.285,0.498,0.372,0.357,0.347,0.213,0.422,0.402,0.359,0.35,89.5,34.0,6.8,40.1,94.412485345,21.2
"Brault, Steven",643230,2019,505,441,100,19.8,10.5,0.265,0.438,0.353,0.791,0.173,0.313,0.255,0.435,0.338,0.336,0.345,0.18,0.377,0.374,0.343,0.331,90.5,34.3,7.6,38.7,94.370441886,23.3
"Warren, Adam",476589,2019,124,109,25,20.2,9.7,0.257,0.55,0.336,0.886,0.293,0.253,0.265,0.514,0.366,0.362,0.344,0.248,0.425,0.419,0.333,0.344,87.5,38.4,11.6,34.9,93.967446429,26.3
"Holder, Jonathan",656547,2019,181,168,46,25.4,6.1,0.256,0.452,0.309,0.761,0.196,0.307,0.228,0.402,0.319,0.29,0.284,0.173,0.402,0.36,0.352,0.315,88.3,33.6,4.9,34.4,93.346503443,25.6
"Buehler, Walker",621111,2019,737,685,215,29.2,5.0,0.223,0.368,0.268,0.636,0.145,0.292,0.227,0.369,0.27,0.277,0.273,0.141,0.353,0.364,0.321,0.33,89.3,34.5,7.9,36.4,93.605811826,26.8
"Musgrove, Joe",605397,2019,718,662,157,21.9,5.4,0.254,0.437,0.302,0.739,0.183,0.3,0.249,0.424,0.309,0.307,0.298,0.174,0.369,0.366,0.329,0.324,88.9,31.6,6.6,38.7,93.889653787,24.6
"Ramírez, Yefry",606162,2019,119,97,27,22.7,13.4,0.309,0.515,0.42,0.935,0.206,0.382,0.24,0.377,0.396,0.332,0.367,0.137,0.46,0.356,0.417,0.327,88.1,29.2,4.2,31.9,93.009284366,27.9
"Thornton, Trent",663423,2019,676,603,149,22.0,8.9,0.259,0.439,0.327,0.766,0.18,0.302,0.256,0.43,0.325,0.327,0.328,0.174,0.378,0.382,0.338,0.34,88.2,38.7,7.1,37.0,93.623029103,24.4
"Erlin, Robbie",572362,2019,251,231,52,20.7,6.0,0.312,0.437,0.352,0.789,0.125,0.375,0.273,0.441,0.336,0.326,0.319,0.168,0.4,0.388,0.396,0.351,87.9,36.6,4.4,35.5,93.512463149,23.7
"Fried, Max",608331,2019,702,644,173,24.6,6.7,0.27,0.419,0.324,0.743,0.149,0.338,0.247,0.379,0.315,0.297,0.304,0.132,0.392,0.365,0.368,0.339,89.2,32.4,5.5,39.1,94.017095085,26.0
"Cole, A.J.",595918,2019,118,107,30,25.4,6.8,0.29,0.486,0.333,0.819,0.196,0.36,0.227,0.373,0.341,0.277,0.276,0.146,0.435,0.34,0.392,0.308,86.9,32.5,5.0,23.8,92.072783077,30.2
"Kelly, Merrill",518876,2019,777,709,158,20.3,7.3,0.26,0.447,0.314,0.761,0.187,0.294,0.271,0.492,0.318,0.344,0.326,0.222,0.372,0.408,0.331,0.348,89.9,33.2,5.6,40.0,94.334380656,22.4
"Gibson, Kyle",502043,2019,706,637,160,22.7,7.9,0.275,0.443,0.339,0.782,0.168,0.333,0.269,0.437,0.333,0.333,0.334,0.168,0.396,0.397,0.365,0.359,88.3,32.8,4.6,37.8,93.893180021,29.3
"Thorpe, Lewis",626929,2019,124,113,31,25.0,8.1,0.336,0.531,0.387,0.918,0.195,0.438,0.268,0.438,0.384,0.326,0.325,0.17,0.491,0.404,0.458,0.365,89.0,42.2,8.4,36.1,93.588602048,27.4
"Zeuch, T.J.",643615,2019,99,88,20,20.2,11.1,0.25,0.398,0.333,0.731,0.148,0.303,0.301,0.512,0.316,0.379,0.379,0.211,0.349,0.44,0.324,0.39,90.1,44.1,7.4,44.1,95.220538971,22.9
"López, Jorge",605347,2019,548,489,109,19.9,7.7,0.286,0.513,0.35,0.863,0.227,0.314,0.27,0.511,0.36,0.361,0.339,0.241,0.416,0.418,0.362,0.346,90.3,34.6,3.9,40.6,94.63687557,21.6
"Biddle, Jesse",592145,2019,152,124,26,17.1,14.5,0.339,0.524,0.447,0.971,0.185,0.389,0.334,0.56,0.411,0.425,0.448,0.226,0.446,0.471,0.42,0.419,91.5,40.0,4.0,43.8,95.244236413,21.8
"Anderson, Tyler",542881,2019,106,91,23,21.7,10.4,0.363,0.736,0.423,1.159,0.373,0.403,0.315,0.617,0.464,0.418,0.385,0.302,0.581,0.512,0.471,0.415,88.9,43.1,1.4,36.1,94.197037714,24.3
"Hill, Tim",657612,2019,161,143,39,24.2,8.1,0.217,0.336,0.3,0.636,0.119,0.27,0.202,0.32,0.275,0.265,0.286,0.118,0.317,0.303,0.298,0.277,88.2,29.5,3.8,34.3,92.844709029,20.7
"Kelly, Joe",523260,2019,226,201,62,27.4,9.7,0.244,0.383,0.327,0.71,0.139,0.323,0.211,0.335,0.306,0.28,0.299,0.124,0.378,0.338,0.353,0.307,88.9,25.9,6.5,40.4,94.014661397,26.4
"Gallen, Zac",668678,2019,334,293,96,28.7,10.8,0.212,0.355,0.305,0.66,0.143,0.284,0.213,0.354,0.287,0.29,0.307,0.141,0.347,0.352,0.313,0.315,87.0,32.8,8.6,35.9,93.123947727,29.3
"Barlow, Scott",605130,2019,310,267,92,29.7,11.9,0.24,0.397,0.338,0.735,0.157,0.341,0.219,0.356,0.314,0.297,0.321,0.136,0.399,0.37,0.364,0.335,88.7,34.8,7.9,37.1,93.806693429,33.8
"Osuna, Roberto",532077,2019,253,237,73,28.9,4.7,0.19,0.321,0.234,0.555,0.131,0.236,0.212,0.357,0.237,0.264,0.256,0.145,0.304,0.347,0.273,0.308,86.2,36.7,7.8,30.0,92.285383145,33.5
"Guerra, Junior",448855,2019,344,299,77,22.4,10.5,0.194,0.351,0.287,0.638,0.157,0.221,0.22,0.383,0.275,0.302,0.313,0.163,0.299,0.341,0.259,0.298,86.9,29.5,4.8,29.4,92.794573756,26.1
"Phelps, David",475479,2019,147,128,36,24.5,11.6,0.242,0.422,0.333,0.755,0.18,0.295,0.236,0.404,0.32,0.317,0.329,0.168,0.376,0.371,0.333,0.326,88.7,33.3,3.2,36.6,93.536516989,20.2
"Vargas, Jason",450306,2019,649,566,124,19.1,9.7,0.249,0.424,0.327,0.751,0.175,0.28,0.243,0.443,0.318,0.325,0.322,0.2,0.35,0.361,0.313,0.307,87.6,33.3,7.5,33.8,93.124975473,24.2
"Lamet, Dinelson",659275,2019,313,274,105,33.5,9.6,0.226,0.409,0.312,0.721,0.183,0.314,0.219,0.385,0.308,0.3,0.306,0.167,0.419,0.404,0.363,0.352,88.2,37.0,5.2,34.1,93.492328988,31.6
"Wendelken, J.B.",605525,2019,131,118,34,26.0,6.9,0.178,0.297,0.246,0.543,0.119,0.229,0.18,0.293,0.23,0.237,0.252,0.113,0.272,0.285,0.247,0.256,87.4,27.9,9.3,31.7,92.72904825,27.5
"Doolittle, Sean",448281,2019,260,242,66,25.4,5.8,0.26,0.463,0.309,0.772,0.203,0.315,0.233,0.448,0.321,0.307,0.284,0.215,0.409,0.391,0.358,0.322,90.9,34.5,7.3,42.0,94.420619017,23.4
"Quintana, Jose",500779,2019,745,678,152,20.4,6.2,0.282,0.44,0.323,0.763,0.158,0.329,0.273,0.434,0.321,0.326,0.322,0.161,0.378,0.388,0.354,0.353,90.0,34.7,7.2,37.9,93.957980447,20.9
"Newcomb, Sean",656794,2019,293,259,65,22.2,9.9,0.236,0.375,0.317,0.692,0.139,0.282,0.238,0.376,0.299,0.305,0.322,0.138,0.335,0.345,0.311,0.318,87.3,28.6,6.1,30.6,92.815530979,22.9
"Velázquez, Hector",584171,2019,247,211,49,19.8,11.3,0.275,0.46,0.363,0.823,0.185,0.321,0.258,0.446,0.348,0.341,0.35,0.188,0.386,0.376,0.349,0.331,88.3,37.1,5.4,38.0,93.843090606,23.7
"Smith, Josh A.",595001,2019,139,128,29,20.9,5.8,0.281,0.547,0.338,0.885,0.266,0.292,0.267,0.537,0.365,0.358,0.325,0.27,0.438,0.429,0.364,0.346,89.3,46.5,12.1,39.4,93.726799388,28.3
"Taillon, Jameson",592791,2019,158,147,30,19.0,5.1,0.231,0.401,0.278,0.679,0.17,0.263,0.265,0.439,0.284,0.317,0.312,0.174,0.324,0.37,0.288,0.333,89.0,33.1,6.8,39.8,93.807181652,24.1
"Nelson, Jimmy",519076,2019,105,86,26,24.8,16.2,0.291,0.547,0.419,0.966,0.256,0.375,0.285,0.49,0.403,0.388,0.415,0.205,0.49,0.465,0.417,0.409,87.1,46.7,6.7,35.0,93.4459405,27.8
"Adam, Jason",592094,2019,91,75,18,19.8,11.0,0.2,0.293,0.308,0.601,0.093,0.237,0.188,0.306,0.265,0.27,0.301,0.119,0.258,0.266,0.25,0.239,85.6,31.7,6.7,21.7,91.962448,28.1
"Adams, Austin",613534,2019,130,112,53,40.8,12.3,0.179,0.33,0.285,0.615,0.151,0.286,0.177,0.315,0.271,0.269,0.285,0.138,0.39,0.392,0.333,0.336,89.6,28.3,6.7,44.8,95.266846379,40.2
"Webb, Jacob",657097,2019,131,117,28,21.4,9.2,0.205,0.376,0.285,0.661,0.171,0.235,0.208,0.36,0.284,0.282,0.288,0.152,0.314,0.311,0.27,0.274,88.5,35.6,5.6,33.3,92.981736966,26.2
"Allen, Cody",592102,2019,116,94,29,25.0,17.2,0.255,0.628,0.383,1.011,0.373,0.263,0.267,0.648,0.409,0.424,0.393,0.381,0.504,0.529,0.364,0.381,94.3,39.4,16.7,54.5,96.304330606,26.8
"Peters, Dillon",596071,2019,327,293,55,16.8,8.0,0.29,0.57,0.356,0.926,0.28,0.302,0.279,0.51,0.381,0.361,0.346,0.231,0.428,0.402,0.354,0.341,89.4,39.4,9.1,41.1,94.370654017,20.4
"Giolito, Lucas",608337,2019,705,640,228,32.3,8.1,0.205,0.373,0.273,0.646,0.168,0.274,0.214,0.368,0.275,0.283,0.284,0.154,0.366,0.38,0.316,0.334,88.1,37.3,3.4,34.6,93.678942663,32.4
"Roe, Chaz",475054,2019,229,195,65,28.4,13.5,0.251,0.349,0.355,0.704,0.098,0.359,0.234,0.345,0.31,0.305,0.341,0.111,0.376,0.368,0.374,0.349,86.5,35.1,2.3,28.2,92.605872692,27.7
"Banuelos, Manny",544365,2019,235,198,44,18.7,14.0,0.303,0.53,0.402,0.932,0.227,0.333,0.285,0.495,0.388,0.373,0.387,0.21,0.437,0.415,0.385,0.363,88.9,36.3,3.8,37.8,94.164687386,24.5
"Gausman, Kevin",592332,2019,451,401,114,25.3,7.1,0.282,0.454,0.338,0.792,0.172,0.353,0.259,0.451,0.332,0.327,0.321,0.192,0.418,0.414,0.386,0.361,88.7,40.3,6.7,36.5,93.610274281,30.2
"Beede, Tyler",595881,2019,523,468,113,21.6,8.8,0.271,0.462,0.341,0.803,0.191,0.313,0.263,0.471,0.339,0.343,0.335,0.208,0.396,0.403,0.355,0.347,91.3,34.0,6.4,44.3,94.938188282,26.3
"Ruiz, José",614179,2019,198,167,35,17.7,12.1,0.335,0.503,0.421,0.924,0.168,0.391,0.275,0.454,0.39,0.351,0.369,0.179,0.437,0.382,0.418,0.343,88.3,33.8,2.9,33.1,93.490141045,24.4
"Morin, Mike",573046,2019,210,193,26,12.4,4.8,0.238,0.383,0.288,0.671,0.145,0.247,0.277,0.453,0.287,0.331,0.325,0.176,0.297,0.352,0.274,0.319,86.6,37.1,5.9,27.4,92.582365183,21.5
"Kinley, Tyler",641755,2019,221,181,46,20.8,16.3,0.238,0.359,0.364,0.723,0.121,0.288,0.235,0.365,0.318,0.323,0.362,0.13,0.33,0.337,0.314,0.312,88.0,37.0,5.8,32.6,93.28442125,29.9
"Walden, Marcus",519393,2019,327,287,76,23.2,9.8,0.213,0.341,0.301,0.642,0.128,0.266,0.236,0.352,0.28,0.301,0.324,0.116,0.31,0.342,0.286,0.322,89.4,30.8,5.1,36.0,93.508208967,29.6
"Márquez, Germán",608566,2019,721,671,175,24.3,4.9,0.259,0.441,0.299,0.74,0.182,0.308,0.27,0.457,0.311,0.327,0.311,0.188,0.389,0.413,0.348,0.365,91.1,34.2,5.1,43.1,94.806133152,26.6
"Gonsolin, Tony",664062,2019,163,146,37,22.7,9.2,0.178,0.322,0.258,0.58,0.144,0.208,0.223,0.377,0.252,0.296,0.299,0.155,0.273,0.338,0.236,0.298,88.6,29.1,12.7,37.3,93.340628148,26.7
"Kintzler, Brandon",445213,2019,227,209,48,21.1,5.7,0.215,0.359,0.273,0.632,0.144,0.255,0.233,0.389,0.265,0.29,0.291,0.156,0.306,0.341,0.278,0.303,89.4,27.8,6.8,42.6,94.332880186,18.7
"Kimbrel, Craig",518886,2019,96,81,30,31.3,12.5,0.259,0.654,0.365,1.019,0.395,0.279,0.26,0.568,0.41,0.39,0.369,0.308,0.57,0.535,0.404,0.412,92.6,48.1,5.8,47.1,95.796545102,32.6
"Ferguson, Caleb",657571,2019,204,167,54,26.5,13.2,0.234,0.419,0.355,0.774,0.185,0.294,0.244,0.403,0.331,0.333,0.364,0.159,0.387,0.392,0.336,0.352,87.3,41.9,5.1,33.3,93.33277307,23.4
"Reid-Foley, Sean",656887,2019,150,126,28,18.7,14.0,0.262,0.444,0.373,0.817,0.182,0.298,0.248,0.424,0.352,0.344,0.363,0.176,0.372,0.36,0.333,0.318,88.9,36.4,7.1,37.4,93.479647959,23.6
"Hand, Brad",543272,2019,242,219,84,34.7,7.4,0.242,0.384,0.311,0.695,0.142,0.364,0.226,0.379,0.292,0.284,0.297,0.153,0.422,0.409,0.393,0.366,88.2,47.8,8.8,38.2,93.450681407,30.7
"Sipp, Tony",448609,2019,92,79,18,19.6,9.8,0.241,0.329,0.315,0.644,0.088,0.286,0.251,0.406,0.282,0.34,0.342,0.154,0.297,0.381,0.297,0.336,88.1,37.5,7.8,34.4,93.090555469,26.3
"Kela, Keone",605309,2019,119,107,33,27.7,9.2,0.178,0.346,0.261,0.607,0.168,0.225,0.203,0.357,0.262,0.28,0.283,0.154,0.309,0.337,0.257,0.293,88.8,33.8,1.4,33.8,92.920109595,27.0
"Smeltzer, Devin",656970,2019,202,189,38,18.8,5.9,0.265,0.466,0.312,0.778,0.201,0.294,0.279,0.486,0.326,0.343,0.326,0.207,0.376,0.4,0.331,0.35,90.2,31.1,6.0,35.1,94.048639595,20.6
"Lambert, Peter",663567,2019,420,371,57,13.6,8.6,0.321,0.571,0.387,0.958,0.25,0.338,0.297,0.485,0.395,0.364,0.367,0.188,0.429,0.389,0.375,0.35,89.8,36.8,9.7,39.6,94.53403581,16.9
"McClain, Reggie",596035,2019,95,82,11,11.6,13.7,0.268,0.427,0.368,0.795,0.159,0.29,0.301,0.433,0.344,0.364,0.397,0.132,0.334,0.36,0.31,0.348,90.8,26.8,4.2,43.7,94.811187324,15.5
"Zimmermann, Jordan",519455,2019,504,466,82,16.3,5.0,0.311,0.526,0.351,0.877,0.215,0.341,0.297,0.522,0.363,0.363,0.339,0.225,0.415,0.415,0.374,0.359,90.3,37.9,5.9,38.4,94.125352396,20.3
"Chacín, Jhoulys",468504,2019,470,411,101,21.5,9.8,0.28,0.521,0.356,0.877,0.241,0.311,0.274,0.483,0.365,0.356,0.353,0.209,0.43,0.416,0.366,0.361,89.6,35.2,5.7,42.5,94.317597267,20.6
"Ynoa, Gabriel",593679,2019,480,450,67,14.0,5.4,0.28,0.536,0.323,0.859,0.256,0.273,0.287,0.536,0.354,0.363,0.33,0.25,0.391,0.402,0.328,0.336,90.0,30.7,6.0,40.9,94.466799321,20.1
"Junis, Jakob",596001,2019,771,696,164,21.3,7.5,0.276,0.468,0.339,0.807,0.192,0.318,0.27,0.479,0.34,0.345,0.334,0.21,0.399,0.406,0.358,0.351,90.1,35.4,5.6,41.2,94.223625504,22.6
"Wood, Alex",622072,2019,153,141,30,19.6,5.9,0.291,0.589,0.338,0.927,0.298,0.3,0.308,0.544,0.381,0.376,0.355,0.235,0.455,0.45,0.369,0.393,89.0,42.5,5.3,33.6,93.617237909,24.8
"Jansen, Kenley",445276,2020,102,90,33,32.4,8.8,0.211,0.311,0.304,0.615,0.1,0.309,0.192,0.29,0.279,0.266,0.289,0.098,0.351,0.33,0.333,0.307,82.7,33.3,1.8,14.0,90.543838148,30.6
"Turnbull, Spencer",605513,2020,242,208,51,21.1,12.0,0.226,0.337,0.325,0.662,0.111,0.288,0.276,0.431,0.296,0.354,0.37,0.155,0.314,0.402,0.297,0.366,91.1,30.0,6.3,43.8,94.939800903,28.2
"Alcala, Jorge",660896,2020,94,86,27,28.7,8.5,0.244,0.372,0.309,0.681,0.128,0.321,0.223,0.36,0.299,0.287,0.29,0.136,0.382,0.363,0.356,0.326,86.7,37.3,5.1,32.2,92.149688966,32.1
"Pressly, Ryan",519151,2020,91,83,29,31.9,7.7,0.253,0.41,0.319,0.729,0.157,0.365,0.209,0.299,0.312,0.258,0.279,0.09,0.429,0.339,0.389,0.322,89.7,29.6,5.6,42.6,93.76332963,36.5
"Tanaka, Masahiro",547888,2020,197,187,44,22.3,4.1,0.257,0.455,0.294,0.749,0.198,0.291,0.244,0.437,0.319,0.309,0.282,0.193,0.39,0.377,0.336,0.319,88.5,32.9,2.8,37.1,93.627920643,29.7
"Howard, Spencer",675921,2020,113,100,23,20.4,8.8,0.3,0.53,0.363,0.893,0.23,0.329,0.248,0.417,0.376,0.322,0.32,0.169,0.44,0.364,0.38,0.319,87.1,35.4,5.1,32.9,93.34197026,25.6
"Walker, Taijuan",592836,2020,225,201,50,22.2,8.4,0.214,0.368,0.293,0.661,0.154,0.243,0.253,0.452,0.291,0.34,0.329,0.199,0.324,0.396,0.283,0.336,88.4,40.1,9.9,32.9,93.25322404,20.5
"Quantrill, Cal",615698,2020,135,122,31,23.0,5.9,0.254,0.385,0.316,0.701,0.131,0.31,0.249,0.416,0.305,0.316,0.312,0.167,0.364,0.382,0.341,0.335,86.1,29.3,1.1,31.5,92.699257528,24.8
"Paxton, James",572020,2020,90,81,26,28.9,7.8,0.284,0.531,0.344,0.875,0.247,0.365,0.227,0.441,0.368,0.314,0.293,0.214,0.491,0.405,0.411,0.328,90.7,37.5,8.9,44.6,94.27226625,28.4
"Hudson, Dakota",641712,2020,151,135,31,20.5,9.9,0.178,0.319,0.265,0.584,0.141,0.192,0.221,0.357,0.257,0.293,0.304,0.136,0.27,0.321,0.231,0.287,89.1,26.0,8.7,40.4,94.106156019,22.0
"Bauer, Trevor",545333,2020,278,258,100,36.0,6.1,0.159,0.302,0.219,0.521,0.143,0.215,0.162,0.285,0.227,0.224,0.222,0.123,0.313,0.309,0.259,0.264,88.5,25.9,7.6,38.0,93.703112739,30.4
"Ponce de Leon, Daniel",594965,2020,143,121,45,31.5,14.0,0.19,0.43,0.315,0.745,0.24,0.221,0.223,0.424,0.323,0.338,0.342,0.202,0.405,0.433,0.303,0.354,88.6,31.6,7.9,40.8,94.069405467,31.4
"Barria, Jaime",642545,2020,132,121,27,20.5,6.8,0.223,0.405,0.28,0.685,0.182,0.261,0.214,0.332,0.29,0.268,0.276,0.118,0.334,0.303,0.284,0.279,88.9,30.5,10.5,34.7,93.386584043,23.0
"Stammen, Craig",489334,2020,105,97,20,19.0,3.8,0.278,0.381,0.32,0.701,0.103,0.333,0.249,0.34,0.308,0.282,0.293,0.091,0.356,0.322,0.351,0.314,88.2,25.3,2.5,36.7,93.493176622,24.0
"Minter, A.J.",621345,2020,85,75,24,28.2,10.6,0.2,0.32,0.286,0.606,0.12,0.28,0.209,0.305,0.26,0.264,0.294,0.096,0.322,0.328,0.294,0.308,84.5,34.6,5.8,23.1,92.239928039,29.1
"Urquidy, José",664353,2020,116,107,17,14.7,6.9,0.206,0.327,0.267,0.594,0.121,0.209,0.282,0.463,0.263,0.348,0.338,0.182,0.268,0.378,0.244,0.335,89.8,37.8,7.8,38.9,93.972113708,20.9
"Farmer, Buck",571656,2020,89,82,14,15.7,5.6,0.244,0.39,0.284,0.674,0.146,0.258,0.27,0.451,0.29,0.345,0.319,0.181,0.319,0.389,0.29,0.334,90.2,30.0,5.7,41.4,94.363779412,19.9
"Voth, Austin",608723,2020,225,203,44,19.6,8.0,0.281,0.571,0.351,0.922,0.29,0.297,0.265,0.502,0.385,0.356,0.337,0.237,0.451,0.411,0.358,0.339,89.4,36.5,6.3,43.4,94.458397975,22.0
"Anderson, Chase",502624,2020,154,143,38,24.7,6.5,0.315,0.622,0.364,0.986,0.307,0.362,0.29,0.556,0.412,0.381,0.341,0.266,0.53,0.486,0.429,0.396,87.9,42.9,4.8,38.1,94.515817087,28.3
"Holder, Jonathan",656547,2020,101,89,14,13.9,10.9,0.281,0.449,0.356,0.805,0.168,0.301,0.25,0.449,0.345,0.334,0.329,0.2,0.362,0.348,0.329,0.293,86.9,31.6,2.6,39.5,93.464626579,24.1
"Peralta, Wandy",593974,2020,114,100,25,21.9,9.6,0.22,0.35,0.307,0.657,0.13,0.26,0.242,0.377,0.291,0.321,0.334,0.135,0.317,0.362,0.289,0.33,85.6,32.9,3.9,30.3,92.275540685,28.9
"Valdez, Framber",664285,2020,288,263,76,26.4,5.6,0.24,0.342,0.293,0.635,0.102,0.314,0.239,0.378,0.279,0.301,0.298,0.14,0.343,0.377,0.332,0.34,91.4,33.5,8.4,48.7,95.230895957,24.5
"Montas, Frankie",593423,2020,237,211,60,25.3,9.7,0.27,0.464,0.342,0.806,0.194,0.329,0.248,0.432,0.346,0.329,0.325,0.184,0.426,0.401,0.373,0.347,88.1,37.9,7.2,35.3,93.294562867,28.6
"Skubal, Tarik",669373,2020,134,119,37,27.6,8.2,0.235,0.496,0.306,0.802,0.261,0.253,0.222,0.461,0.337,0.324,0.296,0.239,0.429,0.408,0.333,0.317,89.6,38.1,10.7,39.3,94.197751205,29.4
"Musgrove, Joe",605397,2020,166,146,55,33.1,9.6,0.226,0.404,0.307,0.711,0.178,0.318,0.195,0.309,0.308,0.275,0.287,0.114,0.414,0.357,0.355,0.32,85.1,32.3,7.5,32.3,92.559280879,33.0
"Cobb, Alex",502171,2020,226,206,38,16.8,8.0,0.252,0.417,0.319,0.736,0.165,0.275,0.306,0.501,0.32,0.376,0.367,0.196,0.346,0.422,0.31,0.375,91.3,33.9,8.3,48.2,95.660059042,23.5
"Clippard, Tyler",461325,2020,98,94,26,26.5,4.1,0.202,0.309,0.235,0.544,0.107,0.258,0.21,0.394,0.237,0.273,0.242,0.184,0.3,0.352,0.279,0.291,86.5,39.7,8.8,27.9,92.112438676,28.0
"Gausman, Kevin",592332,2020,245,226,79,32.2,6.5,0.221,0.389,0.27,0.659,0.168,0.298,0.228,0.385,0.283,0.29,0.28,0.157,0.388,0.4,0.336,0.351,88.0,34.2,10.7,36.9,93.725435608,33.1
"Barlow, Scott",605130,2020,125,113,39,31.2,7.2,0.239,0.389,0.304,0.693,0.15,0.324,0.247,0.424,0.295,0.313,0.311,0.177,0.4,0.428,0.36,0.372,86.8,36.0,9.3,41.3,94.13214527,37.6
"Melancon, Mark",453343,2020,95,84,14,14.7,7.4,0.262,0.31,0.33,0.64,0.048,0.3,0.247,0.352,0.276,0.287,0.318,0.105,0.294,0.307,0.31,0.294,88.9,26.4,5.6,34.7,93.257845942,19.7
"Graterol, Brusdar",660813,2020,88,80,13,14.8,3.4,0.225,0.287,0.273,0.56,0.062,0.25,0.224,0.319,0.25,0.264,0.274,0.094,0.256,0.275,0.261,0.262,88.8,27.5,1.4,33.3,93.062705797,15.1
"López, Jorge",605347,2020,174,155,28,16.1,6.9,0.297,0.465,0.353,0.818,0.168,0.317,0.274,0.491,0.348,0.358,0.34,0.217,0.385,0.398,0.354,0.337,92.8,30.5,8.4,49.6,95.853375391,21.6
"Baragar, Caleb",670056,2020,88,81,19,21.6,5.7,0.21,0.395,0.261,0.656,0.185,0.233,0.225,0.442,0.28,0.311,0.278,0.217,0.324,0.368,0.27,0.293,90.1,27.0,11.1,34.9,93.869337143,19.5
"Newberry, Jake",623470,2020,94,78,24,25.5,12.8,0.256,0.41,0.362,0.772,0.154,0.321,0.236,0.396,0.339,0.329,0.347,0.161,0.393,0.377,0.357,0.332,88.9,41.1,3.6,44.6,93.632733214,36.2
"Happ, J.A.",457918,2020,196,178,42,21.4,7.7,0.208,0.382,0.273,0.655,0.174,0.227,0.221,0.342,0.284,0.279,0.285,0.121,0.323,0.316,0.272,0.289,88.1,26.3,4.4,34.3,93.142280296,22.5
"Hernández, Elieser",622694,2020,106,99,34,32.1,4.7,0.212,0.414,0.264,0.678,0.202,0.267,0.214,0.37,0.29,0.278,0.267,0.156,0.397,0.378,0.323,0.328,91.8,33.8,9.2,38.5,94.723056719,29.1
"Bass, Anthony",542914,2020,100,90,21,21.0,9.0,0.189,0.3,0.263,0.563,0.111,0.224,0.172,0.26,0.242,0.223,0.248,0.088,0.27,0.243,0.246,0.226,89.3,15.7,7.1,38.6,93.898158676,28.0
"Hunter, Tommy",488984,2020,102,92,25,24.5,5.9,0.239,0.391,0.307,0.698,0.152,0.308,0.296,0.449,0.305,0.353,0.359,0.153,0.364,0.438,0.328,0.407,90.6,35.3,2.9,45.6,95.271494531,25.4
"Canning, Griffin",656288,2020,238,210,56,23.5,9.7,0.257,0.443,0.328,0.771,0.186,0.307,0.232,0.422,0.33,0.32,0.311,0.19,0.39,0.377,0.342,0.317,88.9,30.4,6.3,34.2,93.665709221,27.4
"Mayers, Mike",594577,2020,121,111,43,35.5,7.4,0.162,0.252,0.231,0.483,0.09,0.242,0.17,0.298,0.219,0.239,0.239,0.127,0.287,0.323,0.265,0.278,89.0,32.4,11.8,38.2,93.595444478,35.5
"Rogers, Tyler",643511,2020,123,112,27,22.0,4.9,0.277,0.375,0.336,0.711,0.098,0.349,0.232,0.309,0.315,0.276,0.296,0.077,0.368,0.312,0.365,0.307,85.8,27.9,4.7,36.0,93.406113452,24.2
"Slegers, Aaron",642083,2020,101,93,19,18.8,5.0,0.194,0.237,0.25,0.487,0.043,0.233,0.232,0.328,0.213,0.267,0.286,0.096,0.234,0.306,0.243,0.292,86.1,25.3,4.0,28.0,92.678043014,22.3
"Rodríguez, Richard",593144,2020,93,84,34,36.6,5.4,0.179,0.298,0.239,0.537,0.119,0.25,0.214,0.361,0.237,0.276,0.272,0.147,0.331,0.403,0.294,0.356,91.8,23.5,7.8,51.0,95.3731422,36.0
"Velasquez, Vince",592826,2020,154,134,46,29.9,11.0,0.269,0.44,0.364,0.804,0.171,0.373,0.232,0.39,0.349,0.319,0.331,0.158,0.456,0.402,0.409,0.353,87.9,30.7,5.7,39.8,94.006673636,26.6
"Duffey, Tyler",608648,2020,92,85,31,33.7,6.5,0.153,0.271,0.217,0.488,0.118,0.212,0.205,0.314,0.217,0.258,0.266,0.109,0.279,0.35,0.241,0.325,93.5,29.6,11.1,53.7,95.714488302,36.2
"Hatch, Thomas",641672,2020,109,94,23,21.1,11.9,0.191,0.298,0.303,0.601,0.107,0.232,0.242,0.408,0.275,0.336,0.347,0.166,0.274,0.368,0.254,0.321,86.4,28.2,8.5,40.8,93.707808286,31.3
"Phelps, David",475479,2020,85,79,31,36.5,5.9,0.241,0.519,0.294,0.813,0.278,0.293,0.22,0.486,0.341,0.323,0.275,0.266,0.517,0.484,0.396,0.362,85.0,35.4,8.3,37.5,93.250015208,26.4
"Means, John",607644,2020,176,164,42,23.9,4.0,0.22,0.451,0.267,0.718,0.231,0.216,0.19,0.378,0.304,0.269,0.242,0.188,0.371,0.322,0.293,0.258,88.2,21.1,4.9,37.4,94.067238279,26.3
"Tepera, Ryan",572193,2020,89,75,31,34.8,13.5,0.227,0.347,0.337,0.684,0.12,0.349,0.211,0.309,0.308,0.298,0.332,0.098,0.406,0.393,0.378,0.371,90.3,44.4,6.7,37.8,94.649914286,43.7
"Wendelken, J.B.",605525,2020,106,93,31,29.2,10.4,0.183,0.28,0.267,0.547,0.097,0.246,0.183,0.317,0.247,0.265,0.269,0.134,0.29,0.32,0.27,0.274,86.0,23.8,7.9,31.7,92.817748065,26.6
"Lyles, Jordan",543475,2020,266,235,36,13.5,8.6,0.285,0.494,0.347,0.841,0.209,0.286,0.271,0.466,0.356,0.351,0.34,0.195,0.377,0.37,0.328,0.319,89.6,28.8,4.4,42.0,94.068312723,16.8
"Singer, Brady",663903,2020,263,236,61,23.2,8.7,0.22,0.356,0.293,0.649,0.136,0.26,0.231,0.368,0.285,0.301,0.306,0.137,0.325,0.349,0.294,0.313,88.5,28.8,6.8,40.1,94.126124972,24.2
"Cessa, Luis",570666,2020,93,85,17,18.3,7.5,0.235,0.4,0.293,0.693,0.165,0.273,0.244,0.403,0.299,0.308,0.301,0.159,0.333,0.345,0.294,0.304,88.9,35.3,8.8,42.6,94.060606765,27.7
"Trivino, Lou",642152,2020,93,83,26,28.0,10.8,0.193,0.325,0.28,0.605,0.132,0.241,0.201,0.377,0.27,0.294,0.287,0.177,0.318,0.358,0.281,0.294,87.7,29.8,1.8,36.8,93.825948929,28.5
"McGee, Jake",459429,2020,79,75,33,41.8,3.8,0.187,0.347,0.218,0.565,0.16,0.3,0.185,0.347,0.24,0.242,0.216,0.162,0.396,0.399,0.333,0.33,92.3,32.6,9.3,48.8,95.224480952,34.2
"Fiers, Mike",571666,2020,257,236,37,14.4,6.2,0.275,0.436,0.331,0.767,0.161,0.293,0.261,0.447,0.332,0.334,0.321,0.187,0.356,0.359,0.325,0.312,88.6,33.5,4.5,33.5,93.424965867,15.6
"Shreve, Chasen",592741,2020,102,89,34,33.3,11.8,0.191,0.371,0.284,0.655,0.18,0.25,0.207,0.342,0.286,0.286,0.299,0.135,0.372,0.373,0.304,0.331,90.8,33.9,10.7,41.1,94.983542963,37.4
"Romo, Sergio",489265,2020,87,76,23,26.4,8.0,0.211,0.368,0.299,0.667,0.157,0.255,0.22,0.373,0.294,0.304,0.311,0.153,0.342,0.359,0.296,0.316,86.6,40.7,9.3,33.3,92.344844259,28.6
"Brubaker, JT",664141,2020,205,183,48,23.4,8.3,0.262,0.426,0.332,0.758,0.164,0.321,0.24,0.402,0.328,0.321,0.317,0.163,0.388,0.378,0.35,0.329,87.1,35.0,5.1,32.8,93.611878444,27.2
"Sheffield, Justus",656954,2020,232,207,48,20.7,8.6,0.251,0.304,0.323,0.627,0.053,0.314,0.256,0.366,0.285,0.312,0.33,0.11,0.31,0.349,0.323,0.332,90.7,29.8,8.1,46.6,94.837836875,19.9
"Cole, A.J.",595918,2020,95,84,20,21.1,9.5,0.226,0.393,0.298,0.691,0.167,0.258,0.19,0.292,0.29,0.243,0.266,0.102,0.335,0.268,0.292,0.246,86.7,22.7,6.1,27.3,92.383220462,27.3
"Morton, Charlie",450203,2020,170,154,42,24.7,5.9,0.279,0.429,0.335,0.764,0.15,0.355,0.238,0.383,0.33,0.304,0.301,0.145,0.405,0.368,0.377,0.327,89.4,36.0,4.4,35.1,93.904053839,24.9
"Ramirez, Noé",598287,2020,85,74,14,16.5,10.6,0.203,0.324,0.294,0.618,0.121,0.22,0.242,0.398,0.266,0.311,0.328,0.156,0.27,0.331,0.246,0.293,87.3,27.9,4.9,39.3,93.847407833,25.2
"Loup, Aaron",571901,2020,96,85,22,22.9,4.2,0.2,0.376,0.258,0.634,0.176,0.23,0.243,0.418,0.273,0.312,0.298,0.175,0.319,0.376,0.266,0.324,86.9,34.8,6.1,33.3,93.599975079,19.4
"Nelson, Nick",656793,2020,90,78,18,20.0,12.2,0.256,0.436,0.344,0.78,0.18,0.281,0.284,0.477,0.338,0.368,0.369,0.193,0.373,0.417,0.328,0.365,88.0,36.1,3.3,32.8,93.39637082,28.1
"Castro, Miguel",612434,2020,115,101,38,33.0,11.3,0.277,0.455,0.365,0.82,0.178,0.407,0.222,0.347,0.357,0.299,0.317,0.125,0.495,0.391,0.444,0.356,91.0,30.2,7.9,46.0,95.059935238,30.9
"Cole, Gerrit",543037,2020,288,269,94,32.6,5.9,0.197,0.405,0.25,0.655,0.208,0.242,0.198,0.381,0.279,0.273,0.251,0.183,0.383,0.376,0.303,0.306,90.4,32.0,12.0,44.6,94.802339591,34.2
"Corbin, Patrick",571578,2020,295,276,60,20.3,6.1,0.308,0.489,0.349,0.838,0.181,0.362,0.288,0.469,0.357,0.343,0.331,0.18,0.429,0.41,0.392,0.367,90.7,32.3,10.1,44.2,94.923821302,23.6
"Ureña, José",570632,2020,104,89,15,14.4,12.5,0.247,0.427,0.356,0.783,0.18,0.257,0.248,0.46,0.344,0.357,0.357,0.212,0.34,0.359,0.297,0.299,90.3,25.7,2.7,40.5,95.246948611,27.5
"Andriese, Matt",542882,2020,126,114,33,26.2,8.7,0.184,0.36,0.262,0.622,0.176,0.211,0.22,0.379,0.271,0.298,0.294,0.159,0.318,0.36,0.259,0.309,89.4,28.4,4.9,35.8,93.704956914,22.5
"Lakins, Travis",664042,2020,116,100,25,21.6,11.2,0.25,0.38,0.345,0.725,0.13,0.311,0.269,0.427,0.321,0.348,0.364,0.158,0.352,0.394,0.329,0.358,89.8,42.1,6.6,42.1,94.213474865,22.5
"Wojciechowski, Asher",592879,2020,168,146,31,18.5,8.9,0.308,0.596,0.367,0.963,0.288,0.315,0.272,0.502,0.399,0.362,0.342,0.23,0.462,0.411,0.378,0.342,88.3,40.3,8.4,33.6,93.300485593,25.6
"Webb, Logan",657277,2020,246,212,46,18.7,9.8,0.288,0.429,0.377,0.806,0.141,0.35,0.28,0.413,0.353,0.347,0.37,0.133,0.387,0.377,0.365,0.355,88.4,34.7,4.8,40.1,93.898096024,22.9
"Stratton, Chris",608717,2020,131,116,39,29.8,9.9,0.224,0.353,0.298,0.651,0.129,0.303,0.221,0.367,0.286,0.294,0.298,0.146,0.359,0.373,0.329,0.329,89.7,26.6,5.1,40.5,93.97970519,35.0
"Minor, Mike",501985,2020,239,217,62,25.9,8.4,0.23,0.415,0.297,0.712,0.185,0.269,0.234,0.436,0.307,0.317,0.301,0.201,0.376,0.392,0.321,0.326,87.5,36.5,4.5,40.4,93.83100891,27.2
"Diekman, Jake",518617,2020,84,70,31,36.9,14.3,0.114,0.157,0.253,0.41,0.043,0.184,0.133,0.245,0.202,0.24,0.27,0.112,0.209,0.291,0.205,0.241,86.0,20.0,5.0,42.5,94.221457368,40.8
"Gonzales, Marco",594835,2020,277,266,64,23.1,2.5,0.222,0.361,0.253,0.614,0.139,0.263,0.243,0.43,0.265,0.301,0.273,0.187,0.324,0.376,0.292,0.322,86.6,36.6,4.5,34.3,93.023268939,19.8
"Díaz, Jairo",545064,2020,106,85,17,16.0,13.2,0.365,0.612,0.462,1.074,0.247,0.409,0.341,0.6,0.449,0.446,0.448,0.259,0.499,0.496,0.443,0.422,89.8,44.4,9.7,40.3,94.460553478,23.5
"Plutko, Adam",592644,2020,116,107,15,12.9,6.0,0.28,0.495,0.33,0.825,0.215,0.287,0.27,0.468,0.352,0.339,0.321,0.198,0.378,0.363,0.326,0.314,88.7,35.5,3.2,33.3,93.523017692,23.3
"Pérez, Martín",527048,2020,262,229,46,17.6,10.7,0.24,0.415,0.33,0.745,0.175,0.267,0.25,0.422,0.325,0.334,0.34,0.172,0.342,0.356,0.299,0.313,86.3,34.6,5.4,29.2,92.55774838,22.1
"Barnes, Matt",598264,2020,102,84,31,30.4,13.7,0.214,0.369,0.337,0.706,0.155,0.28,0.236,0.431,0.312,0.343,0.355,0.195,0.382,0.439,0.333,0.367,91.3,32.7,1.8,45.5,95.42755434,28.6
"Cordero, Jimmy",622772,2020,124,110,22,17.7,7.3,0.3,0.418,0.366,0.784,0.118,0.356,0.29,0.427,0.338,0.349,0.362,0.137,0.379,0.395,0.371,0.366,85.0,38.9,3.3,32.2,92.713954045,21.3
"Anderson, Tyler",542881,2020,260,227,41,15.8,9.6,0.256,0.41,0.336,0.746,0.154,0.288,0.263,0.418,0.325,0.334,0.343,0.156,0.337,0.35,0.307,0.317,86.8,39.5,5.8,31.1,92.692784355,24.5
"Fairbanks, Pete",664126,2020,117,101,39,33.3,12.0,0.228,0.307,0.333,0.64,0.079,0.35,0.199,0.299,0.294,0.281,0.31,0.1,0.374,0.35,0.371,0.327,89.8,30.6,4.8,43.5,93.851307049,37.6
"Mize, Casey",663554,2020,133,115,26,19.5,9.8,0.252,0.478,0.353,0.831,0.226,0.268,0.293,0.547,0.359,0.402,0.389,0.254,0.394,0.457,0.326,0.379,88.6,38.2,5.6,42.7,94.5073625,23.6
"Weber, Ryan",543901,2020,185,166,27,14.6,7.6,0.265,0.476,0.332,0.808,0.211,0.273,0.279,0.461,0.345,0.35,0.345,0.182,0.368,0.375,0.314,0.332,91.1,27.0,7.1,50.4,95.760899424,14.9
"Buttrey, Ty",621142,2020,112,99,18,16.1,8.0,0.283,0.495,0.342,0.837,0.212,0.304,0.269,0.449,0.344,0.324,0.33,0.181,0.389,0.362,0.337,0.321,90.1,34.5,7.1,41.7,94.340379639,20.0
"Loáisiga, Jonathan",642528,2020,100,87,22,22.0,7.0,0.241,0.414,0.327,0.741,0.173,0.29,0.25,0.401,0.32,0.323,0.334,0.151,0.369,0.372,0.323,0.335,84.6,31.8,4.5,27.3,92.386108462,23.1
"Maton, Phil",664208,2020,96,86,32,33.3,6.3,0.267,0.372,0.344,0.716,0.105,0.415,0.205,0.27,0.314,0.254,0.288,0.065,0.434,0.328,0.426,0.326,82.7,33.3,5.6,27.8,91.866402593,36.9
"Turley, Nik",543867,2020,92,75,20,21.7,12.0,0.173,0.293,0.293,0.586,0.12,0.211,0.212,0.337,0.262,0.298,0.329,0.126,0.253,0.309,0.224,0.279,89.1,29.3,8.6,34.5,93.374907273,25.8
"Estévez, Carlos",608032,2020,116,104,27,23.3,7.8,0.317,0.615,0.388,1.003,0.298,0.38,0.287,0.495,0.42,0.37,0.361,0.208,0.522,0.447,0.429,0.388,91.8,44.2,6.5,46.8,95.195431558,25.1
"Kuhl, Chad",641771,2020,197,165,44,22.3,14.2,0.212,0.394,0.333,0.727,0.182,0.239,0.27,0.506,0.322,0.385,0.382,0.237,0.345,0.446,0.289,0.368,89.5,33.6,3.3,39.3,94.600981849,27.2
"Heuer, Codi",676051,2020,92,83,25,27.2,9.8,0.145,0.205,0.228,0.433,0.06,0.193,0.215,0.32,0.203,0.277,0.292,0.105,0.214,0.33,0.207,0.307,88.1,25.9,5.2,41.4,94.273965172,33.9
"Richards, Garrett",572070,2020,213,193,46,21.6,8.0,0.244,0.415,0.31,0.725,0.171,0.284,0.246,0.445,0.313,0.327,0.313,0.199,0.361,0.381,0.318,0.322,89.8,37.2,7.4,35.1,93.78769226,26.1
"Kershaw, Clayton",477132,2020,221,211,62,28.1,3.6,0.194,0.365,0.226,0.591,0.171,0.232,0.215,0.383,0.251,0.271,0.246,0.168,0.328,0.357,0.273,0.303,87.8,29.3,6.7,34.0,93.625258243,27.8
"Matz, Steven",571927,2020,142,130,36,25.4,7.0,0.323,0.7,0.369,1.069,0.377,0.346,0.304,0.577,0.439,0.392,0.353,0.273,0.578,0.509,0.442,0.419,91.5,42.7,5.2,49.0,95.256366489,23.4
"Ramírez, Yohan",670990,2020,94,69,26,27.7,21.3,0.13,0.275,0.351,0.626,0.145,0.146,0.149,0.279,0.299,0.314,0.37,0.13,0.263,0.297,0.205,0.245,86.6,31.8,6.8,29.5,92.386112273,29.9
"Scherzer, Max",453286,2020,295,269,92,31.2,7.8,0.26,0.424,0.319,0.743,0.164,0.355,0.252,0.431,0.319,0.321,0.312,0.179,0.434,0.44,0.391,0.382,88.5,41.9,5.6,36.3,94.048872832,32.5
"Karinchak, James",675916,2020,109,88,53,48.6,14.7,0.159,0.227,0.278,0.505,0.068,0.342,0.13,0.196,0.233,0.23,0.269,0.066,0.371,0.362,0.359,0.336,87.7,40.0,10.0,35.0,93.654542051,45.3
"Staumont, Josh",622251,2020,112,93,37,33.0,14.3,0.215,0.29,0.348,0.638,0.075,0.333,0.197,0.322,0.3,0.303,0.335,0.125,0.361,0.369,0.357,0.33,94.4,35.7,8.9,50.0,96.021236364,36.7
"Bard, Daniel",453268,2020,106,93,27,25.5,9.4,0.237,0.344,0.33,0.674,0.107,0.313,0.23,0.371,0.296,0.306,0.325,0.141,0.349,0.365,0.333,0.326,90.1,31.8,6.1,47.0,94.382261692,28.6
"Eovaldi, Nathan",543135,2020,199,187,52,26.1,3.5,0.273,0.476,0.313,0.789,0.203,0.339,0.254,0.43,0.336,0.314,0.295,0.176,0.435,0.403,0.378,0.352,90.1,31.6,4.4,39.7,94.391919924,28.1
"Raley, Brooks",548384,2020,84,73,27,32.1,7.1,0.178,0.356,0.277,0.633,0.178,0.233,0.178,0.325,0.281,0.273,0.277,0.147,0.352,0.338,0.283,0.282,81.7,29.8,2.1,21.3,91.577878478,31.7
"Alzolay, Adbert",640470,2020,87,71,29,33.3,14.9,0.169,0.268,0.299,0.567,0.099,0.256,0.183,0.278,0.263,0.286,0.319,0.095,0.297,0.343,0.273,0.313,89.2,36.4,9.1,38.6,94.167777727,27.5
"Castillo, Diego",650895,2020,89,77,23,25.8,12.4,0.156,0.312,0.27,0.582,0.156,0.176,0.177,0.274,0.262,0.262,0.288,0.097,0.277,0.276,0.222,0.252,84.4,25.9,5.6,27.8,92.082226415,38.0
"Bubic, Kris",663460,2020,222,198,49,22.1,9.9,0.263,0.434,0.342,0.776,0.171,0.312,0.271,0.452,0.336,0.349,0.35,0.18,0.39,0.409,0.349,0.361,87.1,35.6,4.7,36.2,93.665279658,24.6
"Treinen, Blake",595014,2020,107,96,22,20.6,7.5,0.24,0.313,0.308,0.621,0.073,0.297,0.237,0.306,0.275,0.276,0.306,0.069,0.304,0.305,0.307,0.303,84.8,22.7,5.3,32.0,93.087776,22.8
"Shoemaker, Matt",533167,2020,115,105,26,22.6,7.8,0.21,0.467,0.272,0.739,0.257,0.197,0.246,0.49,0.312,0.341,0.306,0.244,0.37,0.412,0.278,0.328,87.7,35.0,7.5,38.8,93.58336519,28.1
"Bassitt, Chris",605135,2020,261,240,55,21.1,6.5,0.233,0.371,0.288,0.659,0.138,0.278,0.241,0.39,0.287,0.301,0.296,0.149,0.33,0.349,0.301,0.312,88.2,28.9,6.4,37.4,93.869726848,23.0
"Dolis, Rafael",503569,2020,100,83,31,31.0,14.0,0.193,0.277,0.316,0.593,0.084,0.294,0.172,0.312,0.277,0.281,0.3,0.14,0.32,0.329,0.308,0.276,85.4,24.1,5.6,27.8,92.382584694,30.1
"Montgomery, Jordan",656756,2020,193,181,47,24.4,4.7,0.265,0.442,0.307,0.749,0.177,0.323,0.249,0.404,0.321,0.304,0.293,0.154,0.402,0.378,0.358,0.338,84.6,33.6,6.7,29.9,92.997012576,28.2
"Clarke, Taylor",664199,2020,183,161,40,21.9,11.5,0.217,0.422,0.306,0.728,0.205,0.237,0.242,0.46,0.31,0.337,0.329,0.219,0.351,0.392,0.287,0.321,89.8,32.0,4.1,39.3,94.126438833,22.3
"Duffy, Danny",518633,2020,242,213,57,23.6,9.1,0.249,0.437,0.32,0.757,0.188,0.287,0.248,0.441,0.324,0.331,0.322,0.194,0.383,0.394,0.331,0.335,88.7,32.9,6.8,36.0,93.989484013,25.6
"Springs, Jeffrey",605488,2020,99,90,28,28.3,7.1,0.333,0.589,0.384,0.973,0.256,0.431,0.271,0.491,0.405,0.345,0.327,0.221,0.552,0.459,0.476,0.387,86.5,41.3,1.6,36.5,93.670309355,37.6
"Misiewicz, Anthony",664948,2020,83,76,25,30.1,7.2,0.263,0.421,0.325,0.746,0.158,0.367,0.242,0.356,0.32,0.29,0.308,0.113,0.431,0.387,0.392,0.366,89.5,39.2,9.8,41.2,94.327625833,31.6
"Lamet, Dinelson",659275,2020,267,242,93,34.8,7.5,0.161,0.26,0.236,0.496,0.099,0.234,0.186,0.317,0.225,0.259,0.26,0.13,0.287,0.348,0.26,0.304,88.7,34.7,8.0,40.0,94.21267604,32.7
"Scott, Tanner",656945,2020,86,73,23,26.7,11.6,0.164,0.233,0.291,0.524,0.069,0.224,0.203,0.297,0.251,0.29,0.323,0.094,0.248,0.315,0.24,0.296,85.1,28.0,4.0,30.0,92.7509018,35.9
"Burnes, Corbin",669203,2020,240,213,88,36.7,10.0,0.174,0.249,0.267,0.516,0.075,0.285,0.19,0.321,0.239,0.273,0.281,0.131,0.307,0.372,0.296,0.324,86.9,31.2,7.2,34.4,93.25455616,34.7
"Dunning, Dane",641540,2020,142,127,35,24.6,9.2,0.197,0.315,0.282,0.597,0.118,0.239,0.224,0.351,0.268,0.295,0.306,0.127,0.299,0.34,0.272,0.309,87.8,29.3,4.3,32.6,93.509046044,27.6
"Carrasco, Carlos",471911,2020,280,249,82,29.3,9.6,0.221,0.361,0.301,0.662,0.14,0.294,0.221,0.367,0.292,0.3,0.304,0.146,0.364,0.377,0.327,0.332,88.0,35.5,6.5,34.9,93.634904277,32.8
"Colomé, Alex",517008,2020,90,80,16,17.8,8.9,0.163,0.212,0.247,0.459,0.049,0.203,0.212,0.295,0.216,0.268,0.292,0.083,0.201,0.274,0.203,0.265,87.4,29.7,9.4,32.8,93.619203016,30.9
"Lindblom, Josh",458676,2020,191,172,52,27.2,8.4,0.244,0.413,0.319,0.732,0.169,0.316,0.244,0.378,0.319,0.309,0.319,0.134,0.396,0.381,0.35,0.35,87.8,44.2,3.3,32.5,92.867144118,29.5
"Ynoa, Huascar",660623,2020,100,83,17,17.0,13.0,0.277,0.422,0.38,0.802,0.145,0.318,0.273,0.421,0.348,0.355,0.382,0.148,0.362,0.372,0.338,0.341,87.8,33.8,4.4,38.2,93.215002059,25.4
"Hill, Rich",448179,2020,156,137,31,19.9,10.9,0.204,0.307,0.295,0.602,0.103,0.24,0.256,0.446,0.272,0.341,0.34,0.19,0.278,0.38,0.262,0.328,86.8,34.6,3.7,29.9,93.039661887,15.9
"Godley, Zack",643327,2020,143,125,28,19.6,9.8,0.336,0.624,0.413,1.037,0.288,0.371,0.289,0.529,0.434,0.386,0.373,0.24,0.511,0.442,0.429,0.37,88.9,34.7,5.1,41.8,94.17899134,25.6
"Yardley, Eric",642233,2020,97,85,19,19.6,10.3,0.224,0.353,0.309,0.662,0.129,0.262,0.224,0.358,0.293,0.3,0.31,0.134,0.31,0.319,0.284,0.285,88.5,22.4,3.0,38.8,93.831221364,18.9
"Flaherty, Jack",656427,2020,170,149,49,28.8,9.4,0.221,0.369,0.308,0.677,0.148,0.284,0.261,0.432,0.299,0.341,0.344,0.171,0.368,0.438,0.327,0.388,87.7,37.3,8.8,32.4,93.08048297,34.4
"Soria, Joakim",465657,2020,96,83,24,25.0,10.4,0.217,0.289,0.292,0.581,0.072,0.279,0.201,0.314,0.247,0.256,0.285,0.113,0.291,0.306,0.29,0.281,88.0,32.3,9.7,33.9,92.80770871,23.5
"Rosenthal, Trevor",572096,2020,91,81,38,41.8,8.8,0.148,0.296,0.231,0.527,0.148,0.238,0.131,0.262,0.233,0.217,0.216,0.131,0.338,0.304,0.273,0.241,90.5,20.5,6.8,40.9,94.271716744,38.1
"López, Pablo",641154,2020,240,217,59,24.6,7.5,0.23,0.346,0.292,0.638,0.116,0.293,0.216,0.337,0.278,0.275,0.282,0.122,0.33,0.326,0.311,0.296,85.7,31.1,5.0,32.3,92.8843835,26.6
"Gibson, Kyle",502043,2020,301,265,58,19.3,10.0,0.275,0.46,0.362,0.822,0.185,0.313,0.283,0.452,0.356,0.36,0.369,0.168,0.397,0.403,0.353,0.363,88.2,33.3,4.8,39.6,93.881787171,23.3
"Martinez, Carlos",593372,2020,104,91,17,16.3,9.6,0.352,0.637,0.408,1.045,0.285,0.371,0.298,0.51,0.428,0.37,0.365,0.212,0.495,0.419,0.421,0.364,88.5,31.6,5.3,44.7,94.763601733,19.6
"Sulser, Cole",642121,2020,100,81,19,19.0,17.0,0.21,0.358,0.347,0.705,0.148,0.25,0.218,0.371,0.314,0.325,0.354,0.153,0.311,0.328,0.274,0.285,86.9,34.4,3.1,31.3,92.699215082,30.2
"Bundy, Dylan",605164,2020,267,245,72,27.0,6.4,0.208,0.343,0.271,0.614,0.135,0.274,0.215,0.333,0.268,0.27,0.277,0.119,0.328,0.333,0.295,0.304,87.0,30.6,5.8,32.9,93.090558935,29.3
"Finnegan, Kyle",640448,2020,107,93,27,25.2,12.1,0.226,0.312,0.327,0.639,0.086,0.297,0.221,0.352,0.276,0.291,0.325,0.13,0.325,0.349,0.318,0.315,87.8,33.3,3.0,28.8,92.989871746,28.3
"Gray, Jon",592351,2020,174,160,22,12.6,6.3,0.281,0.481,0.333,0.814,0.2,0.293,0.295,0.494,0.347,0.362,0.348,0.199,0.368,0.388,0.324,0.343,90.3,38.1,7.9,46.0,94.375783165,22.0
"Toussaint, Touki",657053,2020,120,98,30,25.0,13.3,0.276,0.551,0.403,0.954,0.275,0.328,0.261,0.51,0.407,0.391,0.392,0.249,0.494,0.467,0.397,0.377,89.2,37.7,5.8,39.1,95.070951642,31.9
"Cease, Dylan",656302,2020,255,214,44,17.3,13.3,0.234,0.477,0.35,0.827,0.243,0.239,0.279,0.513,0.354,0.389,0.389,0.234,0.368,0.419,0.292,0.35,89.8,36.8,7.6,40.9,94.561858059,25.3
"Ray, Robbie",592662,2020,251,203,68,27.1,17.9,0.261,0.522,0.394,0.916,0.261,0.323,0.253,0.487,0.39,0.379,0.389,0.233,0.482,0.461,0.387,0.377,91.6,38.0,10.9,46.0,95.147485294,33.1
"Eshelman, Thomas",664045,2020,144,131,16,11.1,6.9,0.26,0.504,0.313,0.817,0.244,0.245,0.299,0.539,0.342,0.376,0.35,0.241,0.355,0.398,0.291,0.336,88.5,38.5,6.0,35.0,93.732215172,17.3
"Jackson, Luke",592426,2020,132,113,20,15.2,9.8,0.345,0.442,0.409,0.851,0.097,0.389,0.277,0.369,0.371,0.328,0.358,0.093,0.396,0.338,0.402,0.332,89.9,22.7,3.1,37.1,94.357579479,23.1
"Gray, Sonny",543243,2020,235,207,72,30.6,11.1,0.203,0.309,0.298,0.607,0.106,0.29,0.235,0.345,0.275,0.303,0.326,0.11,0.333,0.383,0.311,0.361,86.8,37.0,5.9,32.6,92.969396343,29.7
"Nola, Aaron",605400,2020,289,263,96,33.2,8.0,0.205,0.354,0.273,0.627,0.149,0.283,0.222,0.354,0.272,0.283,0.289,0.132,0.368,0.388,0.321,0.348,88.3,34.5,6.0,38.1,93.982298795,31.2
"Fleming, Josh",676596,2020,130,122,25,19.2,5.4,0.23,0.393,0.277,0.67,0.163,0.25,0.228,0.357,0.289,0.28,0.275,0.129,0.329,0.318,0.289,0.287,86.0,18.6,4.1,34.0,93.400370521,20.9
"Teheran, Julio",527054,2020,149,128,20,13.4,10.7,0.305,0.641,0.383,1.024,0.336,0.273,0.319,0.627,0.421,0.429,0.398,0.308,0.451,0.462,0.351,0.372,89.0,42.3,5.4,38.7,93.91657156,14.6
"Plesac, Zach",668676,2020,206,199,57,27.7,2.9,0.191,0.347,0.218,0.565,0.156,0.224,0.229,0.412,0.241,0.285,0.255,0.184,0.315,0.379,0.268,0.321,87.8,31.7,4.2,33.1,93.131533786,29.8
"Sandoval, Patrick",663776,2020,159,147,33,20.8,7.5,0.252,0.51,0.308,0.818,0.258,0.26,0.272,0.485,0.345,0.35,0.327,0.214,0.408,0.415,0.325,0.351,88.1,28.9,7.9,47.4,94.211947522,27.5
"Snell, Blake",605483,2020,203,184,63,31.0,8.9,0.228,0.429,0.297,0.726,0.201,0.288,0.232,0.406,0.312,0.309,0.301,0.174,0.418,0.413,0.347,0.353,87.8,35.2,4.1,36.9,93.60301225,33.7
"Gomber, Austin",596295,2020,119,100,27,22.7,12.6,0.19,0.26,0.303,0.563,0.07,0.243,0.235,0.329,0.262,0.309,0.344,0.094,0.257,0.331,0.253,0.319,90.0,36.0,5.3,33.3,93.554196486,26.5
"Suter, Brent",608718,2020,129,123,38,29.5,3.9,0.244,0.366,0.279,0.645,0.122,0.321,0.219,0.346,0.28,0.265,0.256,0.127,0.376,0.354,0.353,0.32,84.5,30.6,5.9,30.6,93.031964458,31.1
"Hernández, Jonathan",642546,2020,125,110,31,24.8,6.4,0.218,0.327,0.29,0.617,0.109,0.278,0.19,0.291,0.274,0.252,0.266,0.101,0.314,0.281,0.296,0.259,87.6,18.3,4.9,37.8,93.338295556,33.6
"Johnson, Pierce",572955,2020,80,70,27,33.8,11.3,0.214,0.343,0.3,0.643,0.129,0.31,0.224,0.36,0.285,0.299,0.311,0.136,0.375,0.4,0.341,0.36,89.1,40.9,4.5,38.6,93.966071591,40.0
"Rogers, Taylor",573124,2020,91,86,24,26.4,4.4,0.302,0.465,0.341,0.806,0.163,0.4,0.245,0.385,0.346,0.293,0.286,0.14,0.451,0.374,0.419,0.34,89.5,32.3,3.2,41.9,94.503372097,23.6
"Underwood Jr., Duane",621249,2020,88,80,27,30.7,6.8,0.313,0.575,0.364,0.939,0.262,0.408,0.251,0.459,0.39,0.324,0.309,0.208,0.55,0.443,0.463,0.374,92.0,42.6,9.3,46.3,94.640612963,36.2
"Vincent, Nick",543883,2020,92,85,17,18.5,6.5,0.271,0.518,0.326,0.844,0.247,0.286,0.288,0.538,0.357,0.373,0.342,0.25,0.411,0.433,0.338,0.36,90.5,38.2,8.8,47.1,95.4042625,21.1
"Peña, Félix",570240,2020,115,106,29,25.2,7.0,0.255,0.358,0.313,0.671,0.103,0.333,0.236,0.353,0.297,0.29,0.296,0.117,0.361,0.352,0.351,0.326,88.3,29.9,3.9,31.2,93.031990789,27.5
"Thompson, Ryan",657044,2020,114,106,23,20.2,7.0,0.274,0.425,0.325,0.75,0.151,0.316,0.23,0.342,0.324,0.278,0.284,0.112,0.378,0.315,0.349,0.294,87.1,28.9,3.6,41.0,93.87716747,22.1
"Paredes, Enoli",660600,2020,90,76,20,22.2,12.2,0.237,0.329,0.337,0.666,0.092,0.304,0.285,0.409,0.301,0.359,0.384,0.124,0.322,0.413,0.316,0.388,89.4,39.7,6.9,37.9,94.600267719,32.3
"Dobnak, Randy",677976,2020,200,180,27,13.5,6.5,0.278,0.367,0.338,0.705,0.089,0.311,0.261,0.377,0.313,0.311,0.324,0.117,0.324,0.323,0.325,0.306,87.8,26.6,3.9,40.9,94.450353356,20.7
"Darvish, Yu",506433,2020,297,280,93,31.3,4.7,0.211,0.321,0.253,0.574,0.11,0.297,0.227,0.346,0.25,0.269,0.269,0.118,0.338,0.369,0.316,0.341,88.7,36.9,5.3,34.2,93.49421,32.1
"Weaver, Luke",596133,2020,236,216,55,23.3,7.6,0.292,0.523,0.347,0.87,0.231,0.349,0.252,0.463,0.368,0.332,0.311,0.211,0.454,0.402,0.389,0.336,89.8,36.4,10.5,42.0,94.356294875,24.8
"Anderson, Brett",474463,2020,202,185,32,15.8,5.0,0.27,0.454,0.317,0.771,0.184,0.293,0.274,0.447,0.328,0.333,0.323,0.173,0.361,0.369,0.321,0.328,89.1,31.4,7.7,48.1,94.78777513,19.5
"May, Trevor",543507,2020,96,88,38,39.6,7.3,0.227,0.398,0.281,0.679,0.171,0.326,0.201,0.394,0.292,0.286,0.264,0.193,0.454,0.442,0.392,0.359,91.1,43.1,5.9,39.2,94.619235882,42.8
"Alcantara, Sandy",645261,2020,172,155,39,22.7,8.7,0.226,0.355,0.298,0.653,0.129,0.277,0.243,0.386,0.288,0.309,0.314,0.143,0.329,0.359,0.302,0.324,88.3,32.5,3.4,38.5,93.65474431,24.0
"Kikuchi, Yusei",579328,2020,194,172,47,24.2,10.3,0.238,0.366,0.314,0.68,0.128,0.306,0.227,0.319,0.299,0.282,0.305,0.092,0.347,0.321,0.323,0.309,89.4,29.1,2.4,36.2,94.18261,29.7
"Brasier, Ryan",518489,2020,110,98,30,27.3,10.0,0.245,0.378,0.318,0.696,0.133,0.328,0.247,0.399,0.301,0.313,0.322,0.151,0.375,0.393,0.348,0.354,91.1,44.9,5.8,44.9,95.098431304,34.1
"Wacha, Michael",608379,2020,156,147,37,23.7,4.5,0.313,0.599,0.353,0.952,0.286,0.366,0.258,0.456,0.398,0.326,0.301,0.198,0.507,0.405,0.418,0.345,87.9,38.2,8.2,43.6,94.394045888,24.8
"Norris, Daniel",596057,2020,116,108,28,24.1,6.0,0.231,0.361,0.278,0.639,0.13,0.295,0.23,0.409,0.278,0.296,0.278,0.179,0.339,0.365,0.313,0.312,90.6,28.7,6.3,45.0,94.806492692,27.6
"Smyly, Drew",592767,2020,111,101,42,37.8,8.1,0.198,0.297,0.261,0.558,0.099,0.31,0.219,0.379,0.248,0.294,0.286,0.16,0.354,0.442,0.333,0.381,90.6,41.7,6.7,45.0,94.369069153,34.5
"Suero, Wander",593833,2020,102,88,28,27.5,9.8,0.227,0.318,0.324,0.642,0.091,0.317,0.22,0.372,0.283,0.301,0.319,0.152,0.336,0.366,0.328,0.32,88.6,34.4,3.3,27.9,93.1358245,32.5
"Sims, Lucas",608371,2020,104,89,34,32.7,11.5,0.146,0.292,0.269,0.561,0.146,0.192,0.133,0.209,0.257,0.228,0.259,0.076,0.294,0.24,0.236,0.217,87.3,20.0,5.5,34.5,93.009383148,35.0
"López, Reynaldo",625643,2020,121,104,24,19.8,12.4,0.269,0.577,0.367,0.944,0.308,0.268,0.253,0.515,0.396,0.371,0.352,0.262,0.454,0.417,0.35,0.329,91.1,32.1,8.6,43.2,94.900956795,21.9
"Sánchez, Aníbal",434671,2020,245,224,43,17.6,7.3,0.313,0.536,0.371,0.907,0.223,0.347,0.283,0.478,0.383,0.353,0.345,0.195,0.441,0.4,0.387,0.351,88.9,37.6,5.5,37.6,93.882949553,23.6
"Allard, Kolby",663465,2020,152,130,32,21.1,13.2,0.238,0.392,0.342,0.734,0.154,0.284,0.236,0.409,0.324,0.332,0.341,0.173,0.349,0.362,0.313,0.312,89.1,35.4,4.0,38.4,93.695382755,23.1
"Civale, Aaron",650644,2020,312,291,69,22.1,5.1,0.282,0.474,0.324,0.798,0.192,0.333,0.265,0.436,0.339,0.322,0.309,0.171,0.413,0.389,0.366,0.346,87.1,36.6,6.3,33.5,93.101253964,24.9
"Curtiss, John",595928,2020,99,94,25,25.3,3.0,0.223,0.351,0.263,0.614,0.128,0.273,0.236,0.405,0.267,0.293,0.275,0.169,0.332,0.37,0.304,0.323,92.0,33.3,5.8,42.0,94.727254559,24.4
"Neris, Héctor",593576,2020,103,90,27,26.2,12.6,0.267,0.311,0.359,0.67,0.044,0.381,0.238,0.348,0.3,0.302,0.335,0.11,0.358,0.364,0.381,0.342,89.3,34.9,3.2,39.7,93.73716459,38.7
"Fry, Paul",643316,2020,98,88,29,29.6,9.2,0.25,0.398,0.327,0.725,0.148,0.339,0.184,0.277,0.318,0.251,0.269,0.094,0.409,0.3,0.373,0.277,88.6,23.7,1.7,33.9,93.443574912,29.2
"Jiménez, Joe",641729,2020,101,88,22,21.8,5.9,0.284,0.58,0.356,0.936,0.296,0.295,0.274,0.517,0.39,0.376,0.355,0.243,0.463,0.444,0.368,0.365,92.1,38.2,10.3,50.0,94.989268955,26.4
"Castillo, Luis",622491,2020,292,266,89,30.5,8.2,0.233,0.365,0.298,0.663,0.132,0.329,0.209,0.313,0.29,0.266,0.277,0.104,0.378,0.338,0.348,0.313,86.0,28.7,6.7,37.1,93.916524915,32.8
"McFarland, T.J.",519008,2020,92,86,9,9.8,5.4,0.302,0.547,0.348,0.895,0.245,0.292,0.295,0.507,0.378,0.366,0.342,0.212,0.397,0.382,0.338,0.331,90.8,27.3,3.9,42.9,95.0378824,16.2
"Crichton, Stefan",592233,2020,109,96,23,21.1,8.3,0.229,0.344,0.321,0.665,0.115,0.292,0.257,0.351,0.283,0.302,0.346,0.094,0.32,0.347,0.301,0.339,89.0,32.9,5.5,39.7,93.515925278,22.1
"Oviedo, Johan",670912,2020,112,95,16,14.3,8.9,0.253,0.432,0.348,0.78,0.179,0.269,0.303,0.533,0.338,0.396,0.392,0.23,0.337,0.416,0.296,0.357,91.8,35.8,11.1,51.9,95.814703333,21.5
"Garcia, Bryan",650530,2020,93,81,12,12.9,10.8,0.222,0.247,0.312,0.559,0.025,0.257,0.269,0.35,0.261,0.317,0.353,0.082,0.237,0.311,0.257,0.311,86.4,27.1,4.3,37.1,93.714170882,20.1
"Matzek, Tyler",554431,2020,121,109,43,35.5,8.3,0.211,0.284,0.289,0.573,0.073,0.338,0.18,0.271,0.261,0.244,0.261,0.091,0.351,0.319,0.348,0.297,86.7,27.3,1.5,25.8,92.485830923,27.5
"Cabrera, Génesis",650893,2020,96,76,32,33.3,16.7,0.132,0.276,0.313,0.589,0.144,0.171,0.186,0.373,0.28,0.333,0.356,0.187,0.292,0.406,0.227,0.322,84.0,40.9,13.6,31.8,92.682076591,39.8
"Gonzalez, Gio",461829,2020,153,131,34,22.2,12.4,0.305,0.473,0.401,0.874,0.168,0.374,0.275,0.426,0.382,0.356,0.375,0.152,0.446,0.406,0.412,0.372,86.3,39.2,8.2,33.0,92.833782813,32.4
"Kintzler, Brandon",445213,2020,101,89,14,13.9,10.9,0.236,0.393,0.317,0.71,0.157,0.247,0.258,0.424,0.298,0.325,0.338,0.166,0.311,0.346,0.276,0.305,86.6,31.6,1.3,34.2,93.041676667,15.2
"Lorenzen, Michael",547179,2020,147,127,35,23.8,11.6,0.236,0.362,0.329,0.691,0.126,0.3,0.206,0.315,0.304,0.278,0.303,0.109,0.346,0.306,0.323,0.282,84.4,28.7,1.1,26.6,92.038004301,35.2
"Hendricks, Kyle",543294,2020,315,304,64,20.3,2.5,0.24,0.372,0.26,0.632,0.132,0.272,0.236,0.382,0.269,0.273,0.257,0.146,0.326,0.332,0.302,0.297,86.1,34.3,5.0,32.0,92.680787573,24.9
"Hoffman, Jeff",656546,2020,104,91,20,19.2,8.7,0.352,0.571,0.413,0.984,0.219,0.414,0.299,0.497,0.412,0.367,0.367,0.199,0.485,0.422,0.438,0.372,92.3,34.2,12.3,53.4,95.6939525,22.2
"Scrubb, Andre",668687,2020,102,79,24,23.5,19.6,0.19,0.241,0.347,0.588,0.051,0.25,0.191,0.292,0.28,0.302,0.354,0.101,0.258,0.297,0.263,0.273,87.3,32.8,5.2,22.4,92.104807455,24.6
"Young, Alex",622065,2020,204,184,39,19.1,6.9,0.277,0.549,0.324,0.873,0.272,0.288,0.289,0.551,0.361,0.378,0.34,0.261,0.42,0.444,0.34,0.363,90.0,41.3,7.3,40.7,94.424558792,24.4
"Castano, Daniel",641447,2020,126,114,12,9.5,8.7,0.263,0.404,0.325,0.729,0.141,0.27,0.292,0.459,0.317,0.351,0.352,0.167,0.313,0.355,0.291,0.324,89.4,29.1,5.8,37.9,94.243130891,19.7
"Castellani, Ryan",624418,2020,189,157,25,13.2,13.8,0.236,0.522,0.36,0.882,0.286,0.207,0.292,0.54,0.374,0.406,0.406,0.249,0.368,0.414,0.278,0.344,90.9,35.3,9.0,45.1,94.716761128,24.9
"Pineda, Michael",501381,2020,111,101,25,22.5,6.3,0.248,0.307,0.297,0.604,0.059,0.321,0.23,0.336,0.269,0.283,0.286,0.106,0.31,0.331,0.321,0.305,86.0,30.8,2.6,32.1,92.929706974,29.0
"LeBlanc, Wade",453281,2020,103,92,13,12.6,7.8,0.293,0.533,0.35,0.883,0.24,0.28,0.256,0.415,0.37,0.323,0.322,0.159,0.393,0.332,0.333,0.299,86.1,38.3,7.4,29.6,92.5179055,24.6
"Roark, Tanner",543699,2020,220,194,41,18.6,10.5,0.309,0.613,0.386,0.999,0.304,0.329,0.28,0.544,0.417,0.383,0.361,0.265,0.482,0.433,0.39,0.353,89.2,36.4,7.8,42.9,94.365690395,26.6
"Foster, Matt",641582,2020,109,99,31,28.4,8.3,0.162,0.273,0.231,0.504,0.111,0.212,0.241,0.449,0.226,0.324,0.304,0.208,0.266,0.422,0.235,0.351,87.2,44.9,7.2,39.1,93.552790746,30.3
"Kelly, Merrill",518876,2020,125,119,29,23.2,4.0,0.218,0.395,0.256,0.651,0.177,0.247,0.244,0.436,0.275,0.304,0.281,0.192,0.34,0.381,0.289,0.325,88.5,36.7,6.7,40.0,94.35112625,23.5
"Díaz, Edwin",621242,2020,109,94,50,45.9,11.9,0.191,0.287,0.303,0.59,0.096,0.381,0.157,0.235,0.272,0.242,0.273,0.078,0.435,0.36,0.409,0.334,86.6,38.6,6.8,38.6,92.910569773,47.8
"Kay, Anthony",641743,2020,98,82,22,22.4,14.3,0.268,0.5,0.367,0.867,0.232,0.322,0.267,0.465,0.364,0.358,0.369,0.198,0.423,0.416,0.355,0.358,88.7,35.5,4.8,37.1,94.051093167,26.1
"Almonte, Yency",622075,2020,113,103,23,20.4,5.3,0.243,0.369,0.301,0.67,0.126,0.291,0.227,0.378,0.293,0.291,0.287,0.151,0.33,0.328,0.309,0.289,87.6,22.2,6.2,29.6,92.974334375,27.9
"Freeland, Kyle",607536,2020,304,277,46,15.1,7.6,0.278,0.433,0.339,0.772,0.155,0.305,0.283,0.436,0.335,0.343,0.346,0.152,0.36,0.371,0.332,0.341,87.3,31.9,5.2,35.8,93.455217035,20.5
"Familia, Jeurys",544727,2020,120,98,23,19.2,15.8,0.204,0.337,0.35,0.687,0.133,0.247,0.225,0.35,0.308,0.324,0.367,0.125,0.298,0.322,0.267,0.294,85.9,25.3,4.0,30.7,93.0549868,27.5
"Cody, Kyle",621129,2020,92,79,18,19.6,14.1,0.19,0.278,0.304,0.582,0.088,0.233,0.196,0.307,0.27,0.284,0.31,0.111,0.258,0.279,0.246,0.254,88.9,24.6,9.8,34.4,93.603630328,21.2
"Greene, Shane",572888,2020,109,96,21,19.3,8.3,0.229,0.333,0.306,0.639,0.104,0.27,0.221,0.344,0.281,0.289,0.304,0.124,0.303,0.314,0.289,0.287,87.9,28.6,1.3,33.8,93.592546133,20.4
"García, Deivi",665620,2020,146,138,33,22.6,4.1,0.254,0.42,0.29,0.71,0.166,0.293,0.275,0.459,0.305,0.33,0.31,0.184,0.374,0.41,0.333,0.362,89.4,35.8,6.6,39.6,94.435267885,22.7
"Bieber, Shane",669456,2020,297,275,122,41.1,7.1,0.167,0.265,0.229,0.494,0.098,0.267,0.185,0.319,0.222,0.251,0.247,0.134,0.329,0.391,0.301,0.338,89.3,26.1,3.3,43.1,94.655112703,40.7
"Webb, Tyler",643778,2020,87,78,19,21.8,8.0,0.218,0.321,0.279,0.6,0.103,0.259,0.236,0.39,0.265,0.304,0.298,0.154,0.298,0.354,0.283,0.311,85.7,36.1,9.8,36.1,92.634957,25.0
"Williams, Trevor",592866,2020,252,223,49,19.4,8.3,0.296,0.543,0.363,0.906,0.247,0.315,0.262,0.446,0.382,0.342,0.336,0.183,0.442,0.386,0.373,0.336,87.2,33.7,9.6,36.0,93.408938621,24.1
"Bielak, Brandon",656232,2020,148,128,26,17.6,11.5,0.305,0.578,0.395,0.973,0.273,0.323,0.294,0.54,0.411,0.397,0.386,0.247,0.462,0.442,0.382,0.369,87.7,35.9,12.6,39.8,94.006820792,27.4
"Gallen, Zac",668678,2020,291,262,82,28.2,8.6,0.21,0.336,0.284,0.62,0.126,0.269,0.225,0.369,0.275,0.295,0.298,0.144,0.336,0.37,0.306,0.329,87.0,33.7,1.1,32.6,93.139621469,30.2
"Brault, Steven",643230,2020,178,149,38,21.3,12.4,0.195,0.248,0.315,0.563,0.053,0.243,0.228,0.355,0.267,0.32,0.345,0.126,0.252,0.335,0.257,0.304,85.8,31.9,8.0,32.7,92.740002091,23.9
"Ryu, Hyun Jin",547943,2020,275,256,72,26.2,6.2,0.234,0.352,0.285,0.637,0.118,0.303,0.232,0.334,0.279,0.274,0.283,0.101,0.347,0.34,0.326,0.325,87.0,32.4,4.3,29.2,92.768601899,26.2
"Mahle, Tyler",641816,2020,201,172,60,29.9,10.4,0.198,0.372,0.294,0.666,0.174,0.255,0.188,0.344,0.29,0.283,0.287,0.156,0.351,0.339,0.293,0.283,87.4,33.6,8.6,39.7,93.353811121,33.7
"Cahill, Trevor",502239,2020,105,87,31,29.5,12.4,0.184,0.333,0.298,0.631,0.149,0.236,0.216,0.375,0.282,0.313,0.326,0.159,0.325,0.379,0.276,0.325,87.5,33.9,10.2,35.6,93.62193193,28.4
"Alexander, Tyler",641302,2020,152,138,34,22.4,5.9,0.283,0.507,0.342,0.849,0.224,0.32,0.257,0.457,0.361,0.334,0.319,0.2,0.435,0.396,0.371,0.338,89.1,28.6,7.6,37.1,94.102638762,21.9
"Hughes, Jared",453172,2020,109,90,21,19.3,12.8,0.256,0.422,0.385,0.807,0.166,0.303,0.227,0.368,0.353,0.328,0.362,0.14,0.373,0.334,0.333,0.296,84.6,20.3,2.9,33.3,93.116009565,32.1
"Peterson, David",656849,2020,205,178,40,19.5,11.7,0.202,0.337,0.307,0.644,0.135,0.233,0.229,0.388,0.29,0.321,0.331,0.159,0.293,0.34,0.261,0.296,87.4,29.7,3.6,33.3,93.302320667,26.1
"Soto, Gregory",642397,2020,98,83,29,29.6,13.3,0.193,0.289,0.316,0.605,0.096,0.269,0.202,0.307,0.281,0.292,0.325,0.105,0.315,0.336,0.296,0.313,91.3,27.8,5.6,35.2,93.902300566,28.8
"May, Dustin",669160,2020,224,205,44,19.6,7.1,0.22,0.371,0.278,0.649,0.151,0.235,0.254,0.41,0.282,0.315,0.31,0.156,0.315,0.36,0.278,0.322,87.9,30.1,3.1,33.7,93.489027438,19.1
"McCullers Jr., Lance",621121,2020,227,200,56,24.7,8.8,0.22,0.405,0.305,0.71,0.185,0.279,0.243,0.408,0.308,0.327,0.328,0.165,0.359,0.388,0.303,0.338,89.3,30.8,4.8,34.9,93.617136736,29.5
"deGrom, Jacob",594798,2020,268,248,104,38.8,6.7,0.19,0.323,0.243,0.566,0.133,0.288,0.194,0.332,0.246,0.256,0.247,0.138,0.366,0.385,0.322,0.332,88.2,30.1,4.1,33.6,93.342833889,41.0
"Mills, Alec",621219,2020,252,230,46,18.3,7.5,0.23,0.448,0.294,0.742,0.218,0.233,0.263,0.461,0.316,0.341,0.326,0.198,0.351,0.385,0.286,0.33,86.9,30.8,5.9,39.5,93.6962775,17.9
"Givens, Mychal",571710,2020,93,80,25,26.9,10.8,0.2,0.45,0.301,0.751,0.25,0.216,0.195,0.393,0.32,0.303,0.297,0.198,0.381,0.352,0.286,0.279,87.3,37.5,7.1,30.4,92.521998214,27.7
"Wittgren, Nick",621295,2020,98,86,28,28.6,6.1,0.209,0.407,0.299,0.706,0.198,0.259,0.24,0.464,0.3,0.333,0.327,0.223,0.38,0.434,0.31,0.356,89.3,42.4,8.5,37.3,93.945088966,30.2
"Giolito, Lucas",608337,2020,288,255,97,33.7,9.7,0.184,0.31,0.267,0.577,0.126,0.255,0.196,0.322,0.257,0.27,0.279,0.126,0.33,0.353,0.292,0.313,87.0,33.5,6.2,35.4,93.575196101,36.6
"Rondón, Héctor",444468,2020,97,84,23,23.7,11.3,0.298,0.631,0.381,1.012,0.333,0.339,0.261,0.485,0.412,0.355,0.353,0.223,0.518,0.431,0.403,0.358,91.5,43.5,8.1,43.5,95.339050968,19.7
"Holland, Greg",518813,2020,112,100,31,27.7,6.3,0.2,0.31,0.27,0.58,0.11,0.275,0.198,0.321,0.254,0.259,0.269,0.122,0.308,0.316,0.286,0.284,89.8,29.6,4.2,40.8,93.943339571,29.9
"Wheeler, Zack",554430,2020,288,264,53,18.4,5.6,0.254,0.348,0.314,0.662,0.094,0.308,0.248,0.348,0.291,0.292,0.309,0.099,0.323,0.324,0.318,0.311,85.7,30.7,5.2,34.0,93.138928469,22.6
"Hendriks, Liam",521230,2020,92,87,37,40.2,3.3,0.161,0.218,0.187,0.405,0.057,0.26,0.212,0.324,0.173,0.24,0.237,0.112,0.278,0.396,0.275,0.364,90.2,38.5,5.8,32.7,93.895631,36.1
"Thielbar, Caleb",573204,2020,82,73,22,26.8,11.0,0.192,0.219,0.28,0.499,0.027,0.275,0.207,0.312,0.236,0.276,0.294,0.105,0.256,0.32,0.275,0.296,85.1,35.3,5.9,25.5,91.664986939,29.5
"Howard, Sam",607572,2020,90,77,27,30.0,10.0,0.221,0.442,0.322,0.764,0.221,0.277,0.21,0.36,0.329,0.3,0.313,0.149,0.415,0.364,0.333,0.318,87.7,35.3,13.7,35.3,93.7129648,35.5
"Cisnero, José",542585,2020,123,110,34,27.6,8.1,0.209,0.291,0.293,0.584,0.082,0.293,0.234,0.396,0.266,0.315,0.315,0.162,0.309,0.389,0.303,0.339,90.0,36.8,9.2,46.1,94.408269868,32.5
"Berríos, José",621244,2020,271,240,68,25.1,9.6,0.237,0.383,0.317,0.7,0.146,0.295,0.248,0.4,0.307,0.322,0.328,0.152,0.362,0.385,0.328,0.345,88.7,33.3,6.9,39.7,94.264088947,27.5
"Eflin, Zach",621107,2020,245,228,70,28.6,6.1,0.263,0.447,0.311,0.758,0.184,0.347,0.226,0.365,0.325,0.282,0.277,0.14,0.431,0.366,0.38,0.326,87.4,27.0,1.9,32.7,93.336786452,24.2
"Cishek, Steve",518553,2020,93,78,21,22.6,9.7,0.269,0.487,0.366,0.853,0.218,0.309,0.257,0.451,0.365,0.365,0.364,0.194,0.419,0.42,0.356,0.353,89.2,37.3,8.5,40.7,94.538793793,27.0
"Davies, Zach",605200,2020,276,255,63,22.8,6.9,0.216,0.361,0.269,0.63,0.145,0.25,0.268,0.475,0.273,0.344,0.32,0.207,0.321,0.421,0.285,0.358,87.5,36.1,3.6,36.6,93.652096862,25.5
"Fried, Max",608331,2020,224,199,50,22.3,8.5,0.211,0.332,0.29,0.622,0.121,0.268,0.201,0.288,0.276,0.262,0.283,0.087,0.302,0.282,0.278,0.267,83.4,28.5,3.3,23.8,91.972286027,25.7
"Tomlin, Josh",458708,2020,163,152,36,22.1,4.9,0.263,0.434,0.302,0.736,0.171,0.306,0.263,0.471,0.31,0.325,0.302,0.209,0.382,0.403,0.342,0.342,88.9,34.7,4.2,36.4,93.621352735,22.7
"King, Michael",650633,2020,121,108,26,21.5,9.1,0.278,0.491,0.355,0.846,0.213,0.325,0.251,0.429,0.363,0.334,0.332,0.178,0.424,0.382,0.366,0.331,87.0,30.5,6.1,31.7,92.901881358,21.3
"García, Rony",665621,2020,96,87,14,14.6,9.4,0.287,0.586,0.354,0.94,0.299,0.273,0.31,0.575,0.394,0.403,0.375,0.265,0.432,0.444,0.342,0.369,90.0,41.1,5.5,42.5,94.320145139,20.0
"Márquez, Germán",608566,2020,344,316,73,21.2,7.3,0.247,0.373,0.299,0.672,0.126,0.3,0.259,0.391,0.292,0.315,0.315,0.132,0.338,0.37,0.317,0.339,88.8,32.9,8.9,40.2,94.009115432,26.3
"Javier, Cristian",664299,2020,214,192,54,25.2,8.4,0.188,0.391,0.262,0.653,0.203,0.194,0.187,0.348,0.28,0.271,0.265,0.161,0.328,0.315,0.257,0.262,86.9,28.6,7.1,29.3,92.697385693,22.5
"Margevicius, Nick",676606,2020,170,156,36,21.2,8.2,0.244,0.436,0.306,0.742,0.192,0.281,0.25,0.434,0.314,0.318,0.311,0.184,0.37,0.376,0.317,0.324,89.2,33.3,5.8,39.2,93.979367797,20.1
"Harper, Ryne",607560,2020,110,100,25,22.7,8.2,0.29,0.51,0.355,0.865,0.22,0.343,0.263,0.451,0.363,0.333,0.33,0.187,0.448,0.405,0.387,0.351,86.9,36.0,1.3,34.7,92.888673243,20.4
"Arrieta, Jake",453562,2020,190,171,32,16.8,8.4,0.298,0.456,0.358,0.814,0.158,0.333,0.289,0.454,0.351,0.358,0.355,0.165,0.389,0.399,0.362,0.358,88.9,35.5,3.5,38.3,94.159655145,18.9
"Greinke, Zack",425844,2020,273,262,67,24.5,3.3,0.256,0.405,0.282,0.687,0.149,0.321,0.248,0.42,0.293,0.299,0.275,0.172,0.373,0.38,0.342,0.332,86.8,34.7,5.6,35.2,93.291148144,27.7
"Keller, Mitch",656605,2020,87,68,16,18.4,20.7,0.132,0.338,0.322,0.66,0.206,0.104,0.202,0.467,0.303,0.37,0.376,0.265,0.251,0.364,0.173,0.264,88.5,19.2,7.7,42.3,94.075974423,21.2
"Rainey, Tanner",663432,2020,75,67,32,42.7,9.3,0.119,0.328,0.213,0.541,0.209,0.129,0.183,0.357,0.231,0.272,0.271,0.174,0.347,0.439,0.229,0.355,91.2,34.3,0.0,45.7,95.053337647,47.3
"Green, Chad",643338,2020,100,90,32,32.0,8.0,0.144,0.322,0.212,0.534,0.178,0.148,0.16,0.318,0.222,0.23,0.226,0.159,0.293,0.307,0.22,0.244,87.7,28.3,6.7,26.7,92.700129322,31.2
"Yamaguchi, Shun",685493,2020,120,99,26,21.7,14.2,0.283,0.556,0.392,0.948,0.273,0.319,0.232,0.416,0.398,0.338,0.352,0.184,0.459,0.363,0.373,0.309,89.1,26.7,5.3,37.3,94.226062639,28.0
"Marshall, Evan",605359,2020,93,86,30,32.3,7.5,0.198,0.279,0.258,0.537,0.081,0.291,0.197,0.257,0.241,0.236,0.258,0.06,0.313,0.306,0.304,0.305,88.3,32.1,1.8,33.9,93.478277963,34.5
"DeSclafani, Anthony",543101,2020,158,136,25,15.8,10.1,0.301,0.529,0.38,0.909,0.228,0.318,0.285,0.509,0.384,0.378,0.369,0.224,0.416,0.406,0.36,0.344,89.6,36.0,6.1,46.5,94.490017965,23.4
"Yarbrough, Ryan",642232,2020,234,211,44,18.8,5.1,0.256,0.374,0.315,0.689,0.118,0.299,0.253,0.389,0.301,0.306,0.312,0.137,0.335,0.343,0.32,0.316,82.6,42.1,4.7,25.1,92.039514311,27.6
"Clevinger, Mike",605182,2020,162,147,40,24.7,8.6,0.231,0.415,0.298,0.713,0.184,0.277,0.264,0.436,0.308,0.332,0.328,0.172,0.371,0.409,0.318,0.362,88.2,42.1,3.7,34.6,93.431124286,30.4
"Milone, Tommy",543548,2020,181,170,40,22.1,3.3,0.324,0.6,0.35,0.95,0.276,0.374,0.273,0.485,0.395,0.334,0.303,0.213,0.495,0.414,0.417,0.353,89.2,34.6,6.8,36.1,93.697362308,27.7
"Houser, Adrian",605288,2020,246,221,44,17.9,8.5,0.285,0.457,0.358,0.815,0.172,0.325,0.267,0.407,0.353,0.332,0.342,0.14,0.392,0.362,0.356,0.334,86.3,29.4,5.1,32.8,92.993536989,22.3
"Valdez, Phillips",570488,2020,137,117,30,21.9,11.7,0.282,0.41,0.38,0.79,0.128,0.353,0.243,0.347,0.349,0.316,0.346,0.105,0.392,0.34,0.375,0.323,84.8,31.8,3.4,29.5,92.805608977,27.7
"Woodruff, Brandon",605540,2020,293,270,91,31.1,6.1,0.204,0.341,0.263,0.604,0.137,0.269,0.198,0.339,0.264,0.264,0.259,0.141,0.344,0.345,0.306,0.299,86.7,26.1,2.8,33.9,93.347296343,28.9
"Fulmer, Michael",605242,2020,136,120,20,14.7,8.8,0.375,0.617,0.43,1.047,0.242,0.394,0.34,0.578,0.44,0.418,0.402,0.238,0.493,0.465,0.441,0.405,90.8,37.9,5.8,44.7,95.08513404,19.2
"Petit, Yusmeiro",433589,2020,88,82,17,19.3,5.7,0.232,0.366,0.273,0.639,0.134,0.254,0.231,0.454,0.276,0.327,0.282,0.222,0.315,0.384,0.288,0.301,87.5,25.8,4.5,33.3,93.39606371,26.1
"Wright, Kyle",657140,2020,168,144,30,17.9,14.3,0.243,0.431,0.351,0.782,0.188,0.262,0.282,0.512,0.34,0.386,0.385,0.229,0.357,0.425,0.307,0.357,87.1,40.4,4.4,36.8,93.727160982,23.9
"Lynn, Lance",458681,2020,344,311,89,25.9,7.3,0.206,0.386,0.277,0.663,0.18,0.243,0.208,0.349,0.287,0.279,0.279,0.142,0.344,0.331,0.287,0.29,88.6,34.4,5.8,37.5,93.735972793,25.4
"Boyd, Matthew",571510,2020,271,241,60,22.1,8.1,0.278,0.552,0.348,0.9,0.274,0.31,0.258,0.478,0.378,0.348,0.331,0.22,0.453,0.41,0.366,0.341,87.4,37.0,4.9,37.0,93.758217268,28.1
"Fedde, Erick",607200,2020,222,195,28,12.6,9.9,0.241,0.441,0.326,0.767,0.2,0.234,0.278,0.467,0.328,0.357,0.36,0.189,0.331,0.37,0.28,0.324,89.6,29.0,4.1,39.6,94.515513273,15.3
"Zuber, Tyler",676604,2020,99,76,30,30.3,20.2,0.197,0.368,0.367,0.735,0.171,0.256,0.217,0.415,0.33,0.355,0.384,0.197,0.383,0.435,0.319,0.355,88.9,43.8,6.3,39.6,94.749811064,25.6
"Porcello, Rick",519144,2020,261,244,54,20.7,5.7,0.303,0.434,0.349,0.783,0.131,0.373,0.292,0.466,0.34,0.348,0.339,0.174,0.404,0.416,0.389,0.376,87.2,35.3,5.8,36.8,93.762452941,15.5
"Hudson, Daniel",543339,2020,92,77,28,30.4,12.0,0.195,0.468,0.319,0.787,0.273,0.209,0.185,0.411,0.338,0.317,0.31,0.226,0.426,0.388,0.306,0.29,90.8,36.0,6.0,36.0,94.169023878,31.1
"Rogers, Trevor",669432,2020,130,113,39,30.0,10.0,0.283,0.504,0.362,0.866,0.221,0.38,0.217,0.339,0.368,0.289,0.304,0.122,0.491,0.355,0.421,0.323,87.3,30.3,3.9,39.5,93.818843816,30.1
"Altavilla, Dan",656186,2020,89,77,24,27.0,13.5,0.234,0.442,0.337,0.779,0.208,0.3,0.255,0.491,0.338,0.365,0.356,0.235,0.409,0.454,0.34,0.371,91.1,39.6,5.7,39.6,94.426490189,31.6
"Bumgarner, Madison",518516,2020,190,170,30,15.8,6.8,0.276,0.576,0.347,0.923,0.3,0.266,0.302,0.608,0.383,0.409,0.37,0.306,0.426,0.46,0.333,0.364,89.5,37.6,7.1,40.4,94.348475532,17.4
"Dayton, Grant",594795,2020,117,103,32,27.4,9.4,0.214,0.369,0.293,0.662,0.155,0.265,0.212,0.416,0.286,0.303,0.292,0.204,0.35,0.377,0.306,0.303,87.4,31.5,5.5,31.5,92.931156944,29.2
"Peralta, Freddy",642547,2020,125,108,47,37.6,9.6,0.204,0.324,0.298,0.622,0.12,0.333,0.179,0.321,0.28,0.271,0.278,0.143,0.389,0.371,0.355,0.314,86.9,36.5,6.3,31.7,93.257193934,39.7
"Erlin, Robbie",572362,2020,122,112,25,20.5,5.7,0.295,0.643,0.344,0.987,0.348,0.313,0.259,0.533,0.403,0.355,0.314,0.275,0.49,0.423,0.375,0.333,89.8,38.6,4.5,42.0,94.448561149,19.2
"Iglesias, Raisel",628452,2020,91,83,31,34.1,5.5,0.193,0.265,0.244,0.509,0.072,0.288,0.194,0.3,0.223,0.243,0.253,0.106,0.307,0.342,0.302,0.316,86.7,38.9,3.7,27.8,92.63883283,38.5
"Antone, Tejay",622088,2020,141,121,45,31.9,11.3,0.165,0.314,0.27,0.584,0.149,0.216,0.167,0.286,0.261,0.265,0.276,0.12,0.31,0.317,0.256,0.268,86.7,20.5,2.6,32.1,93.393673077,34.2
"González, Victor",624647,2020,80,74,23,28.7,2.5,0.176,0.203,0.225,0.428,0.027,0.25,0.173,0.234,0.197,0.22,0.228,0.061,0.234,0.27,0.25,0.255,86.8,19.2,5.8,42.3,93.612068269,33.6
"Benjamin, Wes",605138,2020,98,91,21,21.4,7.1,0.264,0.429,0.316,0.745,0.165,0.303,0.237,0.401,0.322,0.301,0.291,0.164,0.38,0.352,0.343,0.308,90.6,30.0,5.7,44.3,94.185916471,26.6
"Wainwright, Adam",425794,2020,262,244,54,20.6,5.7,0.221,0.369,0.271,0.64,0.148,0.247,0.265,0.436,0.277,0.324,0.312,0.171,0.318,0.381,0.283,0.339,87.3,33.0,5.2,36.6,93.58274617,24.1
"Woodford, Jake",663765,2020,85,79,16,18.8,5.9,0.253,0.532,0.294,0.826,0.279,0.228,0.27,0.529,0.343,0.357,0.315,0.259,0.401,0.419,0.313,0.34,89.9,21.9,3.1,40.6,94.56602875,20.4
"Wisler, Matt",605538,2020,107,91,35,32.7,13.1,0.165,0.275,0.29,0.565,0.11,0.241,0.146,0.272,0.262,0.255,0.274,0.126,0.3,0.286,0.268,0.237,86.3,25.0,12.5,28.6,92.490227091,36.1
"Anderson, Ian",666120,2020,138,122,41,29.7,10.1,0.172,0.23,0.268,0.498,0.058,0.25,0.182,0.232,0.234,0.241,0.277,0.05,0.26,0.272,0.259,0.275,86.7,18.5,6.2,32.1,93.539334,28.9
"Strahm, Matt",621381,2020,83,74,15,18.1,4.8,0.189,0.338,0.277,0.615,0.149,0.196,0.239,0.43,0.275,0.33,0.322,0.19,0.277,0.355,0.237,0.3,86.3,33.9,10.2,33.9,93.165051186,21.9
"Glasnow, Tyler",607192,2020,238,215,91,38.2,9.2,0.2,0.4,0.273,0.673,0.2,0.281,0.19,0.362,0.289,0.274,0.264,0.172,0.428,0.4,0.344,0.328,90.4,32.0,7.2,42.4,94.735060081,32.6
"Brewer, Colten",605155,2020,122,107,25,20.5,11.5,0.29,0.523,0.377,0.9,0.233,0.329,0.318,0.565,0.385,0.416,0.403,0.246,0.444,0.492,0.378,0.418,89.2,37.8,4.9,40.2,95.19616475,22.4
"Gonsolin, Tony",664062,2020,176,166,46,26.1,4.0,0.193,0.289,0.229,0.518,0.096,0.252,0.238,0.379,0.226,0.282,0.272,0.141,0.28,0.362,0.264,0.328,88.7,36.9,10.7,35.2,93.323955126,29.4
"Lester, Jon",452657,2020,265,244,42,15.8,6.4,0.262,0.459,0.318,0.777,0.197,0.277,0.279,0.517,0.333,0.362,0.333,0.238,0.366,0.404,0.317,0.336,88.9,34.0,4.9,38.9,94.226303762,18.1
"Junis, Jakob",596001,2020,114,105,19,16.7,5.3,0.333,0.581,0.377,0.958,0.248,0.35,0.287,0.507,0.401,0.357,0.336,0.22,0.464,0.408,0.402,0.349,88.9,34.5,6.9,35.6,94.149680814,20.3
"Maeda, Kenta",628317,2020,248,238,80,32.3,4.0,0.168,0.307,0.202,0.509,0.139,0.208,0.208,0.35,0.219,0.257,0.24,0.142,0.299,0.36,0.253,0.314,85.3,31.0,2.5,24.7,92.194825425,34.9
"Heaney, Andrew",571760,2020,279,256,70,25.1,6.8,0.246,0.414,0.301,0.715,0.168,0.302,0.249,0.445,0.306,0.321,0.305,0.195,0.378,0.4,0.335,0.341,88.6,36.2,8.0,39.4,93.87947738,27.9
"Dunn, Justin",643290,2020,198,164,38,19.2,15.7,0.189,0.409,0.323,0.732,0.22,0.179,0.246,0.484,0.319,0.373,0.376,0.238,0.318,0.402,0.244,0.325,92.0,34.6,7.1,44.9,95.01771632,22.1
"Pagán, Emilio",641941,2020,87,77,23,26.4,10.3,0.182,0.377,0.264,0.641,0.195,0.196,0.216,0.438,0.277,0.314,0.295,0.222,0.323,0.383,0.255,0.302,89.2,27.3,10.9,40.0,93.911214545,26.7
"Mazza, Chris",607391,2020,136,118,29,21.3,11.0,0.288,0.415,0.375,0.79,0.127,0.356,0.296,0.463,0.348,0.37,0.382,0.167,0.394,0.427,0.378,0.389,86.4,44.4,3.3,31.1,92.627069438,28.8
"Luzardo, Jesús",666200,2020,248,226,59,23.8,6.9,0.257,0.429,0.316,0.745,0.172,0.308,0.256,0.413,0.32,0.318,0.316,0.158,0.389,0.387,0.345,0.346,88.9,34.3,7.1,36.7,93.790261524,29.6
"Paddack, Chris",663978,2020,245,229,58,23.7,4.9,0.262,0.515,0.302,0.817,0.253,0.289,0.275,0.488,0.342,0.345,0.317,0.213,0.427,0.432,0.347,0.368,90.9,34.7,4.0,47.4,95.307474226,25.9
"Hartlieb, Geoff",664129,2020,101,78,19,18.8,18.8,0.205,0.282,0.376,0.658,0.077,0.254,0.223,0.315,0.314,0.34,0.396,0.092,0.271,0.315,0.267,0.3,88.7,25.0,5.0,31.7,93.379659831,24.6
"Holland, Derek",502706,2020,179,161,45,25.1,8.4,0.261,0.54,0.335,0.875,0.279,0.288,0.275,0.555,0.369,0.383,0.348,0.281,0.461,0.482,0.362,0.382,92.5,35.3,8.6,48.3,96.003809561,26.5
"Zimmer, Kyle",622092,2020,91,80,26,28.6,11.0,0.175,0.263,0.275,0.538,0.088,0.259,0.21,0.287,0.248,0.274,0.305,0.078,0.275,0.319,0.259,0.31,88.0,31.5,3.7,29.6,93.15714037,29.8
"Akin, Keegan",669211,2020,116,103,35,30.2,8.6,0.262,0.427,0.328,0.755,0.165,0.358,0.246,0.413,0.325,0.322,0.32,0.167,0.428,0.423,0.386,0.373,91.4,38.6,11.4,50.0,95.203475217,28.5
"Urías, Julio",628711,2020,224,205,45,20.1,8.0,0.22,0.327,0.281,0.608,0.107,0.256,0.217,0.366,0.269,0.286,0.282,0.149,0.296,0.32,0.28,0.28,87.1,32.9,5.0,28.6,92.859624241,26.0
"McKenzie, Triston",663474,2020,127,117,42,33.1,7.1,0.179,0.368,0.244,0.612,0.189,0.217,0.206,0.427,0.264,0.299,0.269,0.221,0.354,0.412,0.28,0.321,86.0,30.7,4.0,36.0,93.293798,29.2
"Smith, Josh A.",595001,2020,121,105,18,14.9,9.1,0.314,0.495,0.375,0.87,0.181,0.345,0.263,0.42,0.364,0.332,0.341,0.157,0.4,0.358,0.367,0.322,87.4,34.1,5.5,30.8,92.794916333,22.5
"Keuchel, Dallas",572971,2020,257,238,42,16.3,6.6,0.218,0.286,0.271,0.557,0.068,0.258,0.277,0.393,0.249,0.317,0.325,0.116,0.263,0.352,0.265,0.337,86.8,34.3,5.6,31.3,93.354275567,23.8
"Floro, Dylan",571670,2020,98,92,19,19.4,4.1,0.25,0.348,0.276,0.624,0.098,0.297,0.253,0.345,0.263,0.283,0.294,0.092,0.313,0.338,0.307,0.332,84.6,32.0,4.0,26.7,92.020565811,23.3
"Buehler, Walker",621111,2020,147,135,42,28.6,7.5,0.178,0.356,0.245,0.601,0.178,0.198,0.213,0.39,0.261,0.29,0.278,0.177,0.322,0.37,0.258,0.312,90.0,28.0,7.5,36.6,93.802609778,28.4
"Senzatela, Antonio",622608,2020,303,279,41,13.5,5.9,0.254,0.409,0.307,0.716,0.155,0.268,0.272,0.428,0.309,0.329,0.324,0.156,0.325,0.351,0.296,0.318,88.3,27.9,6.3,38.3,93.887047992,18.6
"Jeffress, Jeremy",502026,2020,88,73,17,19.3,13.6,0.137,0.192,0.273,0.465,0.055,0.161,0.248,0.364,0.223,0.328,0.366,0.116,0.18,0.34,0.175,0.319,89.9,29.8,10.5,45.6,94.47807,24.4
"Sánchez, Sixto",664350,2020,158,144,33,20.9,7.0,0.25,0.333,0.31,0.643,0.083,0.303,0.211,0.321,0.284,0.267,0.277,0.11,0.323,0.299,0.321,0.274,87.8,21.4,1.8,38.4,93.824864554,25.1
"Williams, Devin",642207,2020,100,89,53,53.0,9.0,0.09,0.157,0.182,0.339,0.067,0.2,0.107,0.18,0.164,0.182,0.197,0.073,0.255,0.305,0.222,0.265,83.7,27.8,2.8,27.8,92.152826667,51.8
"Stripling, Ross",548389,2020,220,199,40,18.2,8.2,0.281,0.538,0.344,0.882,0.257,0.295,0.295,0.545,0.373,0.384,0.357,0.25,0.427,0.444,0.352,0.371,91.2,37.9,6.2,39.1,94.656446,18.8
"Kinley, Tyler",641755,2020,96,78,26,27.1,12.5,0.167,0.269,0.295,0.564,0.102,0.212,0.184,0.31,0.263,0.287,0.313,0.126,0.266,0.31,0.241,0.273,86.9,25.5,5.5,29.1,92.4346,36.2
"Widener, Taylor",642203,2020,88,73,22,25.0,13.6,0.192,0.452,0.33,0.782,0.26,0.196,0.205,0.413,0.334,0.329,0.34,0.209,0.377,0.368,0.275,0.293,86.8,29.4,7.8,37.3,93.106511961,29.6
"Manaea, Sean",640455,2020,222,211,45,20.3,3.6,0.27,0.427,0.297,0.724,0.157,0.311,0.265,0.414,0.309,0.306,0.293,0.149,0.37,0.367,0.339,0.334,90.6,28.6,4.2,44.6,94.775818364,22.0
"Cueto, Johnny",456501,2020,277,246,56,20.2,9.4,0.248,0.423,0.325,0.748,0.175,0.284,0.26,0.416,0.324,0.336,0.34,0.156,0.361,0.379,0.318,0.339,87.9,34.4,4.2,33.9,93.34431836,19.9
"Lugo, Seth",607625,2020,160,146,47,29.4,6.3,0.274,0.5,0.325,0.825,0.226,0.344,0.264,0.45,0.346,0.331,0.318,0.186,0.468,0.444,0.396,0.385,90.0,37.6,4.0,42.6,94.976551188,30.1
"Guerra, Junior",448855,2020,103,83,21,20.4,14.6,0.205,0.301,0.337,0.638,0.096,0.258,0.231,0.349,0.287,0.32,0.364,0.118,0.284,0.336,0.27,0.312,86.4,29.2,6.2,27.7,93.286901967,26.8
"Kim, Kwang Hyun",547942,2020,154,142,24,15.6,7.8,0.197,0.324,0.26,0.584,0.127,0.217,0.254,0.38,0.251,0.3,0.312,0.126,0.264,0.327,0.237,0.306,87.1,31.4,4.2,31.4,93.024305932,18.3
"Keller, Brad",641745,2020,215,193,35,16.3,7.9,0.202,0.244,0.27,0.514,0.042,0.233,0.27,0.396,0.236,0.322,0.333,0.126,0.232,0.348,0.242,0.327,89.2,32.9,4.3,39.1,93.762296646,19.3
"Hand, Brad",543272,2020,86,77,29,33.7,4.7,0.169,0.26,0.226,0.486,0.091,0.265,0.174,0.316,0.216,0.247,0.237,0.143,0.284,0.336,0.265,0.283,87.5,32.7,10.2,32.7,92.74603449,24.8
"Richards, Trevor",670950,2020,150,137,27,18.0,7.3,0.321,0.511,0.369,0.88,0.19,0.362,0.276,0.452,0.375,0.335,0.329,0.176,0.435,0.381,0.396,0.342,89.3,37.5,4.5,42.9,94.404333704,25.5
"Taylor, Blake",642130,2020,87,75,17,19.5,13.8,0.173,0.28,0.287,0.567,0.107,0.196,0.179,0.278,0.257,0.263,0.295,0.098,0.248,0.257,0.224,0.234,83.0,24.1,5.2,22.4,91.415762909,19.7
"Castro, Anthony",621593,2021,109,97,32,29.4,7.3,0.237,0.433,0.312,0.745,0.196,0.306,0.209,0.381,0.314,0.294,0.296,0.172,0.413,0.382,0.348,0.322,89.8,24.2,6.1,47.0,94.676501077,28.2
"Manning, Matt",666159,2021,385,344,57,14.8,8.6,0.279,0.445,0.344,0.789,0.166,0.306,0.281,0.465,0.34,0.352,0.348,0.184,0.362,0.379,0.33,0.336,91.4,32.0,5.2,42.3,94.889601034,16.9
"Romano, Sal",607219,2021,118,106,17,14.4,9.3,0.292,0.491,0.364,0.855,0.199,0.31,0.284,0.521,0.362,0.371,0.357,0.237,0.394,0.406,0.348,0.338,89.4,36.0,11.2,41.6,93.924053371,13.0
"Castano, Daniel",641447,2021,92,82,13,14.1,8.7,0.268,0.451,0.341,0.792,0.183,0.288,0.288,0.494,0.342,0.371,0.358,0.206,0.361,0.398,0.319,0.342,85.9,38.6,4.3,37.1,93.953498358,16.9
"Eshelman, Thomas",664045,2021,126,114,11,8.7,7.9,0.298,0.535,0.357,0.892,0.237,0.286,0.276,0.466,0.377,0.352,0.34,0.191,0.384,0.353,0.327,0.306,88.6,31.7,3.8,33.7,93.934080196,13.8
"Heuer, Codi",676051,2021,281,249,56,19.9,8.2,0.261,0.406,0.325,0.731,0.145,0.307,0.249,0.385,0.313,0.303,0.314,0.136,0.359,0.346,0.332,0.317,87.3,31.0,6.5,36.5,93.597634359,28.1
"Brault, Steven",643230,2021,127,113,19,15.0,9.4,0.292,0.504,0.365,0.869,0.212,0.33,0.27,0.515,0.366,0.366,0.346,0.245,0.401,0.401,0.351,0.325,89.1,30.5,11.6,44.2,94.611090217,20.6
"Petit, Yusmeiro",433589,2021,313,296,37,11.8,3.8,0.233,0.395,0.264,0.659,0.162,0.229,0.261,0.458,0.28,0.32,0.292,0.197,0.301,0.348,0.264,0.298,86.5,33.1,6.1,30.0,92.866301004,21.0
"Alexander, Tyler",641302,2021,451,415,87,19.3,6.2,0.255,0.429,0.306,0.735,0.174,0.285,0.246,0.438,0.315,0.32,0.299,0.192,0.361,0.367,0.319,0.31,88.4,33.4,7.2,39.2,94.176182879,20.0
"Otto Jr., Glenn",657248,2021,111,100,28,25.2,7.2,0.32,0.49,0.382,0.872,0.17,0.429,0.275,0.451,0.375,0.344,0.34,0.177,0.476,0.428,0.444,0.381,88.8,41.1,5.5,37.0,93.829583472,22.1
"Warren, Art",605521,2021,82,72,34,41.5,9.8,0.153,0.236,0.247,0.483,0.083,0.27,0.135,0.202,0.218,0.201,0.231,0.067,0.313,0.276,0.289,0.255,85.8,33.3,5.1,28.2,92.491847838,40.9
"Garza, Justin",621057,2021,128,108,29,22.7,14.1,0.25,0.435,0.354,0.789,0.185,0.293,0.276,0.531,0.344,0.39,0.38,0.255,0.39,0.464,0.338,0.378,92.1,44.4,7.4,53.1,96.087125696,25.6
"Ginkel, Kevin",656464,2021,129,112,31,24.0,10.9,0.268,0.545,0.359,0.904,0.277,0.311,0.24,0.456,0.383,0.346,0.335,0.215,0.467,0.409,0.37,0.332,86.4,41.5,2.4,36.6,93.166717407,25.3
"Kittredge, Andrew",552640,2021,282,262,77,27.3,5.3,0.21,0.332,0.26,0.592,0.122,0.268,0.216,0.356,0.251,0.269,0.267,0.14,0.324,0.351,0.296,0.307,88.9,29.9,4.3,37.4,94.035111311,31.0
"Ober, Bailey",641927,2021,379,356,96,25.3,5.0,0.258,0.489,0.296,0.785,0.231,0.296,0.246,0.463,0.33,0.325,0.288,0.217,0.423,0.416,0.35,0.339,89.1,36.1,12.2,42.2,94.398345692,24.6
"Berríos, José",621244,2021,781,714,204,26.1,5.8,0.223,0.38,0.281,0.661,0.157,0.278,0.238,0.412,0.286,0.312,0.298,0.173,0.352,0.39,0.309,0.335,88.4,36.6,6.2,38.3,94.151290078,23.7
"Farmer, Buck",571656,2021,171,144,37,21.6,12.3,0.278,0.5,0.386,0.886,0.222,0.313,0.269,0.508,0.38,0.381,0.379,0.239,0.436,0.439,0.37,0.36,91.2,36.1,7.4,45.4,95.788035648,26.0
"Slegers, Aaron",642083,2021,149,132,25,16.8,10.1,0.326,0.545,0.399,0.944,0.219,0.366,0.264,0.429,0.403,0.34,0.344,0.165,0.454,0.367,0.402,0.326,88.3,25.9,3.7,40.7,94.529077009,25.0
"Márquez, Germán",608566,2021,756,682,176,23.3,8.5,0.242,0.389,0.311,0.7,0.147,0.297,0.247,0.393,0.303,0.31,0.316,0.147,0.36,0.371,0.326,0.334,88.9,32.5,5.9,39.3,94.098144266,27.2
"Irvin, Cole",608344,2021,768,710,125,16.3,5.5,0.275,0.424,0.322,0.746,0.149,0.305,0.277,0.451,0.323,0.338,0.326,0.174,0.359,0.379,0.332,0.337,89.3,35.9,6.8,39.3,94.048238838,19.5
"Alexy, A.J.",669935,2021,97,78,17,17.5,17.5,0.167,0.346,0.32,0.666,0.179,0.155,0.276,0.496,0.3,0.395,0.409,0.22,0.269,0.416,0.21,0.349,87.6,40.3,4.8,32.3,93.252453,22.0
"Sborz, Josh",622250,2021,257,222,69,26.8,12.5,0.234,0.383,0.327,0.71,0.149,0.302,0.226,0.375,0.31,0.306,0.32,0.149,0.371,0.365,0.333,0.323,91.1,34.0,6.4,41.7,94.514584839,33.5
"Kranick, Max",668820,2021,182,156,32,17.6,10.4,0.301,0.468,0.387,0.855,0.167,0.352,0.257,0.399,0.364,0.328,0.352,0.142,0.404,0.353,0.373,0.323,88.2,36.2,7.9,33.9,93.433174797,26.1
"Rodriguez, Jefry",622446,2021,112,94,20,17.9,15.2,0.266,0.468,0.384,0.852,0.202,0.279,0.27,0.473,0.371,0.375,0.387,0.204,0.393,0.399,0.338,0.342,90.4,32.4,6.8,40.5,94.893155405,20.3
"Machado, Andrés",600921,2021,154,133,30,19.5,9.7,0.226,0.376,0.325,0.701,0.15,0.26,0.219,0.356,0.307,0.305,0.323,0.136,0.324,0.32,0.288,0.285,89.1,27.9,1.9,36.5,94.295910291,22.7
"Fry, Paul",643316,2021,215,174,60,27.9,16.3,0.213,0.282,0.355,0.637,0.069,0.304,0.213,0.304,0.3,0.311,0.358,0.091,0.322,0.343,0.322,0.326,88.4,27.6,2.6,34.5,93.350955625,25.6
"Gibson, Kyle",502043,2021,754,675,155,20.6,8.5,0.234,0.363,0.306,0.669,0.129,0.278,0.238,0.37,0.293,0.302,0.311,0.132,0.326,0.339,0.301,0.308,88.8,30.6,5.1,39.1,93.968936756,25.2
"Givens, Mychal",571710,2021,216,184,54,25.0,12.5,0.234,0.413,0.333,0.746,0.179,0.286,0.232,0.393,0.318,0.318,0.336,0.161,0.376,0.376,0.323,0.328,85.5,38.3,3.8,27.1,92.597344394,28.3
"Cotton, Jharel",605194,2021,137,118,30,21.9,10.9,0.237,0.331,0.328,0.659,0.094,0.295,0.18,0.318,0.296,0.271,0.279,0.138,0.319,0.281,0.311,0.236,85.8,27.8,5.6,23.3,92.171966705,26.9
"Montero, Rafael",606160,2021,225,199,42,18.7,7.6,0.296,0.422,0.362,0.784,0.126,0.353,0.228,0.334,0.34,0.291,0.306,0.106,0.382,0.315,0.369,0.29,86.7,29.8,5.0,34.2,93.072989367,23.2
"Rainey, Tanner",663432,2021,151,122,42,27.8,16.6,0.238,0.459,0.377,0.836,0.221,0.307,0.203,0.434,0.361,0.342,0.349,0.231,0.438,0.401,0.358,0.305,91.9,34.6,8.6,46.9,95.236392222,35.3
"Rogers, Josh",642028,2021,151,133,22,14.6,9.3,0.241,0.436,0.32,0.756,0.195,0.238,0.263,0.508,0.326,0.361,0.34,0.245,0.338,0.384,0.286,0.313,89.6,38.9,8.0,42.5,94.316447477,18.3
"Ponce, Cody",664074,2021,179,163,36,20.1,6.1,0.344,0.613,0.382,0.995,0.269,0.393,0.263,0.483,0.413,0.346,0.315,0.221,0.504,0.412,0.431,0.339,88.3,38.9,6.1,38.2,93.862782769,22.2
"Curtiss, John",595928,2021,187,172,44,23.5,6.4,0.244,0.407,0.296,0.703,0.163,0.293,0.247,0.404,0.303,0.306,0.299,0.157,0.366,0.371,0.326,0.33,91.6,33.1,6.2,43.8,94.837502326,27.2
"Gallen, Zac",668678,2021,523,463,139,26.6,9.4,0.233,0.413,0.312,0.725,0.18,0.289,0.227,0.387,0.313,0.307,0.307,0.16,0.384,0.374,0.33,0.324,89.2,32.7,6.7,43.0,94.106073611,23.6
"Urquidy, José",664353,2021,423,399,90,21.3,4.5,0.218,0.406,0.257,0.663,0.188,0.239,0.237,0.436,0.282,0.304,0.275,0.199,0.336,0.366,0.281,0.305,88.6,35.6,6.1,35.9,93.55763759,24.9
"Ureña, José",570632,2021,456,408,67,14.7,9.2,0.292,0.475,0.362,0.837,0.183,0.319,0.28,0.479,0.36,0.364,0.353,0.199,0.386,0.39,0.347,0.336,90.8,31.8,5.8,47.8,95.38611538,20.5
"Chargois, JT",608638,2021,216,188,53,24.5,9.3,0.202,0.346,0.296,0.642,0.144,0.25,0.22,0.37,0.279,0.298,0.313,0.15,0.316,0.347,0.277,0.304,89.2,34.3,5.8,36.5,93.854828963,27.4
"Allard, Kolby",663465,2021,534,496,104,19.5,5.8,0.258,0.474,0.305,0.779,0.216,0.27,0.261,0.481,0.331,0.341,0.31,0.22,0.386,0.4,0.324,0.331,89.8,34.7,3.8,39.0,94.487751049,19.8
"Sandlin, Nick",680704,2021,141,119,48,34.0,12.1,0.176,0.286,0.298,0.584,0.11,0.271,0.157,0.274,0.269,0.262,0.283,0.117,0.322,0.309,0.292,0.263,84.0,34.7,5.6,27.8,92.376674366,32.7
"Woodford, Jake",663765,2021,293,253,50,17.1,8.5,0.261,0.403,0.338,0.741,0.142,0.291,0.262,0.404,0.322,0.331,0.342,0.143,0.339,0.351,0.314,0.32,90.3,32.4,8.1,41.0,94.467341256,20.5
"Hearn, Taylor",621368,2021,441,389,92,20.9,9.5,0.247,0.424,0.321,0.745,0.177,0.277,0.25,0.435,0.321,0.334,0.327,0.185,0.364,0.383,0.318,0.326,88.5,37.3,7.6,38.3,94.038760777,23.1
"Chatwood, Tyler",543022,2021,145,120,38,26.2,14.5,0.217,0.317,0.352,0.669,0.1,0.3,0.221,0.356,0.308,0.324,0.356,0.135,0.333,0.361,0.317,0.325,90.2,32.9,6.1,43.9,94.99659679,31.4
"Sanchez, Aaron",592717,2021,156,137,26,16.7,9.6,0.234,0.328,0.327,0.655,0.094,0.275,0.229,0.352,0.296,0.305,0.323,0.122,0.296,0.309,0.288,0.283,86.5,27.9,6.3,36.0,93.353817568,20.4
"Darvish, Yu",506433,2021,681,623,199,29.2,6.5,0.222,0.429,0.279,0.708,0.207,0.274,0.203,0.374,0.301,0.28,0.265,0.171,0.394,0.361,0.322,0.298,88.2,35.1,7.4,34.9,93.203429953,27.3
"Wendelken, J.B.",605525,2021,194,172,39,20.1,11.3,0.256,0.372,0.34,0.712,0.116,0.31,0.26,0.42,0.31,0.331,0.345,0.16,0.347,0.378,0.331,0.337,87.9,30.8,4.5,34.6,93.861693435,23.7
"Cishek, Steve",518553,2021,308,256,64,20.8,13.3,0.238,0.316,0.352,0.668,0.078,0.304,0.21,0.325,0.299,0.3,0.334,0.116,0.311,0.313,0.311,0.281,85.0,27.9,5.6,32.7,92.991525989,20.3
"Trivino, Lou",642152,2021,310,268,67,21.6,11.0,0.216,0.31,0.313,0.623,0.094,0.269,0.229,0.403,0.28,0.321,0.325,0.174,0.298,0.36,0.287,0.306,87.4,31.4,3.9,33.8,93.69423975,23.8
"Bender, Anthony",669622,2021,247,217,71,28.7,8.1,0.207,0.35,0.287,0.637,0.143,0.276,0.203,0.313,0.275,0.269,0.289,0.11,0.339,0.331,0.3,0.302,88.2,34.7,6.0,34.0,93.407620272,30.2
"Barnes, Charlie",656212,2021,175,152,20,11.4,9.1,0.303,0.454,0.382,0.836,0.151,0.326,0.282,0.499,0.364,0.373,0.364,0.217,0.368,0.38,0.346,0.323,90.5,37.0,10.4,40.0,94.556972273,16.9
"Young, Alex",622065,2021,246,212,43,17.5,11.0,0.307,0.538,0.389,0.927,0.231,0.333,0.28,0.481,0.389,0.364,0.369,0.201,0.44,0.405,0.38,0.351,90.2,38.2,2.3,39.9,94.314705322,27.1
"Castellanos, Humberto",528748,2021,196,173,29,14.8,7.7,0.277,0.462,0.342,0.804,0.185,0.299,0.238,0.416,0.347,0.317,0.307,0.178,0.375,0.336,0.333,0.286,87.9,29.5,6.0,34.2,93.657754931,15.1
"Arihara, Kohei",685503,2021,178,160,24,13.5,7.3,0.281,0.6,0.348,0.948,0.319,0.27,0.296,0.611,0.395,0.412,0.363,0.316,0.426,0.449,0.328,0.348,91.7,41.6,10.9,49.6,95.597487687,18.6
"Hendriks, Liam",521230,2021,267,258,113,42.3,2.6,0.174,0.318,0.199,0.517,0.144,0.254,0.165,0.321,0.22,0.218,0.19,0.156,0.368,0.368,0.31,0.296,89.8,26.9,8.3,40.1,94.509763191,38.0
"Garza Jr., Ralph",621248,2021,127,112,29,22.8,11.0,0.214,0.411,0.307,0.718,0.197,0.244,0.232,0.412,0.309,0.319,0.322,0.18,0.353,0.367,0.289,0.312,88.9,43.4,10.8,39.8,94.059841807,23.8
"Bednar, David",670280,2021,237,216,77,32.5,8.0,0.185,0.324,0.253,0.577,0.139,0.259,0.187,0.304,0.249,0.246,0.255,0.118,0.329,0.323,0.286,0.288,87.2,38.6,5.7,31.4,92.769692714,32.6
"Morgan, Adam",605388,2021,108,93,28,25.9,11.1,0.237,0.505,0.324,0.829,0.268,0.262,0.199,0.391,0.348,0.306,0.298,0.191,0.427,0.358,0.328,0.286,87.2,28.4,10.4,40.3,94.304873433,32.8
"Gray, Jon",592351,2021,644,572,157,24.4,9.0,0.245,0.42,0.321,0.741,0.175,0.299,0.231,0.38,0.32,0.306,0.31,0.15,0.382,0.361,0.334,0.318,89.0,30.4,6.7,38.2,94.242232699,26.9
"Clay, Sam",621348,2021,214,186,34,15.9,10.3,0.296,0.409,0.383,0.792,0.113,0.342,0.266,0.415,0.342,0.335,0.358,0.15,0.367,0.358,0.359,0.324,89.7,29.4,2.6,40.5,94.490507039,21.6
"Vesia, Alex",681911,2021,161,135,54,33.5,13.7,0.126,0.296,0.255,0.551,0.17,0.143,0.14,0.318,0.241,0.261,0.269,0.178,0.283,0.322,0.205,0.233,87.6,33.7,8.4,34.9,93.160243133,38.1
"Melancon, Mark",453343,2021,265,237,59,22.3,9.4,0.228,0.316,0.302,0.618,0.088,0.284,0.258,0.387,0.27,0.315,0.332,0.129,0.307,0.373,0.3,0.345,86.6,33.9,5.6,36.1,93.562696517,20.8
"Ellis, Chris",595939,2021,121,105,23,19.0,11.6,0.2,0.324,0.306,0.63,0.124,0.228,0.261,0.453,0.284,0.353,0.358,0.192,0.284,0.386,0.256,0.334,92.6,41.5,3.7,52.4,96.011889383,25.9
"Murphy, Patrick",641907,2021,128,114,29,22.7,7.8,0.272,0.412,0.352,0.764,0.14,0.341,0.264,0.412,0.336,0.336,0.345,0.148,0.39,0.392,0.365,0.355,90.6,36.5,9.4,45.9,95.732297381,22.7
"Patiño, Luis",672715,2021,333,298,74,22.2,8.7,0.232,0.393,0.303,0.696,0.161,0.265,0.242,0.437,0.3,0.322,0.314,0.195,0.346,0.379,0.304,0.32,89.8,34.8,9.3,40.5,94.494549956,25.4
"Plesac, Zach",668676,2021,598,552,100,16.7,5.7,0.248,0.437,0.299,0.736,0.189,0.264,0.251,0.465,0.314,0.327,0.301,0.214,0.349,0.367,0.301,0.304,90.6,32.2,6.6,43.4,94.850298013,23.1
"Kremer, Dean",665152,2021,245,216,47,19.2,10.2,0.292,0.588,0.363,0.951,0.296,0.297,0.27,0.544,0.397,0.376,0.345,0.274,0.461,0.431,0.366,0.34,93.1,39.5,8.7,45.3,95.769628947,20.4
"Stammen, Craig",489334,2021,355,336,83,23.4,3.7,0.235,0.384,0.268,0.652,0.149,0.273,0.237,0.381,0.279,0.285,0.271,0.144,0.345,0.353,0.31,0.314,88.4,27.3,4.3,35.9,93.466217273,24.3
"Misiewicz, Anthony",664948,2021,236,218,53,22.5,6.4,0.28,0.431,0.328,0.759,0.151,0.34,0.25,0.432,0.324,0.314,0.301,0.182,0.397,0.383,0.367,0.329,90.7,29.9,7.2,44.9,95.128426463,26.2
"Germán, Domingo",593334,2021,410,380,98,23.9,6.6,0.234,0.426,0.288,0.714,0.192,0.271,0.234,0.426,0.306,0.31,0.289,0.192,0.372,0.378,0.314,0.316,89.4,34.3,7.8,39.2,94.131471844,30.2
"deGrom, Jacob",594798,2021,324,310,146,45.1,3.4,0.129,0.242,0.16,0.402,0.113,0.212,0.143,0.253,0.174,0.191,0.178,0.111,0.289,0.324,0.241,0.275,87.7,30.1,7.8,36.7,93.827051928,41.7
"Reyes, Alex",621052,2021,317,262,95,30.0,16.4,0.176,0.294,0.315,0.609,0.118,0.233,0.183,0.313,0.281,0.291,0.322,0.13,0.31,0.33,0.274,0.286,87.2,32.1,11.9,34.5,92.994908061,35.0
"Gil, Luis",661563,2021,129,109,38,29.5,14.7,0.183,0.303,0.31,0.613,0.12,0.239,0.196,0.348,0.282,0.302,0.321,0.152,0.316,0.354,0.282,0.301,89.8,35.2,2.8,39.4,93.715597746,31.0
"Hill, Tim",657612,2021,255,222,56,22.0,9.0,0.23,0.387,0.316,0.703,0.157,0.264,0.226,0.384,0.301,0.303,0.314,0.158,0.344,0.348,0.304,0.3,87.4,22.9,3.5,38.8,94.139991646,23.7
"Hernández, Carlos",672578,2021,358,310,74,20.7,11.5,0.223,0.332,0.318,0.65,0.109,0.267,0.231,0.394,0.291,0.322,0.329,0.163,0.306,0.353,0.289,0.304,89.8,33.9,6.3,39.3,93.877435983,25.8
"Tomlin, Josh",458708,2021,218,211,37,17.0,2.3,0.327,0.55,0.344,0.894,0.223,0.358,0.291,0.496,0.377,0.345,0.31,0.205,0.446,0.407,0.394,0.352,89.1,38.3,5.7,39.4,93.826665202,23.5
"Sims, Lucas",608371,2021,195,170,76,39.0,9.2,0.2,0.371,0.287,0.658,0.171,0.308,0.166,0.303,0.281,0.247,0.258,0.137,0.419,0.352,0.351,0.293,86.5,44.3,9.3,35.1,93.26246,35.4
"Sale, Chris",519242,2021,183,167,52,28.4,6.6,0.269,0.419,0.333,0.752,0.15,0.358,0.232,0.352,0.326,0.291,0.299,0.12,0.425,0.369,0.391,0.337,84.6,32.2,5.2,32.2,92.802369123,27.7
"Soria, Joakim",465657,2021,159,145,40,25.2,7.5,0.269,0.483,0.327,0.81,0.214,0.33,0.24,0.396,0.344,0.304,0.3,0.157,0.431,0.37,0.368,0.328,88.3,34.9,1.9,38.7,94.020911524,26.0
"Bubic, Kris",663460,2021,556,487,114,20.5,10.6,0.248,0.444,0.336,0.78,0.196,0.28,0.25,0.455,0.337,0.347,0.339,0.205,0.377,0.392,0.322,0.325,88.8,34.8,6.1,39.6,94.2339008,23.4
"Davies, Zach",605200,2021,668,577,114,17.1,11.2,0.281,0.485,0.367,0.852,0.204,0.311,0.286,0.489,0.366,0.373,0.373,0.203,0.4,0.411,0.348,0.357,89.8,36.2,6.6,43.3,94.683256863,22.3
"Díaz, Yennsy",660546,2021,113,98,21,18.6,11.5,0.255,0.449,0.345,0.794,0.194,0.274,0.24,0.407,0.34,0.323,0.334,0.167,0.372,0.349,0.321,0.304,89.8,25.6,2.6,39.7,93.895427922,23.5
"Thompson, Keegan",624522,2021,243,206,55,22.6,12.8,0.233,0.408,0.338,0.746,0.175,0.273,0.248,0.445,0.326,0.35,0.354,0.197,0.366,0.404,0.316,0.342,90.1,33.1,5.8,44.2,94.876114238,23.9
"Toussaint, Touki",657053,2021,216,184,48,22.2,10.2,0.234,0.446,0.332,0.778,0.212,0.252,0.265,0.472,0.334,0.361,0.36,0.207,0.38,0.421,0.312,0.356,91.8,30.0,4.3,48.6,95.930690294,25.3
"Floro, Dylan",571670,2021,270,244,62,23.0,9.3,0.217,0.287,0.289,0.576,0.07,0.282,0.23,0.351,0.255,0.288,0.301,0.121,0.289,0.337,0.29,0.308,85.9,31.1,4.4,32.2,92.871506721,22.9
"Andriese, Matt",542882,2021,222,201,50,22.5,5.9,0.323,0.488,0.371,0.859,0.165,0.395,0.286,0.467,0.367,0.347,0.337,0.181,0.45,0.421,0.422,0.374,91.3,34.8,7.1,45.2,95.362951579,22.7
"Fedde, Erick",607200,2021,590,524,128,21.7,8.1,0.275,0.466,0.337,0.803,0.191,0.32,0.259,0.459,0.34,0.335,0.324,0.201,0.408,0.401,0.359,0.34,89.8,31.1,5.1,40.6,94.762373089,22.1
"Cortes, Nestor",641482,2021,374,345,103,27.5,6.7,0.217,0.386,0.273,0.659,0.169,0.266,0.212,0.377,0.285,0.282,0.27,0.165,0.36,0.357,0.309,0.304,89.0,33.2,6.1,36.1,94.077429916,23.6
"Cabrera, Edward",665795,2021,120,97,28,23.3,15.8,0.247,0.505,0.392,0.897,0.258,0.286,0.275,0.531,0.387,0.411,0.414,0.256,0.44,0.483,0.348,0.387,90.3,42.0,7.2,47.8,95.283464478,27.3
"Guenther, Sean",674944,2021,103,89,15,14.6,9.7,0.348,0.494,0.426,0.92,0.146,0.411,0.268,0.418,0.396,0.338,0.355,0.15,0.432,0.353,0.419,0.323,89.3,36.8,6.6,38.2,94.053835139,21.2
"DeSclafani, Anthony",543101,2021,676,626,152,22.5,6.2,0.225,0.358,0.276,0.634,0.133,0.268,0.237,0.416,0.276,0.305,0.288,0.178,0.326,0.368,0.297,0.314,88.9,32.7,5.2,38.8,94.264522633,24.2
"Mahle, Tyler",641816,2021,759,674,210,27.7,8.4,0.234,0.396,0.309,0.705,0.162,0.303,0.226,0.366,0.308,0.298,0.302,0.14,0.385,0.369,0.339,0.328,87.8,34.1,4.4,34.3,93.357444017,28.4
"Ramírez, Erasmo",541640,2021,109,101,20,18.3,4.6,0.238,0.406,0.275,0.681,0.168,0.253,0.236,0.411,0.29,0.294,0.275,0.175,0.33,0.336,0.289,0.288,89.5,36.1,3.6,39.8,93.921674699,16.7
"Abreu, Bryan",650556,2021,161,138,36,22.4,11.2,0.254,0.406,0.348,0.754,0.152,0.31,0.244,0.396,0.33,0.332,0.343,0.152,0.371,0.373,0.337,0.329,89.7,31.7,6.7,40.4,94.018379135,31.1
"Kopech, Michael",656629,2021,285,257,103,36.1,8.4,0.21,0.374,0.277,0.651,0.164,0.304,0.181,0.33,0.28,0.26,0.256,0.149,0.401,0.367,0.344,0.307,88.3,31.2,4.5,35.7,93.445508411,32.8
"Bradley, Archie",605151,2021,224,198,40,17.9,9.8,0.258,0.404,0.339,0.743,0.146,0.299,0.228,0.365,0.324,0.305,0.315,0.138,0.349,0.323,0.321,0.287,86.9,29.6,6.3,39.0,93.712971329,17.7
"Gsellman, Robert",607229,2021,119,109,17,14.3,5.9,0.248,0.385,0.305,0.69,0.137,0.27,0.278,0.432,0.302,0.335,0.333,0.154,0.318,0.361,0.293,0.329,86.3,30.4,2.2,31.5,93.191242308,22.2
"Cisnero, José",542585,2021,265,226,62,23.4,11.7,0.226,0.345,0.327,0.672,0.119,0.281,0.223,0.375,0.3,0.312,0.325,0.152,0.33,0.349,0.307,0.304,87.1,33.9,4.2,32.1,93.440871341,23.6
"Jackson, Luke",592426,2021,261,227,70,26.8,11.1,0.198,0.317,0.292,0.609,0.119,0.255,0.225,0.389,0.27,0.309,0.317,0.164,0.312,0.374,0.283,0.323,90.5,28.7,5.6,41.3,94.839252342,30.5
"Stanek, Ryne",592773,2021,290,247,83,28.6,12.8,0.186,0.312,0.303,0.615,0.126,0.242,0.2,0.385,0.276,0.307,0.315,0.185,0.315,0.369,0.279,0.299,91.0,37.0,6.7,43.6,94.88812362,32.6
"Mejía, Humberto",650668,2021,105,94,20,19.0,8.6,0.34,0.702,0.394,1.096,0.362,0.386,0.295,0.498,0.447,0.36,0.354,0.203,0.541,0.421,0.427,0.37,90.0,42.1,9.2,34.2,93.624494267,21.6
"Kennedy, Ian",453178,2021,228,208,62,27.2,7.5,0.216,0.418,0.282,0.7,0.202,0.246,0.222,0.425,0.296,0.302,0.287,0.203,0.379,0.387,0.308,0.316,90.8,35.4,7.5,44.9,94.887543767,27.2
"Naughton, Packy",676050,2021,108,93,12,11.1,13.0,0.29,0.419,0.389,0.808,0.129,0.308,0.273,0.418,0.354,0.35,0.374,0.144,0.348,0.342,0.333,0.314,86.6,29.6,3.7,40.7,93.768896875,21.1
"Tepera, Ryan",572193,2021,241,213,74,30.7,8.3,0.164,0.272,0.245,0.517,0.108,0.223,0.168,0.286,0.23,0.249,0.254,0.119,0.274,0.306,0.245,0.26,87.3,27.3,6.3,35.0,93.168553071,35.1
"Mills, Alec",621219,2021,517,470,87,16.8,6.6,0.291,0.451,0.347,0.798,0.16,0.328,0.277,0.43,0.343,0.334,0.334,0.154,0.385,0.372,0.356,0.339,88.3,33.2,5.4,39.3,93.926398766,18.7
"Mantiply, Joe",573009,2021,177,154,38,21.5,9.6,0.292,0.448,0.358,0.806,0.156,0.37,0.245,0.38,0.338,0.305,0.322,0.134,0.401,0.354,0.375,0.322,86.6,35.5,5.8,36.4,93.985117739,27.9
"Pagán, Emilio",641941,2021,263,242,69,26.2,6.8,0.231,0.512,0.289,0.801,0.281,0.253,0.222,0.493,0.336,0.327,0.281,0.27,0.428,0.414,0.322,0.31,90.4,42.0,10.3,45.4,94.650556264,29.7
"Coonrod, Sam",656322,2021,185,166,48,25.9,8.1,0.247,0.373,0.319,0.692,0.126,0.316,0.219,0.358,0.303,0.29,0.294,0.139,0.369,0.348,0.345,0.306,86.4,27.7,5.0,37.0,93.572121597,24.9
"Smith, Drew",622098,2021,165,146,41,24.8,9.7,0.192,0.397,0.279,0.676,0.205,0.212,0.212,0.412,0.283,0.301,0.299,0.2,0.337,0.366,0.264,0.295,89.5,33.0,6.6,40.6,94.202850667,29.0
"Peralta, Wily",503449,2021,402,352,58,14.4,9.5,0.247,0.415,0.323,0.738,0.168,0.261,0.253,0.429,0.319,0.335,0.333,0.176,0.329,0.35,0.291,0.303,89.1,30.9,7.6,38.2,94.340995593,21.3
"Javier, Cristian",664299,2021,424,361,130,30.7,12.5,0.186,0.355,0.3,0.655,0.169,0.235,0.217,0.418,0.291,0.326,0.328,0.202,0.35,0.416,0.288,0.338,90.6,36.8,9.4,43.2,94.782976957,31.7
"Dunn, Justin",643290,2021,218,184,49,22.5,13.3,0.201,0.332,0.321,0.653,0.131,0.238,0.226,0.433,0.295,0.341,0.343,0.207,0.305,0.378,0.272,0.307,89.4,33.1,9.6,37.5,94.118094853,25.0
"Graterol, Brusdar",660813,2021,150,131,27,18.0,8.7,0.26,0.389,0.349,0.738,0.129,0.314,0.261,0.36,0.312,0.307,0.351,0.099,0.347,0.341,0.327,0.329,86.2,28.8,3.8,33.7,93.472816961,19.0
"Díaz, Miguel",622766,2021,172,152,46,26.7,11.0,0.204,0.434,0.292,0.726,0.23,0.235,0.249,0.469,0.312,0.347,0.332,0.221,0.379,0.436,0.292,0.357,90.5,37.4,10.3,43.9,95.139784811,20.7
"Alvarado, José",621237,2021,251,197,68,27.1,18.7,0.213,0.325,0.382,0.707,0.112,0.298,0.199,0.306,0.322,0.313,0.372,0.107,0.35,0.333,0.326,0.304,87.5,32.6,7.0,42.6,94.688599767,33.2
"Jiménez, Joe",641729,2021,210,165,57,27.1,16.7,0.206,0.388,0.367,0.755,0.182,0.269,0.164,0.331,0.336,0.306,0.335,0.167,0.372,0.315,0.309,0.248,89.2,26.4,9.1,33.6,93.984322202,31.3
"López, Pablo",641154,2021,418,382,115,27.5,6.2,0.233,0.385,0.293,0.678,0.152,0.302,0.224,0.377,0.293,0.289,0.285,0.153,0.37,0.365,0.331,0.319,86.7,33.0,7.4,33.3,93.34727573,25.7
"Luetge, Lucas",476595,2021,301,281,78,25.9,5.0,0.238,0.359,0.283,0.642,0.121,0.308,0.239,0.359,0.279,0.282,0.284,0.12,0.35,0.355,0.328,0.33,86.6,36.3,7.4,31.4,92.669979363,27.6
"Garrett, Amir",607237,2021,215,185,61,28.4,13.5,0.249,0.449,0.35,0.799,0.2,0.322,0.225,0.403,0.34,0.317,0.33,0.178,0.437,0.398,0.371,0.336,90.4,29.6,7.2,47.2,95.244069839,33.7
"Lynch IV, Daniel",663738,2021,311,271,55,17.7,10.0,0.295,0.465,0.371,0.836,0.17,0.336,0.281,0.493,0.36,0.375,0.364,0.212,0.397,0.417,0.364,0.354,90.7,33.5,6.3,44.3,95.435745068,25.9
"Taylor, Josh",657031,2021,209,183,60,28.7,11.0,0.246,0.322,0.34,0.662,0.076,0.355,0.246,0.38,0.295,0.316,0.34,0.134,0.364,0.399,0.366,0.366,88.5,37.4,4.9,44.7,94.64800877,34.0
"Watson, Tony",453265,2021,225,207,44,19.6,8.0,0.193,0.285,0.258,0.543,0.092,0.226,0.221,0.372,0.241,0.287,0.283,0.151,0.259,0.323,0.245,0.281,86.0,31.9,6.1,30.1,93.068198375,26.2
"Kershaw, Clayton",477132,2021,488,460,144,29.5,4.3,0.224,0.374,0.262,0.636,0.15,0.292,0.217,0.376,0.274,0.275,0.256,0.159,0.367,0.369,0.326,0.317,88.1,31.7,6.3,37.3,94.123290032,34.7
"Hader, Josh",623352,2021,224,197,102,45.5,10.7,0.127,0.193,0.228,0.421,0.066,0.237,0.151,0.241,0.2,0.229,0.25,0.091,0.279,0.348,0.26,0.313,87.5,40.6,7.3,30.2,93.128507527,45.2
"Hand, Brad",543272,2021,278,238,61,21.9,9.4,0.235,0.408,0.32,0.728,0.173,0.272,0.245,0.432,0.31,0.329,0.331,0.187,0.354,0.382,0.308,0.325,88.2,36.2,9.7,37.3,94.061974309,20.9
"Giolito, Lucas",608337,2021,719,662,201,28.0,7.1,0.219,0.394,0.276,0.67,0.175,0.27,0.218,0.369,0.288,0.281,0.275,0.151,0.367,0.357,0.313,0.311,87.7,37.4,7.3,34.2,93.323217926,32.2
"Minaya, Juan",573668,2021,167,143,43,25.7,12.0,0.189,0.329,0.295,0.624,0.14,0.237,0.195,0.341,0.28,0.293,0.303,0.146,0.308,0.33,0.267,0.279,89.5,30.4,6.9,42.2,94.616371717,26.2
"Plutko, Adam",592644,2021,255,220,44,17.3,10.6,0.295,0.614,0.374,0.988,0.319,0.294,0.273,0.545,0.408,0.379,0.356,0.272,0.462,0.42,0.361,0.335,91.3,38.7,7.7,39.8,94.700687444,24.2
"Bieber, Shane",669456,2021,405,367,134,33.1,8.1,0.229,0.373,0.299,0.672,0.144,0.327,0.219,0.386,0.294,0.296,0.29,0.167,0.399,0.402,0.359,0.344,89.7,38.0,6.0,43.6,94.595495299,36.5
"Kuhl, Chad",641771,2021,349,290,75,21.5,12.0,0.252,0.445,0.357,0.802,0.193,0.288,0.236,0.401,0.347,0.331,0.345,0.165,0.385,0.359,0.33,0.311,88.6,32.3,8.1,37.2,93.845521,27.1
"Barnes, Jacob",606930,2021,128,115,33,25.8,8.6,0.27,0.504,0.339,0.843,0.234,0.32,0.226,0.437,0.359,0.319,0.299,0.211,0.455,0.392,0.378,0.317,90.0,25.3,3.6,39.8,94.491593537,27.4
"Fulmer, Carson",608334,2021,116,98,24,20.7,11.2,0.265,0.429,0.365,0.794,0.164,0.319,0.232,0.421,0.347,0.334,0.337,0.189,0.383,0.364,0.347,0.304,89.3,32.9,3.9,43.4,94.352792133,30.7
"Crowe, Wil",640444,2021,524,457,111,21.2,10.9,0.276,0.501,0.363,0.864,0.225,0.314,0.249,0.455,0.369,0.345,0.34,0.206,0.429,0.393,0.363,0.329,88.8,33.4,5.7,37.1,93.994251763,25.5
"Sheffield, Jordan",642068,2021,116,100,20,17.2,11.2,0.19,0.27,0.293,0.563,0.08,0.215,0.212,0.35,0.26,0.3,0.314,0.138,0.243,0.301,0.235,0.265,88.6,24.7,4.9,38.3,94.063863951,23.4
"Wheeler, Zack",554430,2021,849,785,247,29.1,5.4,0.215,0.321,0.265,0.586,0.106,0.291,0.213,0.319,0.257,0.259,0.263,0.106,0.331,0.334,0.312,0.31,84.6,31.2,3.6,28.5,92.688965373,26.8
"Adams, Austin",613534,2021,241,176,76,31.5,14.5,0.159,0.244,0.366,0.61,0.085,0.265,0.161,0.263,0.297,0.31,0.372,0.102,0.292,0.32,0.272,0.286,85.7,38.7,7.5,24.5,91.761483398,34.2
"Crichton, Stefan",592233,2021,117,99,17,14.5,10.3,0.333,0.495,0.419,0.914,0.162,0.37,0.256,0.395,0.386,0.349,0.366,0.139,0.416,0.365,0.393,0.32,90.5,22.6,6.0,45.2,95.156454643,15.4
"Peralta, Freddy",642547,2021,580,510,195,33.6,9.7,0.165,0.3,0.261,0.561,0.135,0.232,0.171,0.296,0.252,0.255,0.267,0.125,0.314,0.319,0.266,0.276,86.6,33.3,7.2,31.8,92.848436603,34.2
"Cousins, Jake",664776,2021,125,101,44,35.2,15.2,0.158,0.267,0.315,0.582,0.109,0.241,0.177,0.313,0.272,0.296,0.33,0.135,0.319,0.37,0.281,0.314,86.9,27.6,0.0,41.4,93.754066491,41.0
"Maples, Dillon",596027,2021,139,104,40,28.8,18.0,0.144,0.231,0.345,0.576,0.087,0.203,0.181,0.302,0.285,0.322,0.374,0.121,0.25,0.328,0.227,0.287,86.9,30.3,9.1,42.4,93.535832424,30.5
"Whitlock, Garrett",676477,2021,298,275,81,27.2,5.7,0.233,0.349,0.282,0.631,0.116,0.304,0.223,0.334,0.272,0.266,0.273,0.111,0.346,0.335,0.325,0.312,87.7,34.5,7.6,37.1,93.797454924,27.6
"Falter, Bailey",663559,2021,139,130,34,24.5,4.3,0.262,0.423,0.302,0.725,0.161,0.315,0.244,0.381,0.311,0.292,0.287,0.137,0.388,0.36,0.351,0.329,88.9,35.1,2.1,37.1,93.068727526,23.3
"Junis, Jakob",596001,2021,168,154,41,24.4,7.1,0.279,0.461,0.327,0.788,0.182,0.333,0.276,0.508,0.336,0.355,0.325,0.232,0.419,0.447,0.374,0.371,91.2,39.1,10.4,43.5,95.206961652,25.4
"Manaea, Sean",640455,2021,754,702,194,25.7,5.4,0.255,0.415,0.304,0.719,0.16,0.318,0.245,0.42,0.31,0.312,0.296,0.175,0.391,0.393,0.352,0.339,90.2,34.5,7.8,41.2,94.771894139,27.1
"Banda, Anthony",607455,2021,153,136,32,20.9,8.5,0.287,0.478,0.353,0.831,0.191,0.33,0.228,0.367,0.353,0.293,0.302,0.139,0.415,0.328,0.368,0.295,88.5,38.7,5.7,36.8,93.559333491,25.8
"Anderson, Drew",623454,2021,91,84,9,9.9,6.6,0.238,0.298,0.297,0.595,0.06,0.257,0.25,0.411,0.267,0.313,0.307,0.161,0.259,0.314,0.267,0.28,89.7,28.0,5.3,37.3,93.848754595,19.1
"Kaprielian, James",621076,2021,502,451,123,24.5,8.2,0.233,0.43,0.302,0.732,0.197,0.276,0.234,0.445,0.314,0.324,0.305,0.212,0.378,0.393,0.317,0.321,90.1,37.5,9.9,42.3,94.616206074,27.2
"Eflin, Zach",621107,2021,442,421,99,22.4,3.6,0.276,0.461,0.306,0.767,0.185,0.328,0.253,0.42,0.325,0.303,0.285,0.167,0.405,0.376,0.359,0.33,87.9,33.0,6.8,39.2,94.00519162,23.2
"Colomé, Alex",517008,2021,290,258,58,20.0,7.9,0.264,0.411,0.329,0.74,0.147,0.306,0.248,0.448,0.319,0.333,0.318,0.2,0.362,0.382,0.333,0.319,90.6,30.2,5.9,41.5,94.882660594,26.9
"Jackson, Jay",543351,2021,90,76,28,31.1,13.3,0.197,0.382,0.303,0.685,0.185,0.261,0.198,0.4,0.299,0.313,0.307,0.203,0.374,0.4,0.306,0.313,91.3,42.0,8.0,42.0,94.707995833,29.9
"Voth, Austin",608723,2021,248,214,59,23.8,11.3,0.266,0.467,0.351,0.818,0.201,0.32,0.277,0.5,0.345,0.367,0.364,0.223,0.421,0.454,0.363,0.383,88.6,40.6,6.9,41.3,94.474446282,25.1
"Neris, Héctor",593576,2021,310,272,98,31.6,10.3,0.202,0.382,0.294,0.676,0.18,0.264,0.183,0.328,0.292,0.27,0.28,0.145,0.38,0.341,0.314,0.288,86.6,27.3,7.4,35.8,93.562702701,34.4
"Woodruff, Brandon",605540,2021,708,650,211,29.8,6.1,0.2,0.317,0.256,0.573,0.117,0.264,0.223,0.355,0.252,0.28,0.278,0.132,0.322,0.366,0.293,0.329,86.2,36.0,5.4,32.7,93.487917153,28.2
"Holland, Derek",502706,2021,225,202,51,22.7,8.9,0.287,0.455,0.351,0.806,0.168,0.354,0.244,0.401,0.345,0.311,0.313,0.158,0.415,0.364,0.379,0.322,89.1,32.0,7.2,42.5,94.465197763,24.4
"Manoah, Alek",666201,2021,459,401,127,27.7,8.7,0.192,0.314,0.29,0.604,0.122,0.246,0.197,0.325,0.273,0.283,0.296,0.128,0.311,0.329,0.279,0.289,86.8,32.6,4.3,31.2,93.080468732,29.8
"Stratton, Chris",608717,2021,337,300,86,25.5,9.8,0.233,0.367,0.309,0.676,0.134,0.293,0.226,0.386,0.294,0.302,0.304,0.161,0.352,0.365,0.323,0.315,89.0,34.1,4.1,36.9,93.832564413,28.3
"Rogers, Taylor",573124,2021,166,154,59,35.5,4.8,0.247,0.37,0.28,0.65,0.123,0.366,0.207,0.322,0.275,0.245,0.246,0.115,0.417,0.366,0.392,0.333,87.7,34.3,3.0,36.4,94.017302083,29.7
"Smith, Joe",501925,2021,173,158,34,19.7,4.6,0.297,0.462,0.339,0.801,0.165,0.347,0.238,0.392,0.339,0.291,0.284,0.155,0.404,0.34,0.373,0.299,87.9,29.7,7.0,35.2,93.82346152,20.3
"Springs, Jeffrey",605488,2021,179,162,63,35.2,7.8,0.216,0.444,0.275,0.719,0.228,0.283,0.204,0.382,0.302,0.281,0.267,0.178,0.44,0.404,0.347,0.332,87.6,39.2,5.9,36.3,93.421069192,36.5
"Suero, Wander",593833,2021,190,169,44,23.2,7.9,0.266,0.521,0.337,0.858,0.255,0.293,0.261,0.494,0.361,0.353,0.333,0.234,0.438,0.427,0.354,0.348,89.0,37.0,9.4,43.3,94.637742677,25.5
"Burr, Ryan",621114,2021,151,125,33,21.9,13.9,0.224,0.32,0.336,0.656,0.096,0.275,0.223,0.33,0.298,0.308,0.341,0.107,0.309,0.325,0.298,0.306,91.1,25.0,5.2,47.9,95.326552609,24.1
"Suarez, José",660761,2021,413,369,85,20.6,8.7,0.23,0.382,0.304,0.686,0.152,0.269,0.255,0.401,0.299,0.322,0.33,0.146,0.334,0.369,0.297,0.334,87.3,30.9,5.9,35.1,93.857441919,25.8
"Barnes, Matt",598264,2021,222,199,84,37.8,9.0,0.206,0.357,0.284,0.641,0.151,0.306,0.174,0.326,0.278,0.255,0.255,0.152,0.407,0.364,0.353,0.299,89.8,23.3,4.3,41.4,94.57437319,33.7
"Sulser, Cole",642121,2021,257,232,73,28.4,8.9,0.207,0.319,0.277,0.596,0.112,0.277,0.203,0.339,0.264,0.272,0.274,0.136,0.324,0.335,0.3,0.294,88.1,29.2,6.2,39.8,93.696537375,30.3
"Holmes, Clay",605280,2021,292,257,78,26.7,9.9,0.206,0.284,0.296,0.58,0.078,0.274,0.195,0.292,0.262,0.264,0.285,0.098,0.3,0.304,0.294,0.278,87.1,21.0,2.8,34.8,93.272211844,28.3
"Bumgarner, Madison",518516,2021,613,553,124,20.2,6.4,0.242,0.439,0.302,0.741,0.197,0.267,0.241,0.437,0.315,0.319,0.303,0.196,0.363,0.368,0.307,0.309,88.8,38.0,8.0,38.5,93.804930325,21.7
"Enns, Dietrich",608650,2021,88,82,25,28.4,6.8,0.207,0.305,0.261,0.566,0.098,0.286,0.21,0.306,0.25,0.253,0.263,0.097,0.313,0.318,0.298,0.301,85.4,33.3,5.3,33.3,92.781497018,23.9
"Clippard, Tyler",461325,2021,111,95,21,18.9,9.9,0.232,0.4,0.327,0.727,0.168,0.264,0.252,0.502,0.315,0.359,0.345,0.25,0.336,0.401,0.293,0.32,88.1,36.8,6.6,38.2,93.459086622,24.3
"Sheffield, Justus",656954,2021,385,332,63,16.4,11.2,0.316,0.515,0.398,0.913,0.199,0.351,0.296,0.529,0.39,0.394,0.384,0.233,0.428,0.433,0.385,0.365,92.9,32.1,4.4,47.1,96.083897658,19.8
"Goudeau, Ashton",623485,2021,141,119,22,15.6,12.1,0.202,0.37,0.312,0.682,0.168,0.215,0.217,0.352,0.294,0.297,0.325,0.135,0.294,0.299,0.247,0.267,87.8,28.0,4.0,32.0,93.420983402,18.8
"Hembree, Heath",592390,2021,243,217,83,34.2,9.9,0.207,0.419,0.292,0.711,0.212,0.27,0.185,0.353,0.306,0.275,0.273,0.169,0.423,0.369,0.336,0.3,89.2,29.9,4.5,41.0,93.863133835,27.7
"Foster, Matt",641582,2021,174,157,40,23.0,7.5,0.274,0.478,0.333,0.811,0.204,0.309,0.27,0.505,0.346,0.36,0.333,0.235,0.418,0.439,0.361,0.36,90.3,37.0,8.4,44.5,94.499756864,23.7
"Barria, Jaime",642545,2021,250,228,35,14.0,7.6,0.307,0.474,0.364,0.838,0.167,0.333,0.297,0.477,0.361,0.36,0.355,0.18,0.39,0.389,0.361,0.349,90.0,36.6,6.2,41.8,94.599133679,19.1
"López, Reynaldo",625643,2021,222,205,55,24.8,5.9,0.205,0.42,0.248,0.668,0.215,0.222,0.23,0.415,0.28,0.298,0.274,0.184,0.346,0.371,0.273,0.31,89.3,39.0,9.1,38.3,93.905787386,24.8
"Thielbar, Caleb",573204,2021,266,237,77,28.9,7.5,0.232,0.401,0.297,0.698,0.169,0.303,0.218,0.433,0.3,0.307,0.284,0.215,0.388,0.399,0.337,0.318,88.4,32.5,6.6,39.2,94.157575528,26.5
"Holloway, Jordan",656548,2021,158,130,36,22.8,16.5,0.177,0.315,0.31,0.625,0.138,0.215,0.199,0.362,0.284,0.311,0.33,0.163,0.279,0.325,0.24,0.272,88.5,31.3,5.2,31.3,92.978901875,27.2
"McGee, Jake",459429,2021,239,224,58,24.3,4.2,0.196,0.33,0.234,0.564,0.134,0.228,0.213,0.383,0.242,0.271,0.251,0.17,0.295,0.336,0.26,0.284,90.9,31.4,5.3,46.2,94.82943006,20.6
"Karinchak, James",675916,2021,235,199,78,33.2,13.6,0.176,0.352,0.294,0.646,0.176,0.228,0.182,0.34,0.287,0.294,0.304,0.158,0.356,0.371,0.285,0.304,90.1,31.7,8.1,40.7,94.358126583,31.7
"Graveman, Kendall",608665,2021,222,194,61,27.5,9.0,0.18,0.253,0.284,0.537,0.073,0.246,0.225,0.328,0.248,0.295,0.323,0.104,0.27,0.348,0.263,0.328,87.4,32.3,3.0,35.3,93.725262481,25.8
"Bedrosian, Cam",592135,2021,116,97,23,19.8,14.7,0.278,0.485,0.379,0.864,0.207,0.3,0.26,0.48,0.371,0.373,0.369,0.219,0.411,0.414,0.355,0.34,87.9,34.2,5.3,42.1,94.298147368,24.1
"Pérez, Martín",527048,2021,509,459,97,19.1,7.1,0.296,0.481,0.356,0.837,0.185,0.337,0.276,0.472,0.358,0.355,0.341,0.197,0.413,0.409,0.372,0.35,88.6,40.3,7.1,42.2,94.223236796,19.3
"Rodón, Carlos",607074,2021,534,481,185,34.6,6.7,0.189,0.306,0.255,0.561,0.117,0.271,0.187,0.316,0.247,0.254,0.254,0.13,0.335,0.346,0.302,0.301,89.2,29.9,5.6,36.2,94.0230923,33.2
"Oviedo, Johan",670912,2021,288,243,51,17.7,12.8,0.251,0.412,0.362,0.774,0.161,0.286,0.268,0.453,0.339,0.362,0.376,0.185,0.353,0.387,0.316,0.337,87.7,35.6,4.1,35.6,93.647506387,26.1
"Mejía, J.C.",650496,2021,238,210,47,19.7,10.1,0.286,0.538,0.367,0.905,0.252,0.313,0.281,0.485,0.385,0.369,0.363,0.204,0.445,0.422,0.368,0.363,91.0,31.1,4.3,45.7,95.08486179,20.8
"Foltynewicz, Mike",592314,2021,586,535,97,16.6,6.1,0.26,0.527,0.316,0.843,0.267,0.256,0.261,0.5,0.355,0.351,0.319,0.239,0.398,0.393,0.315,0.32,89.8,37.2,9.7,43.0,94.822570228,18.3
"Morton, Charlie",450203,2021,756,669,216,28.6,7.7,0.203,0.309,0.281,0.59,0.106,0.271,0.215,0.336,0.264,0.284,0.294,0.122,0.318,0.351,0.296,0.317,88.1,29.9,5.6,32.5,93.368970396,29.1
"Castillo, Diego",650895,2021,233,206,75,32.2,7.3,0.194,0.354,0.268,0.622,0.16,0.248,0.187,0.319,0.268,0.259,0.265,0.131,0.354,0.339,0.299,0.292,88.3,26.5,6.6,38.2,94.305405076,32.8
"Wainwright, Adam",425794,2021,828,765,174,21.0,6.0,0.22,0.352,0.275,0.627,0.132,0.257,0.246,0.391,0.273,0.302,0.3,0.145,0.313,0.354,0.284,0.319,88.2,34.3,5.7,35.6,93.426713667,20.2
"Kintzler, Brandon",445213,2021,141,131,22,15.6,5.7,0.344,0.58,0.383,0.963,0.236,0.369,0.312,0.526,0.402,0.378,0.357,0.214,0.464,0.434,0.409,0.376,91.7,33.6,6.4,48.2,96.123431651,15.8
"Hendrix, Ryan",641682,2021,142,123,35,24.6,11.3,0.268,0.528,0.352,0.88,0.26,0.305,0.266,0.473,0.366,0.349,0.35,0.208,0.454,0.427,0.367,0.364,91.8,41.1,5.6,44.4,95.157233295,32.9
"Selman, Sam",572125,2021,110,90,19,17.3,10.9,0.222,0.356,0.336,0.692,0.134,0.239,0.242,0.396,0.305,0.338,0.36,0.155,0.298,0.346,0.27,0.306,84.1,39.2,4.1,27.0,92.156221216,20.4
"Fleming, Josh",676596,2021,448,410,65,14.5,6.9,0.268,0.407,0.324,0.731,0.139,0.296,0.272,0.433,0.313,0.33,0.327,0.16,0.34,0.362,0.318,0.323,87.5,30.1,2.9,35.0,93.669652391,19.5
"Marshall, Evan",605359,2021,113,101,26,23.0,8.0,0.277,0.515,0.33,0.845,0.238,0.319,0.218,0.369,0.351,0.29,0.283,0.151,0.435,0.347,0.364,0.294,87.3,33.3,2.6,33.3,93.301735325,23.4
"Allen, Logan",663531,2021,222,199,37,16.7,7.7,0.291,0.518,0.356,0.874,0.227,0.303,0.29,0.531,0.371,0.38,0.357,0.241,0.413,0.425,0.354,0.355,90.2,35.4,4.9,45.1,94.694224939,19.2
"Moore, Matt",519043,2021,334,285,63,18.9,11.4,0.274,0.509,0.362,0.871,0.235,0.303,0.245,0.447,0.368,0.337,0.337,0.203,0.419,0.375,0.35,0.313,89.5,35.1,7.8,38.1,94.412994459,22.1
"Valdez, Phillips",570488,2021,177,147,35,19.8,10.7,0.238,0.354,0.347,0.701,0.116,0.279,0.247,0.384,0.312,0.33,0.355,0.138,0.323,0.35,0.304,0.316,88.3,27.6,1.7,36.2,94.220576053,23.0
"Peterson, David",656849,2021,287,251,69,24.0,10.1,0.255,0.454,0.344,0.798,0.199,0.31,0.273,0.484,0.345,0.367,0.36,0.211,0.411,0.445,0.352,0.377,90.4,38.0,8.7,42.9,95.136521966,25.3
"Garrett, Braxton",666129,2021,159,132,32,20.1,12.6,0.318,0.447,0.413,0.86,0.129,0.398,0.294,0.447,0.377,0.372,0.395,0.154,0.428,0.42,0.416,0.388,89.0,39.0,6.7,39.0,94.363199293,21.8
"Espino, Paolo",502179,2021,455,422,92,20.2,5.5,0.256,0.46,0.297,0.757,0.204,0.283,0.264,0.489,0.319,0.336,0.305,0.225,0.381,0.404,0.324,0.335,89.6,39.8,5.0,43.3,94.565178902,20.3
"Peralta, Wandy",593974,2021,219,195,43,19.6,9.6,0.251,0.385,0.324,0.709,0.134,0.291,0.237,0.377,0.309,0.309,0.315,0.141,0.342,0.344,0.318,0.305,85.7,28.6,1.9,29.8,92.977123311,32.3
"Lakins, Travis",664042,2021,123,104,24,19.5,13.8,0.221,0.356,0.333,0.689,0.135,0.247,0.249,0.457,0.308,0.354,0.357,0.208,0.314,0.383,0.284,0.32,89.2,35.8,3.7,32.1,93.929478481,25.7
"Wilson, Justin",458677,2021,149,131,29,19.5,10.7,0.244,0.435,0.331,0.766,0.191,0.271,0.231,0.417,0.332,0.324,0.32,0.186,0.367,0.354,0.314,0.297,86.9,22.5,1.0,36.3,93.317273878,20.8
"Nance, Tommy",667297,2021,127,110,30,23.6,10.2,0.227,0.418,0.323,0.741,0.191,0.263,0.255,0.423,0.322,0.343,0.348,0.168,0.367,0.4,0.309,0.348,88.1,29.6,3.7,42.0,94.401539,24.4
"Martin, Chris",455119,2021,180,169,33,18.3,2.8,0.29,0.402,0.32,0.722,0.112,0.338,0.262,0.416,0.313,0.309,0.294,0.154,0.366,0.361,0.358,0.324,91.2,31.7,7.2,43.2,95.017472426,21.2
"Wisler, Matt",605538,2021,195,180,62,31.8,5.6,0.228,0.4,0.272,0.672,0.172,0.304,0.2,0.33,0.284,0.254,0.25,0.13,0.392,0.344,0.339,0.304,86.8,33.9,6.6,25.6,92.769397686,32.0
"Kimbrel, Craig",518886,2021,235,206,100,42.6,9.8,0.15,0.272,0.243,0.515,0.122,0.243,0.157,0.281,0.23,0.241,0.251,0.124,0.335,0.359,0.284,0.303,90.5,41.3,13.8,39.8,94.353208796,43.7
"Lamet, Dinelson",659275,2021,209,183,57,27.3,10.5,0.262,0.415,0.346,0.761,0.153,0.347,0.22,0.383,0.333,0.307,0.311,0.163,0.414,0.373,0.378,0.32,86.9,36.7,4.7,35.2,93.52714272,32.3
"Sandoval, Patrick",663776,2021,363,321,94,25.9,9.9,0.215,0.349,0.3,0.649,0.134,0.266,0.216,0.343,0.288,0.291,0.303,0.127,0.335,0.34,0.301,0.305,85.4,29.3,3.5,35.4,93.015288326,33.9
"Miley, Wade",489119,2021,690,627,125,18.1,7.2,0.265,0.408,0.321,0.729,0.143,0.306,0.249,0.401,0.317,0.312,0.308,0.153,0.355,0.349,0.329,0.311,85.7,31.8,6.8,34.2,93.173406821,23.9
"Wells, Alex",649144,2021,197,177,26,13.2,8.1,0.299,0.52,0.365,0.885,0.221,0.303,0.302,0.536,0.377,0.388,0.368,0.234,0.402,0.416,0.349,0.352,89.6,36.8,9.2,47.4,95.130203092,16.4
"Brach, Brad",542960,2021,139,118,33,23.7,12.9,0.254,0.449,0.355,0.804,0.195,0.309,0.229,0.421,0.343,0.33,0.338,0.192,0.406,0.385,0.349,0.322,88.9,29.9,3.4,35.6,93.777462907,30.0
"Heaney, Andrew",571760,2021,558,507,150,26.9,7.3,0.256,0.487,0.317,0.804,0.231,0.304,0.235,0.438,0.341,0.32,0.301,0.203,0.437,0.408,0.36,0.336,89.3,33.8,7.5,40.8,94.070027126,28.3
"Ray, Robbie",592662,2021,773,714,248,32.1,6.7,0.21,0.401,0.267,0.668,0.191,0.269,0.215,0.401,0.287,0.293,0.272,0.186,0.39,0.4,0.321,0.33,90.4,34.3,6.0,43.1,94.918518906,32.3
"Coulombe, Danny",543056,2021,139,131,33,23.7,5.0,0.267,0.443,0.304,0.747,0.176,0.323,0.228,0.394,0.317,0.283,0.267,0.166,0.401,0.353,0.357,0.305,90.0,34.3,2.0,39.4,94.373280206,23.7
"Webb, Jacob",657097,2021,153,136,33,21.6,9.2,0.279,0.441,0.349,0.79,0.162,0.34,0.243,0.4,0.332,0.304,0.317,0.157,0.399,0.359,0.365,0.319,87.4,40.0,5.7,29.5,92.904664854,31.4
"García, Jarlín",606424,2021,269,245,68,25.3,6.7,0.196,0.38,0.256,0.636,0.184,0.231,0.217,0.371,0.269,0.281,0.277,0.154,0.331,0.348,0.27,0.302,89.7,35.4,6.1,40.3,94.382465112,22.6
"Chacín, Jhoulys",468504,2021,269,239,47,17.5,10.4,0.222,0.406,0.302,0.708,0.184,0.243,0.24,0.397,0.306,0.319,0.322,0.157,0.325,0.343,0.275,0.302,86.4,32.0,3.1,36.1,93.536952169,22.6
"Kelly, Merrill",518876,2021,667,612,130,19.5,6.1,0.266,0.433,0.315,0.748,0.167,0.305,0.266,0.436,0.319,0.324,0.315,0.17,0.372,0.379,0.335,0.336,89.0,33.1,7.3,39.6,94.143832227,20.6
"Shaw, Bryan",543766,2021,334,294,71,21.3,11.4,0.235,0.388,0.324,0.712,0.153,0.277,0.246,0.403,0.313,0.326,0.334,0.158,0.347,0.366,0.309,0.324,88.8,36.2,6.3,38.4,93.92478,25.8
"Abreu, Albert",656061,2021,156,131,35,22.4,12.2,0.206,0.435,0.314,0.749,0.229,0.209,0.227,0.413,0.32,0.334,0.339,0.186,0.353,0.376,0.273,0.312,83.8,37.4,11.1,29.3,92.489253776,26.8
"Strasburg, Stephen",544931,2021,95,80,21,22.1,14.7,0.2,0.388,0.326,0.714,0.188,0.218,0.243,0.453,0.308,0.352,0.364,0.21,0.333,0.402,0.271,0.331,91.9,39.0,5.1,45.8,95.154192586,29.0
"Singer, Brady",663903,2021,586,519,131,22.4,9.0,0.281,0.414,0.358,0.772,0.133,0.35,0.253,0.401,0.338,0.327,0.335,0.148,0.393,0.377,0.373,0.338,88.5,32.7,7.7,37.6,94.101839871,25.3
"Carrasco, Carlos",471911,2021,237,217,50,21.1,7.6,0.272,0.502,0.325,0.827,0.23,0.299,0.252,0.466,0.35,0.335,0.308,0.214,0.417,0.396,0.349,0.326,89.0,34.9,8.3,38.5,94.167027321,27.3
"Williams, Trevor",592866,2021,405,366,90,22.2,7.7,0.287,0.462,0.347,0.809,0.175,0.353,0.259,0.42,0.348,0.325,0.321,0.161,0.418,0.385,0.379,0.342,89.2,34.3,5.7,37.9,94.23577708,24.1
"Zimmer, Kyle",622092,2021,223,189,46,20.6,13.5,0.243,0.397,0.341,0.738,0.154,0.279,0.227,0.404,0.321,0.335,0.335,0.177,0.349,0.369,0.313,0.304,89.1,26.5,4.1,38.1,94.240153472,25.0
"Mize, Casey",663554,2021,612,555,118,19.3,6.7,0.234,0.418,0.298,0.716,0.184,0.254,0.251,0.467,0.308,0.339,0.316,0.216,0.345,0.388,0.295,0.32,89.1,33.0,5.0,40.0,94.371120888,22.6
"Duffy, Danny",518633,2021,252,230,65,25.8,8.7,0.226,0.357,0.294,0.651,0.131,0.289,0.241,0.415,0.284,0.313,0.308,0.174,0.344,0.388,0.315,0.336,89.5,39.4,5.5,40.6,94.338194667,29.1
"Ryu, Hyun Jin",547943,2021,701,658,143,20.4,5.3,0.258,0.435,0.299,0.734,0.177,0.296,0.259,0.442,0.313,0.322,0.301,0.183,0.371,0.383,0.328,0.332,89.6,33.7,4.8,41.6,94.364837227,22.6
"Burnes, Corbin",669203,2021,657,612,234,35.6,5.2,0.201,0.273,0.248,0.521,0.072,0.309,0.18,0.261,0.232,0.221,0.229,0.082,0.325,0.307,0.322,0.289,85.5,29.5,4.7,30.5,92.749467427,37.3
"Gonzales, Marco",594835,2021,585,535,108,18.5,7.2,0.234,0.465,0.295,0.76,0.231,0.24,0.251,0.484,0.321,0.339,0.311,0.234,0.363,0.388,0.291,0.314,88.1,37.4,5.1,37.0,93.854091103,20.4
"Peacock, Matt",676840,2021,386,352,50,13.0,7.3,0.304,0.494,0.354,0.848,0.19,0.322,0.264,0.414,0.357,0.317,0.319,0.151,0.389,0.339,0.351,0.306,90.2,25.1,4.6,45.9,94.835241026,18.0
"Bleier, Richard",542947,2021,225,212,44,19.6,2.7,0.241,0.335,0.268,0.603,0.094,0.281,0.239,0.34,0.256,0.269,0.272,0.101,0.306,0.324,0.298,0.303,88.0,26.2,4.1,39.0,94.17690744,20.1
"Smyly, Drew",592767,2021,546,494,117,21.4,7.5,0.269,0.48,0.326,0.806,0.211,0.3,0.263,0.47,0.342,0.341,0.322,0.207,0.41,0.409,0.35,0.345,88.8,36.1,5.2,39.0,94.218153797,25.0
"Campbell, Paul",669294,2021,124,111,26,21.0,8.1,0.288,0.486,0.358,0.844,0.198,0.338,0.258,0.478,0.363,0.349,0.33,0.221,0.427,0.407,0.376,0.337,88.9,33.7,1.2,34.9,93.752862143,24.4
"Steele, Justin",657006,2021,248,215,59,23.8,10.9,0.233,0.437,0.332,0.769,0.204,0.264,0.223,0.372,0.332,0.309,0.324,0.149,0.387,0.351,0.321,0.308,87.9,29.3,4.5,35.0,93.447311699,27.6
"Stephan, Trevor",663986,2021,282,247,75,26.6,11.0,0.235,0.47,0.326,0.796,0.235,0.272,0.236,0.476,0.34,0.347,0.33,0.24,0.42,0.431,0.335,0.341,89.7,40.5,7.5,42.8,94.555136628,30.2
"Swanson, Erik",657024,2021,144,132,35,24.3,6.9,0.212,0.402,0.271,0.673,0.19,0.247,0.206,0.369,0.285,0.274,0.265,0.163,0.345,0.329,0.286,0.278,87.7,30.6,6.1,30.6,92.405222347,27.6
"Norris, Daniel",596057,2021,248,215,58,23.4,12.1,0.256,0.428,0.352,0.78,0.172,0.311,0.231,0.394,0.34,0.32,0.33,0.163,0.396,0.364,0.35,0.316,92.3,31.0,8.2,45.6,95.301345064,27.2
"Turnbull, Spencer",605513,2021,201,182,44,21.9,6.0,0.203,0.286,0.27,0.556,0.083,0.255,0.202,0.326,0.25,0.27,0.272,0.124,0.273,0.302,0.266,0.269,88.2,27.9,10.7,33.6,93.260753333,23.3
"Oviedo, Luis",665854,2021,147,117,31,21.1,17.7,0.282,0.47,0.415,0.885,0.188,0.345,0.249,0.444,0.383,0.369,0.393,0.194,0.422,0.398,0.375,0.338,89.4,37.5,9.1,42.0,94.672256477,27.7
"Montas, Frankie",593423,2021,778,707,207,26.6,7.3,0.232,0.372,0.294,0.666,0.14,0.298,0.231,0.404,0.29,0.305,0.295,0.174,0.359,0.382,0.325,0.326,89.3,34.4,8.3,42.3,94.578879859,29.6
"González, Victor",624647,2021,155,131,33,21.3,12.3,0.244,0.359,0.351,0.71,0.115,0.302,0.25,0.372,0.313,0.324,0.356,0.122,0.34,0.356,0.323,0.331,82.4,35.0,3.0,26.0,92.265073571,28.7
"Smith, Burch",572143,2021,188,175,28,14.9,5.9,0.28,0.44,0.324,0.764,0.16,0.308,0.28,0.457,0.328,0.336,0.324,0.177,0.361,0.37,0.331,0.331,91.1,38.5,4.7,41.9,94.590554189,20.2
"Stephenson, Robert",596112,2021,197,174,52,26.4,9.1,0.241,0.408,0.316,0.724,0.167,0.311,0.227,0.403,0.313,0.31,0.305,0.176,0.383,0.377,0.339,0.321,89.1,32.0,4.8,36.8,93.783229512,27.2
"Guerra, Junior",448855,2021,307,256,61,19.9,15.0,0.262,0.379,0.378,0.757,0.117,0.319,0.238,0.351,0.338,0.324,0.359,0.113,0.355,0.334,0.34,0.311,86.7,31.5,4.6,35.5,93.313200457,27.3
"Kelly, Joe",523260,2021,182,161,50,27.5,8.2,0.174,0.286,0.258,0.544,0.112,0.227,0.203,0.31,0.242,0.276,0.289,0.107,0.276,0.33,0.248,0.298,85.5,27.4,5.3,34.5,93.405145268,28.1
"Morgan, Eli",669212,2021,379,348,81,21.4,5.8,0.259,0.5,0.309,0.809,0.241,0.282,0.255,0.513,0.343,0.349,0.307,0.258,0.412,0.421,0.336,0.332,89.5,40.4,10.7,42.6,94.430165169,22.8
"Bundy, Dylan",605164,2021,397,352,84,21.2,8.6,0.253,0.491,0.327,0.818,0.238,0.275,0.241,0.456,0.348,0.334,0.318,0.215,0.404,0.385,0.328,0.316,89.2,35.5,7.0,38.5,93.937638,23.3
"Garcia, Luis",677651,2021,633,573,167,26.4,7.9,0.232,0.393,0.295,0.688,0.161,0.291,0.231,0.394,0.297,0.303,0.297,0.163,0.367,0.377,0.324,0.326,88.1,34.1,7.0,38.7,93.917835637,30.7
"Gant, John",607231,2021,491,408,92,18.7,14.5,0.233,0.368,0.352,0.72,0.135,0.275,0.256,0.402,0.321,0.346,0.373,0.146,0.325,0.365,0.298,0.33,89.9,32.0,4.7,38.5,94.336825687,24.6
"Bass, Anthony",542914,2021,260,228,58,22.3,9.2,0.241,0.425,0.318,0.743,0.184,0.272,0.251,0.444,0.312,0.331,0.329,0.193,0.37,0.397,0.318,0.335,88.9,33.7,8.0,40.0,94.345699595,27.1
"Nolin, Sean",543594,2021,123,106,20,16.3,10.6,0.302,0.5,0.385,0.885,0.198,0.337,0.23,0.388,0.379,0.313,0.323,0.158,0.412,0.319,0.368,0.281,89.0,43.2,12.5,40.9,94.046023605,20.7
"Clarke, Taylor",664199,2021,194,179,39,20.1,7.2,0.291,0.436,0.34,0.776,0.145,0.35,0.258,0.443,0.331,0.322,0.311,0.185,0.392,0.38,0.369,0.329,91.9,35.5,5.0,43.3,95.059401511,22.7
"Feliz, Michael",593140,2021,90,83,22,24.4,7.8,0.313,0.506,0.367,0.873,0.193,0.386,0.291,0.538,0.374,0.376,0.346,0.247,0.472,0.476,0.426,0.396,91.2,41.0,9.8,47.5,95.345311311,29.1
"Guerra, Deolis",500610,2021,269,243,62,23.0,7.4,0.218,0.358,0.287,0.645,0.14,0.259,0.2,0.348,0.283,0.272,0.271,0.149,0.325,0.309,0.291,0.267,85.6,30.1,4.9,33.9,92.744509448,28.4
"Cessa, Luis",570666,2021,263,240,54,20.5,8.0,0.229,0.342,0.291,0.633,0.113,0.276,0.248,0.377,0.277,0.302,0.308,0.13,0.313,0.348,0.296,0.319,86.9,30.3,3.2,35.1,93.642948978,27.0
"May, Dustin",669160,2021,92,86,35,38.0,5.4,0.186,0.349,0.239,0.588,0.163,0.255,0.2,0.358,0.255,0.268,0.252,0.159,0.378,0.402,0.314,0.336,89.0,33.3,9.8,39.2,94.4878914,31.6
"Watkins, Spenser",657093,2021,255,230,35,13.7,7.5,0.322,0.596,0.374,0.97,0.274,0.326,0.294,0.562,0.405,0.389,0.353,0.268,0.446,0.425,0.374,0.347,90.7,38.2,7.0,38.2,94.652680408,17.9
"Pérez, Cionel",672335,2021,111,90,25,22.5,18.0,0.233,0.444,0.369,0.813,0.211,0.262,0.205,0.362,0.351,0.317,0.347,0.157,0.387,0.329,0.318,0.281,89.6,24.2,10.6,42.4,94.442875303,30.3
"Zimmermann, Bruce",669145,2021,285,258,56,19.6,7.7,0.291,0.492,0.349,0.841,0.201,0.321,0.29,0.531,0.359,0.377,0.35,0.242,0.418,0.443,0.368,0.369,91.0,37.1,7.3,44.9,95.543490739,25.6
"Alvarez, Jose",501625,2021,266,244,42,15.8,7.1,0.217,0.279,0.273,0.552,0.062,0.254,0.247,0.342,0.245,0.287,0.301,0.095,0.256,0.31,0.261,0.298,86.4,29.9,4.4,32.8,92.821664158,20.7
"Staumont, Josh",622251,2021,264,235,72,27.3,10.2,0.183,0.294,0.273,0.567,0.111,0.236,0.219,0.392,0.254,0.304,0.305,0.173,0.291,0.373,0.264,0.316,91.7,36.2,8.0,45.4,95.071966235,26.6
"Jansen, Kenley",445276,2021,278,236,86,30.9,12.9,0.153,0.233,0.268,0.501,0.08,0.216,0.177,0.273,0.229,0.26,0.293,0.096,0.255,0.311,0.237,0.282,84.0,30.1,4.6,26.1,91.97660245,33.3
"Armstrong, Shawn",542888,2021,165,147,44,26.7,9.1,0.265,0.531,0.339,0.87,0.266,0.309,0.239,0.491,0.367,0.345,0.317,0.252,0.469,0.435,0.375,0.339,90.6,38.5,6.7,44.2,94.76759301,32.0
"Sadler, Casey",594987,2021,145,133,37,25.5,6.9,0.143,0.195,0.207,0.402,0.052,0.188,0.196,0.277,0.185,0.243,0.256,0.081,0.198,0.285,0.196,0.27,85.4,18.6,3.1,30.9,92.780250928,23.7
"Lucchesi, Joey",664192,2021,157,139,41,26.1,7.0,0.245,0.417,0.305,0.722,0.172,0.313,0.218,0.384,0.31,0.297,0.285,0.166,0.387,0.367,0.34,0.309,90.5,34.3,8.8,40.2,94.530900204,23.8
"Dobnak, Randy",677976,2021,228,213,27,11.8,5.3,0.31,0.554,0.348,0.902,0.244,0.313,0.315,0.545,0.38,0.388,0.357,0.229,0.413,0.423,0.353,0.364,91.7,31.0,4.8,55.6,96.681196467,17.4
"Iglesias, Raisel",628452,2021,273,256,103,37.7,4.4,0.207,0.367,0.243,0.61,0.16,0.29,0.186,0.334,0.261,0.244,0.224,0.148,0.397,0.368,0.34,0.307,86.2,33.1,5.1,33.8,93.193580129,40.9
"Johnson, Pierce",572955,2021,244,214,77,31.6,11.1,0.22,0.369,0.307,0.676,0.149,0.308,0.203,0.345,0.292,0.286,0.297,0.142,0.382,0.372,0.338,0.32,89.1,36.0,4.3,35.3,93.257119562,30.3
"Hammer, JD",670456,2021,94,81,22,23.4,11.7,0.259,0.407,0.362,0.769,0.148,0.321,0.222,0.345,0.336,0.301,0.329,0.123,0.389,0.332,0.356,0.305,92.0,28.8,6.8,50.8,94.874151356,24.4
"Lugo, Seth",607625,2021,195,173,55,28.2,9.7,0.237,0.399,0.313,0.712,0.162,0.307,0.245,0.404,0.305,0.314,0.321,0.158,0.387,0.401,0.342,0.355,89.2,37.5,5.0,38.3,94.074874701,31.1
"Freeland, Kyle",607536,2021,515,469,105,20.4,7.4,0.284,0.471,0.342,0.813,0.187,0.328,0.242,0.419,0.349,0.315,0.304,0.178,0.41,0.362,0.364,0.311,88.4,34.5,5.2,35.3,93.669716713,21.6
"LeBlanc, Wade",453281,2021,221,198,29,13.1,7.7,0.283,0.48,0.352,0.832,0.197,0.298,0.284,0.489,0.353,0.359,0.353,0.206,0.377,0.385,0.331,0.333,87.8,39.2,7.0,36.8,93.32518426,20.5
"Davis, Wade",451584,2021,190,163,38,20.0,10.0,0.27,0.454,0.344,0.798,0.184,0.295,0.275,0.499,0.341,0.372,0.356,0.224,0.384,0.429,0.338,0.355,90.4,42.7,7.6,46.6,94.935145814,23.4
"White, Mitch",669952,2021,197,177,49,24.9,8.6,0.215,0.356,0.281,0.637,0.141,0.258,0.242,0.378,0.276,0.299,0.306,0.136,0.329,0.364,0.292,0.331,88.7,31.3,6.1,37.4,94.059175116,23.3
"Kluber, Corey",446372,2021,341,299,82,24.0,9.7,0.247,0.375,0.329,0.704,0.128,0.311,0.236,0.384,0.31,0.312,0.32,0.148,0.36,0.362,0.336,0.322,86.9,34.8,6.3,34.4,93.586400688,28.1
"Martin, Brett",656685,2021,264,246,42,15.9,5.3,0.272,0.374,0.312,0.686,0.102,0.312,0.26,0.368,0.293,0.29,0.3,0.108,0.334,0.33,0.328,0.314,88.0,26.9,3.4,33.7,93.141460296,22.7
"Dunning, Dane",641540,2021,511,459,114,22.3,8.4,0.275,0.427,0.345,0.772,0.152,0.339,0.259,0.42,0.336,0.331,0.332,0.161,0.395,0.387,0.364,0.345,89.2,31.4,6.1,43.5,94.650115246,23.2
"Zuber, Tyler",676604,2021,123,104,25,20.3,13.8,0.25,0.462,0.358,0.82,0.212,0.27,0.285,0.558,0.351,0.403,0.389,0.274,0.388,0.468,0.325,0.373,90.3,42.5,7.5,43.8,94.667713375,26.7
"Odorizzi, Jake",543606,2021,441,399,91,20.6,7.7,0.243,0.429,0.307,0.736,0.186,0.276,0.248,0.452,0.316,0.329,0.311,0.204,0.364,0.383,0.314,0.321,89.7,31.3,9.3,39.3,94.334875243,21.9
"Shreve, Chasen",592741,2021,235,203,45,19.1,11.9,0.212,0.374,0.306,0.68,0.162,0.234,0.208,0.371,0.298,0.302,0.308,0.163,0.311,0.316,0.267,0.27,88.0,34.2,6.2,30.4,92.673656415,24.3
"Sawamura, Hirokazu",617228,2021,232,198,61,26.3,13.4,0.227,0.429,0.336,0.765,0.202,0.279,0.214,0.394,0.324,0.312,0.327,0.18,0.394,0.375,0.326,0.311,89.5,29.0,3.6,42.8,94.230087591,35.0
"Tapia, Domingo",593619,2021,135,120,26,19.3,11.1,0.208,0.275,0.296,0.571,0.067,0.258,0.252,0.358,0.255,0.305,0.336,0.106,0.265,0.336,0.266,0.323,90.0,34.0,2.1,42.6,94.21224129,20.8
"Poteet, Cody",547001,2021,132,116,32,24.2,12.1,0.216,0.457,0.311,0.768,0.241,0.234,0.228,0.471,0.329,0.341,0.322,0.243,0.386,0.403,0.298,0.315,91.5,33.3,1.2,42.9,95.22995122,24.0
"Houck, Tanner",656557,2021,285,256,87,30.5,7.4,0.223,0.313,0.296,0.609,0.09,0.319,0.209,0.343,0.271,0.277,0.283,0.134,0.345,0.355,0.335,0.314,87.2,31.0,5.8,35.1,93.458621667,30.9
"Estévez, Carlos",608032,2021,270,242,60,22.2,7.8,0.293,0.455,0.349,0.804,0.162,0.354,0.251,0.413,0.345,0.318,0.313,0.162,0.413,0.375,0.382,0.329,90.5,33.2,6.4,39.6,94.325384645,24.7
"Ross, Joe",605452,2021,460,413,109,23.7,7.4,0.237,0.402,0.306,0.708,0.165,0.28,0.242,0.416,0.305,0.315,0.312,0.174,0.364,0.38,0.32,0.328,87.6,34.6,4.5,37.2,93.752968086,25.4
"Shoemaker, Matt",533167,2021,284,246,40,14.1,9.5,0.297,0.537,0.367,0.904,0.24,0.296,0.282,0.537,0.38,0.38,0.357,0.255,0.408,0.409,0.346,0.333,89.1,31.5,7.0,40.4,94.226239615,22.2
"Hernández, Darwinzon",650382,2021,182,143,54,29.7,17.0,0.203,0.343,0.359,0.702,0.14,0.279,0.206,0.331,0.32,0.323,0.364,0.125,0.362,0.366,0.319,0.328,88.2,34.8,3.3,38.0,94.006148222,31.8
"Evans, Demarcus",663770,2021,120,101,33,27.5,13.3,0.238,0.416,0.345,0.761,0.178,0.308,0.205,0.336,0.333,0.295,0.317,0.131,0.403,0.337,0.348,0.3,89.5,41.4,8.6,30.0,92.744491014,28.2
"De Los Santos, Enyel",660853,2021,173,148,48,27.7,10.4,0.291,0.534,0.382,0.916,0.243,0.38,0.236,0.444,0.384,0.332,0.335,0.208,0.512,0.426,0.43,0.35,88.9,31.1,4.9,40.8,94.736335773,31.9
"Lester, Jon",452657,2021,627,558,91,14.5,8.8,0.285,0.478,0.349,0.827,0.193,0.3,0.27,0.459,0.352,0.345,0.339,0.188,0.381,0.373,0.337,0.323,88.3,33.5,6.1,37.2,93.976799595,20.1
"Richards, Garrett",572070,2021,617,547,115,18.6,9.7,0.289,0.468,0.361,0.829,0.179,0.333,0.278,0.468,0.356,0.355,0.353,0.19,0.401,0.4,0.362,0.35,91.1,34.6,7.6,47.8,95.493330023,22.5
"López, Jorge",605347,2021,555,485,112,20.2,10.1,0.293,0.485,0.375,0.86,0.192,0.341,0.27,0.449,0.369,0.352,0.356,0.18,0.424,0.398,0.378,0.349,89.7,35.0,4.5,43.5,95.190768235,20.7
"Santana, Edgar",650828,2021,175,162,33,18.9,6.9,0.228,0.383,0.282,0.665,0.155,0.246,0.252,0.423,0.286,0.314,0.303,0.171,0.325,0.362,0.287,0.316,88.1,26.2,6.9,39.2,93.921808504,26.6
"Clase, Emmanuel",661403,2021,279,262,74,26.5,5.7,0.195,0.24,0.241,0.481,0.045,0.263,0.204,0.272,0.212,0.232,0.251,0.068,0.262,0.293,0.271,0.286,86.4,20.1,2.6,29.6,92.504745676,33.2
"Harper, Ryne",607560,2021,148,131,31,20.9,9.5,0.214,0.389,0.297,0.686,0.175,0.232,0.224,0.354,0.297,0.293,0.306,0.131,0.329,0.323,0.277,0.291,83.7,31.7,5.0,28.7,92.569051633,22.4
"Hendricks, Kyle",543294,2021,785,719,131,16.7,5.6,0.278,0.481,0.33,0.811,0.203,0.302,0.27,0.458,0.345,0.338,0.323,0.188,0.389,0.38,0.338,0.33,86.3,37.4,4.7,33.0,93.217965246,20.1
"Wacha, Michael",608379,2021,528,488,121,22.9,5.9,0.27,0.467,0.317,0.784,0.197,0.313,0.277,0.498,0.334,0.352,0.325,0.221,0.409,0.436,0.356,0.367,89.9,39.8,6.5,43.0,94.870366576,23.0
"McKenzie, Triston",663474,2021,495,433,136,27.5,11.7,0.194,0.383,0.293,0.676,0.189,0.227,0.224,0.414,0.296,0.321,0.319,0.19,0.35,0.391,0.282,0.326,90.3,36.2,6.0,42.3,94.502811622,27.9
"Weaver, Luke",596133,2021,275,249,62,22.5,7.3,0.233,0.47,0.292,0.762,0.237,0.266,0.247,0.454,0.317,0.326,0.307,0.207,0.386,0.398,0.309,0.33,90.1,36.1,6.3,41.4,94.551155266,23.7
"Boxberger, Brad",502202,2021,266,229,83,31.2,9.4,0.192,0.332,0.286,0.618,0.14,0.257,0.2,0.353,0.274,0.287,0.294,0.153,0.342,0.366,0.297,0.311,88.3,27.8,6.6,35.1,93.905163655,32.1
"Santillan, Tony",663574,2021,190,157,56,29.5,11.1,0.217,0.401,0.328,0.729,0.184,0.276,0.203,0.357,0.318,0.307,0.321,0.154,0.387,0.366,0.324,0.311,89.1,34.0,7.5,37.7,94.016275825,32.7
"Parker, Blake",453284,2021,185,167,37,20.0,7.6,0.257,0.395,0.319,0.714,0.138,0.299,0.247,0.399,0.31,0.311,0.31,0.152,0.351,0.351,0.326,0.314,86.7,32.6,5.3,31.8,92.977271515,23.6
"Diplán, Marcos",650959,2021,123,107,24,19.5,12.2,0.206,0.411,0.301,0.712,0.205,0.205,0.222,0.421,0.308,0.321,0.316,0.199,0.328,0.346,0.262,0.283,90.4,33.3,1.2,39.3,94.52002381,25.1
"Helsley, Ryan",664854,2021,206,176,47,22.8,13.1,0.227,0.341,0.327,0.668,0.114,0.283,0.242,0.411,0.295,0.329,0.342,0.17,0.325,0.379,0.305,0.329,90.9,32.6,7.6,43.2,95.221141756,27.2
"Thompson, Zach",605507,2021,315,278,66,21.0,8.9,0.227,0.374,0.301,0.675,0.147,0.273,0.22,0.367,0.293,0.294,0.297,0.148,0.327,0.328,0.293,0.286,87.6,28.4,7.8,34.4,93.479085755,26.5
"Pivetta, Nick",601713,2021,661,585,175,26.5,9.8,0.234,0.417,0.314,0.731,0.183,0.29,0.215,0.388,0.316,0.3,0.298,0.173,0.387,0.362,0.331,0.305,89.7,33.4,7.7,40.4,94.069247816,24.6
"Pineda, Michael",501381,2021,458,430,88,19.2,4.6,0.265,0.453,0.301,0.754,0.188,0.297,0.277,0.477,0.32,0.337,0.313,0.2,0.378,0.401,0.331,0.347,91.2,33.4,6.1,46.7,95.339363538,22.1
"García, Luis",472610,2021,135,124,34,25.2,5.9,0.202,0.298,0.252,0.55,0.096,0.256,0.227,0.386,0.239,0.285,0.277,0.159,0.287,0.356,0.272,0.309,89.8,30.4,7.6,45.7,94.93809044,32.1
"Peters, Dillon",596071,2021,117,106,23,19.7,8.5,0.245,0.415,0.316,0.731,0.17,0.296,0.242,0.422,0.316,0.321,0.313,0.18,0.354,0.36,0.313,0.309,88.6,30.1,6.0,41.0,94.205644578,24.5
"Miller, Andrew",453192,2021,164,140,40,24.4,9.8,0.293,0.486,0.383,0.869,0.193,0.375,0.238,0.414,0.372,0.335,0.337,0.176,0.455,0.396,0.406,0.333,86.3,31.1,4.9,36.9,93.888316535,26.4
"Barlow, Joe",669618,2021,111,97,27,24.3,10.8,0.124,0.216,0.216,0.432,0.092,0.143,0.202,0.362,0.2,0.287,0.288,0.161,0.193,0.328,0.167,0.277,89.2,31.9,5.6,36.1,93.539210986,25.8
"Minter, A.J.",621345,2021,221,195,57,25.8,9.0,0.226,0.349,0.295,0.644,0.123,0.3,0.208,0.323,0.282,0.269,0.28,0.115,0.334,0.314,0.31,0.287,86.7,31.0,7.7,35.2,93.372801071,31.3
"Quantrill, Cal",615698,2021,616,552,121,19.6,7.6,0.234,0.373,0.302,0.675,0.139,0.27,0.241,0.393,0.296,0.31,0.31,0.152,0.326,0.348,0.297,0.308,87.6,31.0,4.8,34.5,93.502561435,22.1
"King, Michael",650633,2021,275,242,62,22.5,8.7,0.236,0.355,0.319,0.674,0.119,0.291,0.252,0.422,0.298,0.333,0.336,0.17,0.336,0.388,0.315,0.342,88.7,35.2,7.7,43.4,94.645798453,24.9
"Tate, Dillon",622253,2021,287,249,49,17.1,8.0,0.245,0.394,0.319,0.713,0.149,0.271,0.236,0.365,0.31,0.312,0.32,0.129,0.327,0.331,0.296,0.296,87.6,25.0,3.8,38.0,94.190092843,22.4
"Green, Chad",643338,2021,315,295,99,31.4,5.4,0.193,0.386,0.236,0.622,0.193,0.234,0.21,0.403,0.262,0.279,0.252,0.193,0.36,0.387,0.288,0.314,89.1,30.7,7.0,43.7,94.461668731,32.0
"Paddack, Chris",663978,2021,459,427,99,21.6,4.8,0.269,0.445,0.305,0.75,0.176,0.317,0.268,0.461,0.319,0.33,0.305,0.193,0.39,0.405,0.348,0.348,90.5,34.4,7.4,42.7,94.669366159,24.6
"Farrell, Luke",608652,2021,113,100,25,22.1,11.5,0.28,0.48,0.363,0.843,0.2,0.338,0.275,0.5,0.363,0.369,0.359,0.225,0.427,0.436,0.373,0.367,91.4,42.7,5.3,42.7,95.191397067,29.0
"Gilbert, Tyler",656457,2021,157,140,25,15.9,8.3,0.2,0.343,0.269,0.612,0.143,0.212,0.227,0.405,0.267,0.309,0.297,0.178,0.273,0.329,0.239,0.276,88.9,25.4,4.2,33.9,93.363837857,16.8
"Kim, Kwang Hyun",547942,2021,452,405,80,17.7,8.6,0.242,0.373,0.313,0.686,0.131,0.273,0.249,0.427,0.3,0.326,0.32,0.179,0.324,0.359,0.3,0.309,88.0,32.5,5.8,35.9,93.592469969,22.0
"McHugh, Collin",543521,2021,247,232,74,30.0,4.9,0.207,0.289,0.252,0.541,0.082,0.29,0.201,0.289,0.236,0.234,0.246,0.089,0.311,0.31,0.304,0.295,86.7,30.8,5.0,29.6,92.965325897,31.4
"Taylor, Blake",642130,2021,188,163,41,21.8,11.7,0.233,0.399,0.321,0.72,0.166,0.271,0.201,0.359,0.31,0.285,0.293,0.158,0.35,0.314,0.306,0.265,84.5,32.0,4.8,28.8,92.005765447,24.6
"Lorenzen, Michael",547179,2021,125,108,21,16.8,11.2,0.241,0.343,0.331,0.674,0.102,0.279,0.246,0.354,0.301,0.309,0.335,0.108,0.306,0.317,0.295,0.301,88.5,31.5,6.7,42.7,93.976786207,26.8
"Ottavino, Adam",493603,2021,277,230,71,25.6,13.0,0.239,0.374,0.356,0.73,0.135,0.321,0.206,0.319,0.324,0.298,0.33,0.113,0.371,0.328,0.342,0.296,86.1,31.9,7.4,30.1,92.637994625,28.0
"Hudson, Daniel",543339,2021,210,190,75,35.7,7.6,0.211,0.405,0.267,0.672,0.194,0.288,0.195,0.407,0.284,0.282,0.254,0.213,0.411,0.408,0.336,0.314,90.5,38.7,5.0,43.7,94.884710593,34.4
"Wantz, Andrew",681806,2021,120,105,38,31.7,9.2,0.219,0.4,0.311,0.711,0.181,0.29,0.218,0.415,0.308,0.313,0.31,0.197,0.408,0.416,0.343,0.342,87.8,49.3,10.4,34.3,93.481234627,30.3
"Saucedo, Tayler",642048,2021,109,96,19,17.4,9.2,0.229,0.354,0.312,0.666,0.125,0.273,0.251,0.383,0.294,0.322,0.333,0.132,0.304,0.342,0.282,0.312,87.9,26.9,5.1,35.9,94.529880513,32.0
"Barlow, Scott",605130,2021,306,274,91,29.7,9.2,0.223,0.328,0.297,0.625,0.105,0.315,0.21,0.356,0.275,0.282,0.286,0.146,0.348,0.358,0.33,0.311,88.3,33.5,5.9,36.8,93.532555081,35.0
"Detwiler, Ross",446321,2021,229,198,62,27.1,8.7,0.222,0.449,0.314,0.763,0.227,0.264,0.215,0.392,0.326,0.315,0.313,0.176,0.398,0.381,0.317,0.313,88.3,30.2,3.6,37.4,93.975708478,24.0
"Gray, Josiah",680686,2021,307,265,76,24.8,10.7,0.238,0.506,0.325,0.831,0.268,0.256,0.212,0.456,0.348,0.324,0.303,0.244,0.428,0.391,0.33,0.296,88.3,32.1,8.2,36.2,94.042946421,30.2
"Workman, Brandon",519443,2021,136,115,25,18.4,15.4,0.313,0.487,0.419,0.906,0.174,0.372,0.306,0.509,0.389,0.397,0.414,0.203,0.434,0.445,0.4,0.392,93.1,40.0,6.7,53.3,96.209596818,24.2
"Greene, Conner",641632,2021,121,104,26,21.5,9.9,0.308,0.423,0.388,0.811,0.115,0.392,0.244,0.395,0.352,0.318,0.334,0.151,0.407,0.356,0.4,0.318,89.5,36.3,8.8,33.8,94.06543962,29.8
"Hale, David",571735,2021,116,106,21,18.1,7.8,0.283,0.491,0.345,0.836,0.208,0.313,0.286,0.525,0.355,0.371,0.348,0.239,0.406,0.429,0.353,0.357,89.3,38.8,5.9,43.5,95.418786098,20.2
"McGowin, Kyle",641851,2021,128,112,35,27.3,10.9,0.188,0.357,0.289,0.646,0.169,0.222,0.196,0.33,0.283,0.28,0.296,0.135,0.332,0.327,0.273,0.285,85.8,31.2,3.9,32.5,92.625837922,27.8
"Stroman, Marcus",573186,2021,729,665,158,21.7,5.9,0.242,0.362,0.292,0.654,0.12,0.289,0.258,0.42,0.284,0.318,0.309,0.162,0.332,0.381,0.313,0.337,89.1,33.6,6.0,42.0,94.596511195,26.8
"Civale, Aaron",650644,2021,498,458,99,19.9,6.2,0.236,0.443,0.288,0.731,0.207,0.25,0.258,0.462,0.311,0.333,0.309,0.204,0.359,0.389,0.298,0.327,88.3,33.8,6.3,39.3,94.277432417,21.4
"Treinen, Blake",595014,2021,286,257,85,29.7,8.7,0.179,0.253,0.259,0.512,0.074,0.244,0.19,0.273,0.233,0.249,0.269,0.084,0.275,0.301,0.266,0.282,83.3,20.2,6.4,27.2,92.438669244,29.3
"Crochet, Garrett",676979,2021,230,197,65,28.3,11.7,0.213,0.289,0.308,0.597,0.076,0.303,0.212,0.318,0.269,0.281,0.308,0.106,0.316,0.337,0.313,0.313,88.8,36.8,6.6,39.0,93.815186718,28.9
"Sánchez, Miguel",667376,2021,120,101,23,19.2,11.7,0.267,0.446,0.361,0.807,0.179,0.303,0.268,0.464,0.343,0.362,0.368,0.195,0.38,0.409,0.338,0.347,89.6,40.7,7.4,38.3,94.055692949,28.9
"Nelson, Jimmy",519076,2021,116,98,44,37.9,11.2,0.143,0.184,0.27,0.454,0.041,0.259,0.137,0.205,0.223,0.229,0.265,0.067,0.255,0.268,0.259,0.249,84.5,30.9,7.3,30.9,92.44176,37.6
"Lauer, Eric",641778,2021,489,438,117,23.9,8.4,0.215,0.356,0.284,0.64,0.141,0.254,0.226,0.403,0.28,0.304,0.295,0.177,0.327,0.364,0.291,0.308,89.8,37.1,7.9,37.1,93.94686109,24.2
"Feyereisen, J.P.",656420,2021,234,197,53,22.6,14.1,0.183,0.32,0.297,0.617,0.137,0.22,0.199,0.366,0.278,0.302,0.312,0.167,0.285,0.324,0.247,0.27,89.0,29.7,4.7,39.9,93.868419236,34.7
"Strickland, Hunter",519326,2021,242,216,58,24.0,9.1,0.213,0.38,0.29,0.67,0.167,0.252,0.209,0.395,0.292,0.298,0.287,0.186,0.338,0.347,0.289,0.284,86.9,33.8,3.8,29.4,92.920340764,27.5
"Gonsolin, Tony",664062,2021,239,203,65,27.2,14.2,0.202,0.369,0.316,0.685,0.167,0.254,0.2,0.338,0.305,0.296,0.315,0.138,0.353,0.338,0.297,0.294,88.2,34.3,5.7,35.0,93.211748686,29.9
"Davis, Austin",656354,2021,117,102,28,23.9,10.3,0.235,0.431,0.316,0.747,0.196,0.278,0.244,0.398,0.314,0.32,0.329,0.154,0.374,0.384,0.316,0.335,85.2,39.5,2.6,35.5,93.161443947,26.4
"Mayers, Mike",594577,2021,315,284,90,28.6,8.3,0.25,0.43,0.318,0.748,0.18,0.326,0.218,0.402,0.323,0.303,0.29,0.184,0.417,0.384,0.364,0.319,91.0,32.7,8.7,41.8,94.756906561,29.2
"Fried, Max",608331,2021,667,612,158,23.7,6.1,0.227,0.353,0.282,0.635,0.126,0.281,0.23,0.364,0.278,0.287,0.285,0.134,0.33,0.344,0.304,0.309,86.5,31.2,3.0,34.3,93.192413445,24.8
"Crick, Kyle",605195,2021,107,80,21,19.6,17.8,0.175,0.2,0.358,0.558,0.025,0.23,0.216,0.323,0.281,0.335,0.389,0.107,0.214,0.307,0.23,0.283,84.4,29.0,8.1,22.6,91.549194167,27.6
"Díaz, Edwin",621242,2021,257,221,89,34.6,8.9,0.195,0.285,0.295,0.58,0.09,0.308,0.172,0.27,0.264,0.253,0.276,0.098,0.339,0.317,0.323,0.287,87.6,33.8,2.9,26.5,92.771592576,35.1
"Howard, Sam",607572,2021,200,161,60,30.0,16.5,0.211,0.379,0.352,0.731,0.168,0.281,0.193,0.341,0.325,0.316,0.342,0.148,0.388,0.371,0.33,0.31,87.3,29.8,4.8,30.8,93.191187961,38.0
"Anderson, Tyler",542881,2021,703,648,134,19.1,5.4,0.262,0.452,0.301,0.753,0.19,0.289,0.254,0.428,0.319,0.315,0.296,0.174,0.374,0.369,0.326,0.32,87.0,35.7,5.7,33.0,93.471536654,23.1
"Thornton, Trent",663423,2021,216,194,52,24.1,7.4,0.278,0.536,0.344,0.88,0.258,0.321,0.255,0.479,0.371,0.349,0.327,0.224,0.462,0.431,0.378,0.351,90.4,34.7,4.2,47.2,95.262738662,23.7
"Neidert, Nick",663734,2021,157,126,21,13.4,14.6,0.246,0.405,0.378,0.783,0.159,0.262,0.258,0.445,0.345,0.369,0.39,0.187,0.324,0.359,0.29,0.307,88.9,33.3,0.9,36.1,93.958075048,19.1
"Milner, Hoby",571948,2021,99,93,30,30.3,3.0,0.323,0.613,0.357,0.97,0.29,0.4,0.3,0.565,0.408,0.382,0.336,0.265,0.579,0.538,0.476,0.443,89.4,50.0,9.4,43.8,94.262301905,23.9
"Dolis, Rafael",503569,2021,156,125,39,25.0,17.3,0.232,0.352,0.378,0.73,0.12,0.318,0.219,0.346,0.327,0.324,0.369,0.128,0.356,0.35,0.333,0.316,87.4,37.9,5.7,32.2,92.925531264,28.5
"Quijada, José",650671,2021,110,94,38,34.5,13.6,0.213,0.33,0.327,0.657,0.117,0.333,0.227,0.379,0.294,0.318,0.34,0.151,0.387,0.434,0.357,0.381,86.0,33.9,5.4,48.2,95.247889821,31.9
"Megill, Trevor",656730,2021,115,105,30,26.1,7.0,0.343,0.619,0.395,1.014,0.276,0.426,0.27,0.481,0.424,0.345,0.327,0.212,0.565,0.446,0.48,0.377,91.3,36.8,7.9,46.1,95.4341384,25.5
"Benjamin, Wes",605138,2021,112,94,19,17.0,15.2,0.309,0.543,0.411,0.954,0.234,0.329,0.249,0.455,0.406,0.365,0.367,0.206,0.444,0.383,0.382,0.317,90.5,39.5,3.9,36.8,94.012474605,21.0
"Steckenrider, Drew",608716,2021,267,243,58,21.7,6.4,0.214,0.333,0.274,0.607,0.119,0.258,0.228,0.37,0.264,0.287,0.288,0.142,0.302,0.334,0.278,0.298,90.7,31.4,8.5,38.3,94.110184545,20.5
"Rucker, Michael",621074,2021,126,112,30,23.8,8.7,0.286,0.482,0.357,0.839,0.196,0.346,0.263,0.49,0.36,0.354,0.338,0.227,0.437,0.428,0.386,0.357,90.8,36.1,7.2,45.8,94.702462289,30.3
"Baragar, Caleb",670056,2021,98,81,16,16.3,12.2,0.235,0.346,0.347,0.693,0.111,0.273,0.215,0.403,0.303,0.317,0.333,0.188,0.298,0.319,0.284,0.263,88.1,35.8,4.5,38.8,93.715458939,22.1
"Stripling, Ross",548389,2021,431,395,94,21.8,7.0,0.251,0.489,0.305,0.794,0.238,0.27,0.251,0.467,0.335,0.337,0.31,0.216,0.401,0.405,0.326,0.334,90.0,33.4,7.2,40.3,94.580603199,24.1
"Smith, Will",519293,2021,283,248,87,30.7,9.9,0.198,0.403,0.29,0.693,0.205,0.25,0.192,0.357,0.297,0.284,0.286,0.165,0.38,0.357,0.301,0.294,88.7,36.8,11.0,41.1,94.192457853,33.2
"Canning, Griffin",656288,2021,277,246,62,22.4,10.1,0.264,0.5,0.341,0.841,0.236,0.298,0.248,0.441,0.358,0.334,0.328,0.193,0.425,0.39,0.351,0.332,89.6,32.4,6.5,39.5,94.456962623,30.3
"Warren, Austin",681810,2021,84,78,20,23.8,6.0,0.205,0.282,0.262,0.544,0.077,0.276,0.196,0.308,0.243,0.252,0.257,0.112,0.279,0.296,0.276,0.269,88.3,22.4,6.9,39.7,94.178177963,27.9
"Megill, Tylor",656731,2021,379,345,99,26.1,7.1,0.255,0.467,0.311,0.778,0.212,0.301,0.216,0.41,0.332,0.301,0.277,0.194,0.422,0.374,0.355,0.304,89.7,30.4,5.2,42.0,94.438085429,26.1
"Duffey, Tyler",608648,2021,254,222,61,24.0,11.0,0.216,0.311,0.308,0.619,0.095,0.278,0.226,0.366,0.278,0.303,0.317,0.141,0.308,0.348,0.296,0.309,91.4,28.2,6.1,45.4,94.78576236,23.6
"Nola, Aaron",605400,2021,749,696,223,29.8,5.2,0.237,0.405,0.286,0.691,0.168,0.31,0.22,0.383,0.297,0.285,0.27,0.163,0.396,0.378,0.347,0.323,88.9,33.3,5.4,37.4,94.04703055,27.9
"Cabrera, Génesis",650893,2021,296,249,77,26.0,12.2,0.209,0.309,0.318,0.627,0.1,0.287,0.204,0.334,0.283,0.294,0.318,0.13,0.315,0.334,0.299,0.297,88.3,28.7,5.1,34.8,93.319157283,26.7
"Cahill, Trevor",502239,2021,166,147,32,19.3,8.4,0.286,0.422,0.345,0.767,0.136,0.333,0.263,0.441,0.332,0.334,0.327,0.178,0.375,0.379,0.356,0.33,88.3,30.3,5.0,40.3,94.009479224,22.9
"Blackburn, Paul",621112,2021,175,163,26,14.9,5.7,0.319,0.534,0.366,0.9,0.215,0.341,0.295,0.474,0.383,0.353,0.343,0.179,0.428,0.389,0.38,0.351,90.5,32.8,8.0,51.1,95.626280515,15.9
"Scott, Tanner",656945,2021,251,205,70,27.9,14.7,0.234,0.351,0.363,0.714,0.117,0.318,0.229,0.361,0.321,0.33,0.362,0.133,0.37,0.386,0.348,0.346,90.1,33.3,5.8,35.5,94.086426103,36.8
"Walker, Taijuan",592836,2021,654,590,146,22.3,8.4,0.225,0.4,0.294,0.694,0.175,0.254,0.24,0.444,0.301,0.327,0.309,0.204,0.347,0.386,0.298,0.318,89.1,30.5,5.3,39.4,94.202828841,23.6
"Keuchel, Dallas",572971,2021,720,652,95,13.2,8.2,0.29,0.472,0.355,0.827,0.182,0.308,0.297,0.499,0.356,0.373,0.361,0.202,0.377,0.399,0.339,0.347,88.3,34.4,4.8,39.8,94.346269387,21.1
"Gomber, Austin",596295,2021,488,440,113,23.2,8.4,0.232,0.42,0.3,0.72,0.188,0.265,0.232,0.416,0.309,0.31,0.301,0.184,0.366,0.367,0.31,0.311,88.0,32.9,5.1,33.8,93.483660585,26.1
"Patton, Spencer",607359,2021,172,157,48,27.9,8.7,0.229,0.357,0.297,0.654,0.128,0.305,0.207,0.325,0.287,0.268,0.276,0.119,0.358,0.328,0.33,0.298,85.9,31.2,5.5,28.4,92.681326055,27.2
"Castillo, Luis",622491,2021,803,711,192,23.9,9.3,0.255,0.402,0.331,0.733,0.147,0.323,0.229,0.346,0.318,0.293,0.309,0.118,0.379,0.341,0.347,0.313,87.7,28.7,4.0,36.9,93.565481809,28.9
"Skubal, Tarik",669373,2021,634,576,164,25.9,7.4,0.245,0.476,0.306,0.782,0.231,0.278,0.261,0.508,0.332,0.354,0.322,0.248,0.417,0.451,0.339,0.362,90.5,35.3,6.0,45.1,95.450602833,26.7
"Williams, Devin",642207,2021,226,194,87,38.5,12.4,0.186,0.294,0.293,0.587,0.108,0.301,0.174,0.281,0.268,0.261,0.283,0.107,0.365,0.351,0.333,0.312,85.7,33.0,3.7,28.4,92.501710556,42.8
"Chapman, Aroldis",547973,2021,243,198,97,39.9,15.6,0.182,0.359,0.32,0.679,0.177,0.287,0.171,0.367,0.3,0.301,0.313,0.196,0.434,0.436,0.35,0.333,88.0,38.1,3.8,40.0,94.539752816,39.6
"Crismatt, Nabil",622503,2021,351,317,71,20.2,6.8,0.274,0.42,0.341,0.761,0.146,0.326,0.246,0.4,0.33,0.314,0.315,0.154,0.38,0.357,0.354,0.317,88.9,29.4,3.6,34.3,93.684150988,26.0
"Kowar, Jackson",663804,2021,154,128,29,18.8,13.0,0.336,0.586,0.422,1.008,0.25,0.375,0.295,0.531,0.422,0.398,0.395,0.235,0.482,0.447,0.417,0.377,92.8,42.7,7.8,52.4,96.184759515,24.4
"Ramirez, Nick",598286,2021,91,83,14,15.4,7.7,0.277,0.41,0.33,0.74,0.133,0.309,0.254,0.374,0.312,0.299,0.313,0.12,0.347,0.331,0.329,0.307,87.9,38.6,5.7,34.3,92.948665714,21.2
"Cobb, Alex",502171,2021,393,354,98,24.9,8.4,0.24,0.336,0.309,0.645,0.096,0.316,0.254,0.361,0.286,0.306,0.322,0.108,0.338,0.368,0.329,0.35,88.9,32.4,3.9,37.5,94.072406602,26.5
"Maton, Phil",664208,2021,297,254,85,28.6,10.8,0.256,0.425,0.347,0.772,0.169,0.351,0.205,0.345,0.335,0.295,0.307,0.14,0.419,0.351,0.374,0.306,88.0,37.4,6.3,32.8,93.329690116,34.8
"King, John",667463,2021,193,176,40,20.7,6.2,0.233,0.33,0.297,0.627,0.097,0.286,0.227,0.335,0.276,0.28,0.292,0.107,0.311,0.315,0.301,0.294,88.5,30.7,5.1,39.4,93.670002074,26.1
"Pressly, Ryan",519151,2021,250,236,81,32.4,5.2,0.208,0.297,0.249,0.546,0.089,0.298,0.196,0.327,0.238,0.246,0.238,0.131,0.328,0.34,0.316,0.298,90.2,30.8,7.1,40.4,94.223173355,32.0
"Keller, Mitch",656605,2021,470,407,92,19.6,10.4,0.322,0.477,0.4,0.877,0.155,0.392,0.285,0.459,0.379,0.361,0.369,0.174,0.434,0.407,0.411,0.364,91.5,40.1,7.5,47.5,94.946510347,20.7
"de Geus, Brett",676969,2021,238,201,41,17.2,10.5,0.308,0.478,0.401,0.879,0.17,0.357,0.28,0.428,0.379,0.359,0.38,0.148,0.411,0.383,0.38,0.35,89.7,35.4,4.9,38.4,94.204553889,17.8
"Sewald, Paul",623149,2021,264,239,104,39.4,9.1,0.176,0.339,0.251,0.59,0.163,0.256,0.178,0.368,0.25,0.263,0.253,0.19,0.381,0.406,0.311,0.315,88.3,36.3,8.1,40.0,94.408798582,36.5
"Cole, Gerrit",543037,2021,726,677,243,33.5,5.6,0.223,0.372,0.267,0.639,0.149,0.305,0.204,0.369,0.276,0.271,0.252,0.164,0.387,0.38,0.343,0.318,88.7,33.0,3.9,38.6,94.105607466,31.9
"Valdez, Framber",664285,2021,572,501,125,21.9,10.1,0.22,0.327,0.313,0.64,0.107,0.268,0.227,0.346,0.288,0.302,0.321,0.119,0.31,0.331,0.292,0.303,90.8,21.4,4.5,44.4,94.90935976,26.3
"Widener, Taylor",642203,2021,319,270,73,22.9,11.6,0.241,0.456,0.345,0.801,0.215,0.276,0.244,0.483,0.343,0.356,0.349,0.239,0.396,0.417,0.327,0.333,89.9,38.6,9.9,45.0,94.754123249,23.4
"Holland, Greg",518813,2021,243,214,53,21.8,10.7,0.229,0.407,0.314,0.721,0.178,0.261,0.25,0.492,0.31,0.356,0.335,0.242,0.353,0.421,0.302,0.334,88.8,38.0,4.3,41.1,94.47497118,28.7
"Dugger, Robert",667498,2021,121,105,19,15.7,9.9,0.324,0.533,0.392,0.925,0.209,0.357,0.292,0.467,0.391,0.361,0.366,0.175,0.431,0.389,0.386,0.351,91.2,38.6,5.7,40.9,94.550692529,23.9
"Chafin, Andrew",605177,2021,266,242,64,24.1,7.1,0.186,0.273,0.248,0.521,0.087,0.232,0.204,0.34,0.231,0.272,0.268,0.136,0.261,0.322,0.249,0.278,87.7,31.5,7.2,33.7,93.223669375,25.9
"Finnegan, Kyle",640448,2021,294,255,68,23.1,11.6,0.251,0.404,0.344,0.748,0.153,0.309,0.217,0.366,0.324,0.3,0.315,0.148,0.378,0.342,0.342,0.298,88.9,29.1,3.2,39.2,94.353336885,25.0
"Hutchison, Drew",571800,2021,91,77,10,11.0,12.1,0.26,0.338,0.344,0.682,0.078,0.279,0.284,0.407,0.305,0.362,0.382,0.122,0.287,0.361,0.29,0.338,91.1,28.6,2.9,44.3,95.276314706,23.3
"McCullers Jr., Lance",621121,2021,684,596,185,27.0,11.1,0.205,0.324,0.305,0.629,0.119,0.273,0.205,0.314,0.283,0.284,0.305,0.109,0.324,0.325,0.296,0.297,89.8,25.9,5.3,40.7,94.33949129,30.2
"Flexen, Chris",623167,2021,741,690,125,16.9,5.4,0.268,0.414,0.309,0.723,0.146,0.3,0.258,0.433,0.311,0.319,0.301,0.175,0.349,0.36,0.323,0.314,89.5,33.9,6.5,38.1,94.030639187,19.3
"Fulmer, Michael",605242,2021,297,270,73,24.6,6.7,0.256,0.378,0.316,0.694,0.122,0.323,0.239,0.389,0.301,0.302,0.302,0.15,0.366,0.367,0.347,0.325,86.7,33.2,2.5,35.2,93.49345593,29.5
"Rodriguez, Chris",669735,2021,134,115,29,21.6,11.2,0.243,0.313,0.351,0.664,0.07,0.326,0.211,0.29,0.304,0.286,0.323,0.079,0.32,0.291,0.326,0.282,88.2,29.1,5.8,36.0,93.838154302,25.1
"Gilbert, Logan",669302,2021,503,464,128,25.4,5.6,0.241,0.425,0.291,0.716,0.184,0.295,0.237,0.434,0.305,0.31,0.289,0.196,0.383,0.391,0.33,0.327,90.1,36.4,8.8,44.6,94.684913828,27.1
"Mayza, Tim",641835,2021,211,194,57,27.0,6.2,0.206,0.309,0.267,0.576,0.103,0.265,0.224,0.321,0.256,0.272,0.283,0.097,0.311,0.336,0.292,0.318,86.0,25.4,3.6,32.6,93.020715368,25.4
"Soto, Gregory",642397,2021,276,232,76,27.5,14.5,0.198,0.319,0.316,0.635,0.121,0.258,0.197,0.334,0.285,0.294,0.317,0.137,0.322,0.338,0.291,0.293,89.1,26.4,3.1,35.8,94.114600256,31.3
"Davidson, Tucker",656353,2021,83,73,18,21.7,9.6,0.205,0.384,0.28,0.664,0.179,0.226,0.268,0.513,0.287,0.362,0.338,0.245,0.321,0.432,0.268,0.352,89.2,38.6,1.8,40.4,94.291272321,27.6
"Martinez, Carlos",593372,2021,363,313,57,15.7,9.9,0.246,0.39,0.343,0.733,0.144,0.276,0.273,0.469,0.321,0.367,0.369,0.196,0.327,0.391,0.298,0.336,89.8,30.9,6.6,42.5,94.831210435,18.8
"Maeda, Kenta",628317,2021,453,411,113,24.9,7.1,0.258,0.433,0.322,0.755,0.175,0.318,0.229,0.385,0.325,0.298,0.295,0.156,0.401,0.359,0.355,0.315,87.7,36.0,8.0,36.3,93.737631717,29.4
"Robles, Hansel",570663,2021,297,254,76,25.6,12.5,0.228,0.398,0.338,0.736,0.17,0.294,0.224,0.422,0.321,0.33,0.334,0.198,0.376,0.39,0.326,0.32,91.1,31.3,5.6,47.5,95.544142784,24.0
"Ramírez, Yohan",670990,2021,114,96,35,30.7,10.5,0.188,0.396,0.297,0.693,0.208,0.218,0.175,0.331,0.304,0.279,0.286,0.156,0.382,0.336,0.295,0.275,86.9,35.9,9.4,29.7,92.401788197,35.9
"Scherzer, Max",453286,2021,693,644,236,34.1,5.2,0.185,0.331,0.239,0.57,0.146,0.249,0.192,0.355,0.248,0.262,0.245,0.163,0.341,0.365,0.291,0.302,87.9,33.6,5.8,34.3,93.694755975,34.2
"Harvey, Matt",518774,2021,582,536,95,16.3,6.4,0.299,0.481,0.348,0.829,0.182,0.333,0.284,0.479,0.355,0.351,0.336,0.196,0.399,0.395,0.361,0.345,89.5,36.4,6.7,40.9,94.314553841,19.1
"Lynn, Lance",458681,2021,641,588,176,27.5,7.0,0.209,0.338,0.267,0.605,0.129,0.265,0.194,0.326,0.264,0.256,0.255,0.132,0.329,0.32,0.297,0.279,87.7,31.7,5.5,36.0,93.446171033,26.3
"Bauer, Trevor",545333,2021,432,390,137,31.7,8.6,0.182,0.374,0.258,0.632,0.192,0.222,0.193,0.39,0.274,0.286,0.268,0.196,0.357,0.378,0.281,0.298,90.3,34.9,7.8,42.4,94.612066892,30.3
"Leone, Dominic",608678,2021,219,190,50,22.8,10.0,0.195,0.268,0.279,0.547,0.073,0.25,0.208,0.346,0.247,0.286,0.294,0.138,0.265,0.324,0.261,0.283,88.5,27.6,7.6,40.0,93.926545319,30.3
"Almonte, Yency",622075,2021,217,181,47,21.7,13.4,0.26,0.475,0.369,0.844,0.215,0.297,0.248,0.433,0.361,0.351,0.364,0.185,0.407,0.392,0.343,0.335,87.3,32.8,5.1,35.0,93.168488088,26.6
"Montgomery, Jordan",656756,2021,661,600,162,24.5,7.7,0.25,0.38,0.308,0.688,0.13,0.308,0.245,0.412,0.299,0.313,0.304,0.167,0.362,0.381,0.337,0.331,87.9,35.4,5.8,36.5,93.84232457,29.2
"Pomeranz, Drew",519141,2021,102,90,30,29.4,9.8,0.211,0.333,0.284,0.617,0.122,0.283,0.205,0.358,0.267,0.275,0.28,0.152,0.334,0.348,0.306,0.299,89.6,41.9,9.7,38.7,93.709505161,27.4
"Whitley, Kodi",676831,2021,101,87,27,26.7,11.9,0.172,0.23,0.267,0.497,0.058,0.23,0.205,0.33,0.231,0.28,0.296,0.125,0.243,0.323,0.242,0.288,83.6,33.9,9.7,24.2,92.149768226,31.4
"Thompson, Ryan",657044,2021,134,123,37,27.6,6.7,0.211,0.366,0.276,0.642,0.155,0.277,0.218,0.404,0.274,0.293,0.283,0.186,0.347,0.377,0.302,0.312,86.1,33.7,7.0,36.0,93.494405059,27.2
"Lowther, Zac",675912,2021,138,121,30,21.7,9.4,0.298,0.496,0.384,0.88,0.198,0.353,0.286,0.556,0.38,0.398,0.374,0.27,0.446,0.474,0.396,0.38,92.7,35.2,5.5,52.7,96.284158352,24.9
"Weathers, Ryan",677960,2021,401,362,72,18.0,7.5,0.279,0.497,0.338,0.835,0.218,0.299,0.269,0.473,0.356,0.346,0.33,0.204,0.406,0.394,0.347,0.335,90.3,34.1,8.4,43.2,94.725092007,18.9
"Kay, Anthony",641743,2021,156,135,39,25.0,11.5,0.281,0.519,0.378,0.897,0.238,0.348,0.249,0.432,0.384,0.344,0.35,0.182,0.471,0.406,0.396,0.351,86.7,46.9,6.3,33.3,93.342514375,25.7
"Keller, Brad",641745,2021,613,532,120,19.6,10.4,0.297,0.457,0.374,0.831,0.16,0.347,0.284,0.504,0.358,0.377,0.367,0.221,0.405,0.432,0.375,0.365,90.0,37.0,5.7,45.0,95.050376316,22.4
"Webb, Logan",657277,2021,596,546,158,26.5,6.0,0.234,0.332,0.29,0.622,0.098,0.312,0.226,0.334,0.274,0.277,0.284,0.108,0.338,0.343,0.327,0.319,88.1,28.2,2.8,38.8,94.013392268,28.7
"Brubaker, JT",664141,2021,537,485,129,24.0,6.9,0.254,0.48,0.318,0.798,0.226,0.289,0.245,0.439,0.34,0.326,0.312,0.194,0.418,0.397,0.345,0.336,88.9,33.4,7.7,38.7,94.269267662,27.4
"Richards, Trevor",670950,2021,251,228,78,31.1,8.8,0.175,0.364,0.248,0.612,0.189,0.203,0.213,0.418,0.264,0.3,0.282,0.205,0.341,0.402,0.267,0.323,90.4,33.8,6.0,46.4,94.834768311,32.8
"Underwood Jr., Duane",621249,2021,320,285,65,20.3,8.4,0.27,0.439,0.338,0.777,0.169,0.316,0.272,0.448,0.333,0.345,0.343,0.176,0.381,0.399,0.344,0.351,89.3,36.6,6.7,42.9,94.212978507,23.8
"Houser, Adrian",605288,2021,599,518,105,17.5,10.7,0.228,0.34,0.323,0.663,0.112,0.264,0.236,0.359,0.297,0.311,0.33,0.124,0.302,0.323,0.285,0.296,87.1,28.1,3.3,36.0,93.596799317,19.2
"Hess, David",605276,2021,102,88,18,17.6,10.8,0.364,0.784,0.431,1.215,0.42,0.355,0.304,0.626,0.491,0.43,0.388,0.323,0.583,0.497,0.444,0.383,94.7,40.3,9.7,50.0,96.247814507,23.2
"Minor, Mike",501985,2021,669,619,149,22.3,6.1,0.252,0.447,0.303,0.75,0.195,0.291,0.241,0.449,0.321,0.319,0.293,0.208,0.385,0.383,0.331,0.316,88.5,35.0,6.5,35.9,93.731220726,24.4
"Thompson, Mason",666168,2021,121,103,23,19.0,12.4,0.311,0.476,0.403,0.879,0.165,0.368,0.256,0.402,0.38,0.334,0.356,0.147,0.431,0.362,0.4,0.329,86.6,25.6,9.8,42.7,94.676783375,21.8
"McClanahan, Shane",663556,2021,517,476,141,27.3,7.2,0.252,0.389,0.309,0.698,0.137,0.33,0.256,0.436,0.304,0.325,0.313,0.18,0.387,0.42,0.358,0.365,91.7,36.8,9.2,45.7,95.640838697,32.1
"Santana, Ervin",429722,2021,277,251,52,18.8,7.9,0.259,0.446,0.321,0.767,0.187,0.292,0.269,0.528,0.328,0.364,0.332,0.259,0.37,0.42,0.323,0.338,90.2,38.8,8.0,43.8,94.887154596,24.7
"Luzardo, Jesús",666200,2021,437,378,98,22.4,11.0,0.28,0.524,0.363,0.887,0.244,0.325,0.249,0.464,0.375,0.348,0.339,0.214,0.446,0.406,0.372,0.335,89.5,35.9,7.0,39.0,94.21166879,29.9
"Kikuchi, Yusei",579328,2021,666,597,163,24.5,9.3,0.243,0.432,0.319,0.751,0.189,0.289,0.254,0.462,0.325,0.344,0.33,0.208,0.39,0.419,0.333,0.351,91.9,37.4,4.8,47.0,95.503867744,27.7
"Glasnow, Tyler",607192,2021,340,313,123,36.2,7.9,0.176,0.319,0.241,0.56,0.143,0.25,0.183,0.333,0.246,0.256,0.248,0.15,0.342,0.36,0.289,0.302,91.5,31.1,6.3,46.8,95.114392063,37.0
"Doolittle, Sean",448281,2021,223,194,53,23.8,10.3,0.258,0.454,0.339,0.793,0.196,0.316,0.237,0.415,0.336,0.317,0.322,0.179,0.405,0.377,0.35,0.323,90.9,41.4,11.0,42.1,94.579690915,24.7
"Anderson, Chase",502624,2021,215,190,35,16.3,9.3,0.268,0.521,0.346,0.867,0.253,0.281,0.256,0.49,0.366,0.358,0.338,0.234,0.401,0.391,0.327,0.315,85.0,34.4,7.0,35.7,93.555558092,23.5
"Okert, Steven",595345,2021,142,120,40,28.2,10.6,0.183,0.358,0.291,0.649,0.175,0.221,0.172,0.355,0.281,0.279,0.283,0.183,0.331,0.328,0.268,0.255,86.8,27.7,7.2,36.1,93.223744268,30.5
"Poppen, Sean",664092,2021,110,98,26,23.6,8.2,0.316,0.469,0.391,0.86,0.153,0.414,0.277,0.444,0.367,0.346,0.356,0.167,0.454,0.421,0.431,0.378,89.6,38.9,4.2,48.6,95.113280833,25.9
"Anderson, Ian",666120,2021,535,475,124,23.2,9.9,0.221,0.371,0.3,0.671,0.15,0.265,0.232,0.411,0.293,0.315,0.31,0.179,0.337,0.37,0.298,0.314,88.3,29.4,4.5,38.7,94.247479971,28.6
"Bielak, Brandon",656232,2021,218,189,46,21.1,9.6,0.254,0.381,0.333,0.714,0.127,0.305,0.242,0.369,0.314,0.308,0.324,0.127,0.35,0.341,0.329,0.315,87.2,33.8,4.1,34.5,93.538613904,25.3
"Wittgren, Nick",621295,2021,258,234,61,23.6,6.6,0.261,0.487,0.313,0.8,0.226,0.294,0.278,0.506,0.331,0.349,0.329,0.229,0.417,0.443,0.347,0.37,91.9,36.0,7.3,51.1,95.875288864,26.3
"Smith, Caleb",592761,2021,500,429,124,24.8,12.6,0.217,0.401,0.325,0.726,0.184,0.256,0.211,0.385,0.317,0.312,0.32,0.174,0.365,0.356,0.305,0.297,86.8,36.3,5.2,29.1,92.770687417,27.5
"Santana, Dennis",642701,2021,237,200,46,19.4,13.5,0.24,0.34,0.352,0.692,0.1,0.291,0.258,0.415,0.31,0.346,0.367,0.158,0.32,0.374,0.31,0.334,88.0,35.3,7.1,35.9,93.719473595,26.8
"Newcomb, Sean",656794,2021,150,119,43,28.7,18.0,0.235,0.336,0.383,0.719,0.101,0.355,0.224,0.329,0.327,0.325,0.375,0.106,0.376,0.373,0.364,0.348,87.1,34.6,9.0,34.6,93.617031579,26.5
"Anderson, Brett",474463,2021,409,369,58,14.2,6.8,0.276,0.439,0.327,0.766,0.163,0.298,0.293,0.473,0.328,0.36,0.347,0.181,0.354,0.395,0.323,0.348,90.9,30.8,5.9,47.0,95.372617796,16.7
"Ponce de Leon, Daniel",594965,2021,159,127,24,15.1,14.5,0.252,0.465,0.38,0.845,0.213,0.267,0.232,0.44,0.363,0.358,0.369,0.209,0.36,0.353,0.302,0.285,89.6,33.6,9.3,37.4,93.87742,21.6
"Cease, Dylan",656302,2021,708,623,226,31.9,9.6,0.223,0.364,0.306,0.67,0.141,0.31,0.206,0.368,0.295,0.295,0.293,0.163,0.383,0.384,0.344,0.323,89.2,37.0,6.7,38.8,94.13969505,34.6
"Kinley, Tyler",641755,2021,295,264,68,23.1,8.8,0.223,0.424,0.296,0.72,0.201,0.253,0.231,0.399,0.308,0.306,0.303,0.168,0.361,0.359,0.298,0.309,89.2,32.7,7.0,35.7,93.722428985,29.2
"Diekman, Jake",518617,2021,262,223,83,31.7,13.0,0.211,0.39,0.324,0.714,0.179,0.282,0.213,0.395,0.312,0.319,0.329,0.182,0.398,0.411,0.333,0.342,90.0,37.6,7.8,39.7,94.575168696,35.1
"Detmers, Reid",672282,2021,101,88,19,18.8,10.9,0.295,0.534,0.386,0.92,0.239,0.328,0.255,0.473,0.39,0.355,0.351,0.218,0.444,0.393,0.377,0.325,88.8,36.2,4.3,33.3,93.435799706,26.8
"Lovelady, Richard",663992,2021,84,76,23,27.4,7.1,0.211,0.342,0.274,0.616,0.131,0.255,0.19,0.3,0.265,0.26,0.262,0.111,0.33,0.322,0.296,0.277,89.2,25.9,9.3,38.9,93.416593208,28.7
"Bard, Daniel",453268,2021,304,260,80,26.3,11.8,0.265,0.431,0.37,0.801,0.166,0.355,0.231,0.355,0.35,0.314,0.34,0.125,0.425,0.364,0.383,0.334,88.6,38.7,5.5,39.8,94.119636517,30.0
"Quintana, Jose",500779,2021,297,259,85,28.6,11.8,0.286,0.483,0.37,0.853,0.197,0.378,0.246,0.43,0.366,0.336,0.338,0.184,0.477,0.427,0.42,0.366,90.6,38.1,5.1,45.5,95.257918103,29.1
"Mears, Nick",683232,2021,107,93,23,21.5,12.1,0.269,0.462,0.355,0.817,0.193,0.303,0.246,0.424,0.349,0.336,0.343,0.178,0.404,0.385,0.352,0.334,86.6,35.2,7.0,29.6,92.985066286,25.1
"Corbin, Patrick",571578,2021,751,672,143,19.0,8.0,0.286,0.51,0.345,0.855,0.224,0.312,0.277,0.497,0.362,0.358,0.338,0.22,0.421,0.415,0.36,0.35,89.4,32.9,6.4,41.2,94.634299585,24.9
"Fairbanks, Pete",664126,2021,189,166,56,29.6,11.1,0.241,0.331,0.328,0.659,0.09,0.349,0.192,0.306,0.294,0.268,0.286,0.114,0.366,0.323,0.36,0.289,87.9,32.4,3.6,31.5,93.435540727,30.6
"Greinke, Zack",425844,2021,697,652,120,17.2,5.2,0.252,0.434,0.291,0.725,0.182,0.264,0.263,0.436,0.309,0.321,0.304,0.173,0.351,0.367,0.305,0.323,88.3,35.3,5.8,35.4,93.635624981,21.8
"Smith, Riley",642092,2021,301,279,36,12.0,5.0,0.308,0.523,0.35,0.873,0.215,0.323,0.281,0.483,0.368,0.346,0.326,0.202,0.399,0.373,0.351,0.321,89.3,38.6,8.9,41.1,94.443854008,13.8
"Head, Louis",545343,2021,134,120,32,23.9,6.7,0.175,0.25,0.246,0.496,0.075,0.216,0.187,0.344,0.225,0.267,0.258,0.157,0.242,0.304,0.233,0.252,87.4,22.2,2.2,27.8,93.199523,25.5
"Gray, Sonny",543243,2021,575,512,155,27.0,8.7,0.225,0.385,0.302,0.687,0.16,0.282,0.212,0.328,0.3,0.278,0.292,0.116,0.366,0.332,0.32,0.304,86.6,31.6,6.1,32.1,93.192723315,26.2
"Romo, Sergio",489265,2021,259,235,60,23.2,8.1,0.238,0.404,0.305,0.709,0.166,0.281,0.216,0.371,0.305,0.289,0.288,0.155,0.362,0.339,0.318,0.293,84.9,35.2,5.7,23.3,91.840382216,29.5
"Rodríguez, Joely",570257,2021,207,180,47,22.7,8.7,0.294,0.389,0.35,0.739,0.095,0.366,0.243,0.358,0.32,0.3,0.31,0.116,0.383,0.356,0.384,0.326,87.3,27.1,5.7,35.8,94.007122463,31.3
"Hoffman, Jeff",656546,2021,335,282,79,23.6,13.4,0.248,0.436,0.359,0.795,0.188,0.301,0.232,0.402,0.345,0.329,0.346,0.17,0.396,0.37,0.341,0.319,89.0,35.9,9.7,39.8,94.083131176,29.8
"Alzolay, Adbert",640470,2021,519,474,128,24.7,6.6,0.236,0.439,0.294,0.733,0.203,0.27,0.244,0.451,0.312,0.324,0.302,0.207,0.387,0.404,0.323,0.334,89.3,33.8,4.5,38.1,94.334088529,27.2
"Yang, Hyeon-Jong",660365,2021,160,142,25,15.6,10.0,0.296,0.535,0.369,0.904,0.239,0.303,0.286,0.575,0.383,0.396,0.361,0.289,0.42,0.437,0.356,0.345,89.7,38.1,6.8,42.4,94.919257807,20.1
"Ramirez, Noé",598287,2021,147,129,29,19.7,8.2,0.178,0.287,0.26,0.547,0.109,0.202,0.19,0.309,0.246,0.265,0.275,0.119,0.249,0.277,0.225,0.246,88.4,31.1,4.9,28.2,92.683077426,24.3
"Anderson, Shaun",641312,2021,124,109,19,15.3,9.7,0.33,0.514,0.403,0.917,0.184,0.368,0.264,0.45,0.391,0.343,0.346,0.186,0.429,0.365,0.396,0.317,90.6,29.7,6.6,44.0,94.405597667,27.1
"Velasquez, Vince",592826,2021,417,362,101,24.2,11.8,0.251,0.525,0.347,0.872,0.274,0.286,0.238,0.479,0.368,0.349,0.335,0.241,0.447,0.417,0.349,0.33,90.8,37.4,8.0,43.5,94.829412462,27.4
"Alcala, Jorge",660896,2021,229,210,61,26.6,5.7,0.214,0.381,0.263,0.644,0.167,0.246,0.222,0.401,0.275,0.291,0.273,0.179,0.346,0.371,0.296,0.311,86.9,30.7,3.9,37.3,93.642063576,29.2
"Wells, Tyler",669330,2021,224,208,65,29.0,5.4,0.192,0.365,0.238,0.603,0.173,0.228,0.217,0.418,0.258,0.29,0.261,0.201,0.334,0.383,0.276,0.312,90.0,39.0,8.9,41.1,94.499208138,28.3
"Claudio, Alex",592222,2021,148,133,30,20.3,10.1,0.278,0.489,0.351,0.84,0.211,0.32,0.258,0.43,0.358,0.333,0.334,0.172,0.417,0.382,0.359,0.334,88.0,33.0,7.8,40.8,93.487484608,25.8
"Fernández, Junior",658551,2021,96,82,15,15.6,14.6,0.305,0.451,0.406,0.857,0.146,0.354,0.294,0.427,0.373,0.363,0.397,0.133,0.394,0.381,0.373,0.359,89.4,41.8,7.5,35.8,93.882388636,29.9
"Cimber, Adam",643256,2021,286,261,51,17.8,5.6,0.234,0.31,0.294,0.604,0.076,0.281,0.239,0.348,0.263,0.286,0.301,0.109,0.287,0.318,0.288,0.297,87.9,27.4,5.2,38.2,93.783029857,20.1
"Means, John",607644,2021,590,557,134,22.7,4.4,0.224,0.427,0.263,0.69,0.203,0.241,0.235,0.445,0.294,0.308,0.275,0.21,0.358,0.378,0.294,0.31,87.9,37.1,8.9,37.8,93.845537607,25.4
"Bowden, Ben",641386,2021,177,153,42,23.7,11.9,0.288,0.503,0.377,0.88,0.215,0.362,0.235,0.427,0.374,0.328,0.331,0.193,0.458,0.386,0.396,0.323,88.7,40.7,8.8,36.3,93.79495463,28.6
"Wick, Rowan",592858,2021,100,83,29,29.0,14.0,0.205,0.253,0.323,0.576,0.048,0.296,0.204,0.32,0.271,0.297,0.324,0.116,0.299,0.346,0.309,0.31,85.4,38.2,1.8,30.9,92.604614727,29.5
"Littell, Zack",641793,2021,252,222,63,25.0,9.5,0.207,0.374,0.288,0.662,0.167,0.253,0.217,0.396,0.287,0.302,0.297,0.179,0.336,0.36,0.286,0.3,90.4,29.4,4.9,46.0,94.903755375,28.4
"Matz, Steven",571927,2021,647,597,144,22.3,6.6,0.265,0.405,0.32,0.725,0.14,0.321,0.249,0.398,0.315,0.309,0.306,0.149,0.374,0.366,0.348,0.328,87.8,32.2,4.8,37.9,93.440164856,22.3
"Knehr, Reiss",663753,2021,129,104,20,15.5,15.5,0.221,0.365,0.349,0.714,0.144,0.247,0.258,0.48,0.315,0.375,0.383,0.222,0.295,0.385,0.264,0.316,90.3,29.9,11.5,47.1,94.897149535,22.3
"Cueto, Johnny",456501,2021,490,445,98,20.0,6.1,0.285,0.465,0.335,0.8,0.18,0.336,0.276,0.457,0.342,0.339,0.327,0.181,0.405,0.401,0.365,0.353,88.6,35.8,5.6,38.0,93.820999475,22.8
"Lyles, Jordan",543475,2021,769,697,146,19.0,7.3,0.278,0.499,0.335,0.834,0.221,0.3,0.27,0.486,0.354,0.35,0.329,0.216,0.408,0.403,0.348,0.339,89.9,35.5,6.6,41.6,94.390029088,23.5
"Wood, Alex",622072,2021,585,529,152,26.0,6.7,0.236,0.372,0.308,0.68,0.136,0.305,0.236,0.378,0.298,0.304,0.308,0.142,0.361,0.37,0.331,0.331,89.7,33.1,7.1,40.5,94.224620269,27.6
"Long, Sam",669674,2021,176,156,38,21.6,8.5,0.237,0.41,0.313,0.723,0.173,0.278,0.232,0.4,0.313,0.314,0.31,0.169,0.354,0.356,0.308,0.304,88.7,32.5,7.5,36.7,93.588172333,21.4
"Ruiz, José",614179,2021,271,243,63,23.2,9.2,0.21,0.366,0.281,0.647,0.156,0.247,0.236,0.417,0.281,0.315,0.308,0.182,0.324,0.375,0.28,0.32,92.1,33.9,8.2,49.2,95.182263481,24.0
"Muller, Kyle",666205,2021,155,129,37,23.9,12.9,0.202,0.295,0.314,0.609,0.093,0.261,0.21,0.358,0.275,0.304,0.324,0.147,0.29,0.336,0.277,0.293,91.1,38.5,5.2,42.7,94.180945376,30.8
"Ríos, Yacksel",605441,2021,114,95,23,20.2,14.0,0.189,0.368,0.316,0.684,0.179,0.214,0.213,0.439,0.303,0.34,0.336,0.226,0.302,0.359,0.247,0.279,86.5,27.4,8.2,43.8,94.388179726,25.5
"Hernández, Elieser",622694,2021,225,204,53,23.6,6.2,0.265,0.529,0.318,0.847,0.264,0.293,0.245,0.472,0.353,0.328,0.302,0.228,0.441,0.406,0.353,0.329,90.2,32.9,5.2,39.4,94.511902,24.2
"Suarez, Ranger",624133,2021,418,376,107,25.6,7.9,0.194,0.255,0.267,0.522,0.061,0.259,0.202,0.283,0.235,0.252,0.275,0.08,0.269,0.295,0.27,0.282,86.7,24.2,5.1,31.1,93.253236617,26.9
"Rodriguez, Eduardo",593958,2021,675,622,185,27.4,7.0,0.277,0.437,0.328,0.765,0.16,0.364,0.229,0.369,0.33,0.288,0.285,0.14,0.429,0.364,0.392,0.326,86.5,37.4,6.3,33.6,93.136941396,26.3
"Snell, Blake",605483,2021,550,472,170,30.9,12.5,0.214,0.375,0.317,0.692,0.161,0.296,0.226,0.431,0.305,0.334,0.329,0.205,0.386,0.437,0.333,0.354,89.3,39.3,7.5,41.2,94.3982398,31.8
"Matzek, Tyler",554431,2021,264,220,77,29.2,14.0,0.182,0.277,0.304,0.581,0.095,0.262,0.188,0.286,0.261,0.269,0.31,0.098,0.298,0.312,0.278,0.288,89.7,30.4,8.1,37.8,94.359116549,29.8
"De Jong, Chase",608328,2021,196,175,39,19.9,9.7,0.28,0.589,0.354,0.943,0.309,0.304,0.268,0.569,0.391,0.382,0.343,0.301,0.463,0.45,0.36,0.345,91.1,38.0,11.7,46.7,95.063055441,22.2
"Yarbrough, Ryan",642232,2021,653,610,117,17.9,4.1,0.267,0.457,0.307,0.764,0.19,0.293,0.266,0.436,0.325,0.321,0.307,0.17,0.376,0.37,0.329,0.329,84.8,37.6,3.0,28.2,92.517574959,21.1
"Akin, Keegan",669211,2021,427,379,82,19.2,9.4,0.29,0.491,0.357,0.848,0.201,0.326,0.259,0.474,0.361,0.348,0.331,0.216,0.413,0.396,0.364,0.328,89.8,33.7,7.3,42.9,94.614568161,21.7
"Ynoa, Huascar",660623,2021,372,340,100,26.9,6.7,0.224,0.418,0.283,0.701,0.194,0.272,0.242,0.428,0.299,0.315,0.3,0.187,0.377,0.401,0.314,0.34,90.7,34.2,7.0,43.6,95.209587311,28.8
"Mikolas, Miles",571945,2021,186,170,31,16.7,5.9,0.253,0.406,0.304,0.71,0.153,0.276,0.259,0.425,0.307,0.323,0.312,0.166,0.339,0.36,0.307,0.317,87.7,28.2,4.2,37.3,93.463295571,17.3
"Urías, Julio",628711,2021,745,691,195,26.2,5.1,0.219,0.349,0.266,0.615,0.13,0.276,0.217,0.366,0.266,0.274,0.265,0.149,0.334,0.346,0.303,0.302,86.0,31.7,5.3,30.3,92.763477541,24.3
"Gilbreath, Lucas",656458,2021,185,159,44,23.8,12.4,0.208,0.327,0.308,0.635,0.119,0.25,0.195,0.317,0.285,0.286,0.301,0.123,0.309,0.311,0.282,0.271,84.2,28.2,4.3,23.1,91.568159741,29.8
"Rasmussen, Drew",656876,2021,307,280,73,23.8,8.1,0.204,0.307,0.268,0.575,0.103,0.256,0.243,0.379,0.252,0.299,0.305,0.135,0.292,0.36,0.274,0.329,91.4,30.1,7.2,50.2,95.651138689,25.4
"Hill, Rich",448179,2021,661,582,150,22.7,8.3,0.235,0.402,0.316,0.718,0.167,0.279,0.235,0.421,0.313,0.324,0.318,0.186,0.358,0.374,0.314,0.317,88.3,37.0,6.1,34.8,93.717793953,23.1
"Winkler, Dan",595465,2021,190,150,40,21.1,15.8,0.213,0.373,0.374,0.747,0.16,0.255,0.22,0.338,0.336,0.333,0.381,0.118,0.334,0.328,0.288,0.301,84.6,37.8,3.6,25.2,92.474786422,26.0
"Payamps, Joel",606303,2021,205,190,38,18.5,6.8,0.232,0.379,0.288,0.667,0.147,0.26,0.213,0.343,0.286,0.268,0.271,0.13,0.323,0.299,0.289,0.266,86.3,28.9,3.3,30.3,92.840038267,23.0
"Hentges, Sam",656529,2021,318,283,68,21.4,10.1,0.318,0.491,0.385,0.876,0.173,0.386,0.267,0.48,0.377,0.356,0.341,0.213,0.448,0.418,0.415,0.35,89.1,33.9,5.5,42.7,94.764241944,24.0
"Wilson, Bryse",669060,2021,322,293,46,14.3,6.8,0.29,0.505,0.338,0.843,0.215,0.297,0.282,0.516,0.353,0.361,0.332,0.235,0.391,0.401,0.339,0.332,89.0,35.6,7.5,42.7,94.497626531,19.4
"Gallegos, Giovanny",606149,2021,310,278,95,30.6,6.5,0.183,0.302,0.249,0.551,0.119,0.247,0.202,0.345,0.24,0.27,0.268,0.143,0.303,0.352,0.271,0.303,89.0,34.9,4.8,38.6,93.901212162,34.6
"Bickford, Phil",641360,2021,207,183,59,28.5,9.2,0.197,0.35,0.28,0.63,0.153,0.244,0.206,0.355,0.263,0.272,0.29,0.149,0.334,0.35,0.286,0.301,90.4,23.8,5.6,39.7,94.312064715,29.8
"Loáisiga, Jonathan",642528,2021,283,260,69,24.4,5.7,0.215,0.281,0.267,0.548,0.066,0.279,0.186,0.255,0.245,0.23,0.242,0.069,0.287,0.266,0.29,0.254,84.0,20.5,2.1,24.1,92.203125393,27.8
"Knebel, Corey",608349,2021,101,91,30,29.7,8.9,0.176,0.275,0.248,0.523,0.099,0.233,0.195,0.314,0.229,0.259,0.27,0.119,0.281,0.329,0.258,0.295,90.1,35.5,9.7,27.4,93.701057869,31.1
"Arrieta, Jake",453562,2021,469,410,83,17.7,9.4,0.32,0.563,0.388,0.951,0.243,0.346,0.281,0.509,0.4,0.372,0.358,0.228,0.457,0.419,0.393,0.35,90.9,37.2,6.8,44.3,94.896493012,18.3
"Ryan, Joe",657746,2021,100,95,30,30.0,5.0,0.168,0.347,0.21,0.557,0.179,0.197,0.192,0.399,0.238,0.27,0.232,0.207,0.314,0.363,0.246,0.281,87.1,32.3,6.2,30.8,92.925021111,23.4
"Uceta, Edwin",670955,2021,92,75,25,27.2,13.0,0.253,0.413,0.344,0.757,0.16,0.32,0.229,0.409,0.323,0.325,0.331,0.18,0.399,0.403,0.358,0.335,89.9,30.9,3.6,36.4,94.570039245,28.3
"Rodríguez, Richard",593144,2021,251,239,42,16.7,4.0,0.209,0.372,0.247,0.619,0.163,0.222,0.24,0.48,0.264,0.32,0.277,0.24,0.296,0.367,0.254,0.292,91.5,31.5,9.1,44.2,94.582324924,20.2
"Castro, Miguel",612434,2021,303,254,77,25.4,14.2,0.189,0.299,0.32,0.619,0.11,0.241,0.207,0.351,0.286,0.313,0.336,0.144,0.297,0.344,0.271,0.298,86.0,34.5,6.8,33.9,93.182147371,32.6
"McFarland, T.J.",519008,2021,144,135,21,14.6,6.3,0.237,0.37,0.285,0.655,0.133,0.261,0.243,0.399,0.282,0.299,0.291,0.155,0.305,0.327,0.281,0.289,90.8,21.9,8.8,45.6,95.122793929,17.4
"Senzatela, Antonio",622608,2021,670,620,105,15.7,4.8,0.287,0.421,0.328,0.749,0.134,0.326,0.268,0.418,0.323,0.319,0.312,0.15,0.359,0.354,0.342,0.321,90.4,30.7,5.9,42.7,94.861867695,19.7
"Faria, Jake",607188,2021,154,137,32,20.8,8.4,0.285,0.489,0.353,0.842,0.204,0.337,0.228,0.429,0.359,0.317,0.303,0.201,0.42,0.359,0.368,0.296,90.1,34.6,9.3,40.2,93.781802692,23.2
"Musgrove, Joe",605397,2021,748,667,203,27.1,7.2,0.213,0.364,0.287,0.651,0.151,0.268,0.233,0.392,0.284,0.305,0.305,0.159,0.345,0.38,0.302,0.331,87.8,33.8,5.1,38.5,93.540208734,30.0
"Ohtani, Shohei",660271,2021,533,473,156,29.3,8.3,0.207,0.351,0.286,0.637,0.144,0.271,0.202,0.348,0.279,0.282,0.285,0.145,0.347,0.351,0.305,0.302,88.4,31.9,8.0,39.9,94.113869591,28.9
"Rogers, Tyler",643511,2021,326,305,55,16.9,4.0,0.243,0.328,0.283,0.611,0.085,0.279,0.232,0.304,0.269,0.262,0.275,0.071,0.296,0.288,0.294,0.283,85.4,22.5,2.8,32.0,93.07439379,16.5
"Sampson, Adrian",592716,2021,145,130,28,19.3,5.5,0.231,0.462,0.306,0.768,0.231,0.234,0.236,0.474,0.329,0.339,0.31,0.238,0.368,0.381,0.294,0.301,89.1,31.1,3.9,42.7,94.615068824,21.3
"Garcia, Bryan",650530,2021,192,163,32,16.7,13.0,0.294,0.552,0.395,0.947,0.258,0.314,0.29,0.6,0.401,0.417,0.391,0.309,0.441,0.463,0.366,0.361,92.4,34.6,6.8,49.6,96.025045725,22.8
"Familia, Jeurys",544727,2021,262,230,72,27.5,10.3,0.248,0.435,0.332,0.767,0.187,0.318,0.225,0.356,0.33,0.297,0.312,0.131,0.418,0.364,0.361,0.328,88.1,30.6,5.0,39.4,93.935707707,28.4
"Bummer, Aaron",607481,2021,242,208,75,31.0,12.0,0.202,0.25,0.31,0.56,0.048,0.298,0.178,0.234,0.257,0.251,0.292,0.056,0.303,0.294,0.313,0.282,88.2,14.2,2.2,41.7,94.860989846,32.1
"Funkhouser, Kyle",608335,2021,298,253,63,21.1,12.8,0.229,0.34,0.334,0.674,0.111,0.28,0.232,0.352,0.303,0.314,0.338,0.12,0.319,0.336,0.302,0.308,87.5,25.8,5.7,36.6,93.843491316,26.4
"Raley, Brooks",548384,2021,205,185,65,31.7,7.8,0.232,0.362,0.304,0.666,0.13,0.325,0.226,0.38,0.294,0.301,0.298,0.154,0.389,0.401,0.358,0.349,83.0,39.7,2.5,21.5,91.906068034,32.4
"Pop, Zach",647315,2021,246,213,51,20.7,9.8,0.254,0.362,0.351,0.713,0.108,0.321,0.227,0.351,0.316,0.306,0.328,0.124,0.345,0.329,0.333,0.298,86.1,24.5,3.7,33.1,93.450283822,26.5
"May, Trevor",543507,2021,266,242,83,31.2,9.0,0.227,0.401,0.297,0.698,0.174,0.302,0.189,0.35,0.297,0.263,0.262,0.161,0.402,0.346,0.346,0.288,88.6,30.8,5.0,34.0,93.55238121,32.6
"García, Yimi",554340,2021,237,213,60,25.3,7.6,0.23,0.408,0.289,0.697,0.178,0.277,0.247,0.465,0.29,0.321,0.305,0.218,0.366,0.411,0.314,0.338,89.4,35.4,8.2,37.3,94.116920194,26.9
"Ashby, Aaron",676879,2021,133,119,39,29.3,9.0,0.21,0.328,0.286,0.614,0.118,0.273,0.19,0.32,0.272,0.268,0.27,0.13,0.336,0.329,0.309,0.282,87.3,30.9,2.5,35.8,93.488572875,29.6
"Mazza, Chris",607391,2021,112,101,21,18.8,6.3,0.257,0.406,0.313,0.719,0.149,0.291,0.238,0.412,0.306,0.307,0.297,0.174,0.346,0.348,0.317,0.297,85.5,30.5,6.1,28.0,92.434897317,28.4
"Taillon, Jameson",592791,2021,603,547,140,23.2,7.3,0.238,0.422,0.299,0.721,0.184,0.273,0.226,0.406,0.309,0.305,0.291,0.181,0.368,0.362,0.316,0.303,88.9,33.9,7.7,40.4,94.067212738,26.5
"Chavez, Jesse",445926,2021,133,120,36,27.1,8.3,0.192,0.267,0.256,0.523,0.075,0.267,0.208,0.35,0.23,0.271,0.272,0.142,0.273,0.335,0.267,0.292,90.9,29.1,8.1,41.9,94.567272326,17.7
"Brentz, Jake",641394,2021,278,229,76,27.3,13.3,0.197,0.345,0.32,0.665,0.148,0.255,0.215,0.369,0.297,0.321,0.338,0.155,0.334,0.376,0.288,0.32,89.4,35.4,5.7,38.6,94.196878839,30.2
"Santiago, Héctor",502327,2021,117,105,30,25.6,9.4,0.257,0.39,0.325,0.715,0.133,0.338,0.205,0.289,0.312,0.258,0.279,0.085,0.38,0.298,0.355,0.285,88.1,32.9,7.9,38.2,93.277856711,27.1
"Reid-Foley, Sean",656887,2021,92,83,26,28.3,9.8,0.265,0.434,0.337,0.771,0.169,0.352,0.243,0.423,0.326,0.313,0.317,0.181,0.43,0.41,0.386,0.353,90.6,38.6,8.8,49.1,94.810894821,28.9
"Middleton, Keynan",641871,2021,140,119,24,17.1,13.6,0.252,0.37,0.364,0.734,0.118,0.301,0.244,0.418,0.327,0.341,0.358,0.173,0.332,0.352,0.316,0.306,88.9,37.9,5.3,31.6,92.994619158,30.3
"Suter, Brent",608718,2021,313,286,69,22.0,7.7,0.252,0.402,0.312,0.714,0.15,0.303,0.236,0.38,0.307,0.295,0.297,0.144,0.365,0.349,0.332,0.311,85.5,30.6,4.6,34.7,93.179919116,21.0
"Boyd, Matthew",571510,2021,337,302,67,19.9,6.8,0.255,0.397,0.318,0.715,0.142,0.296,0.238,0.415,0.311,0.313,0.305,0.177,0.35,0.353,0.322,0.303,87.8,28.7,6.3,36.3,93.790261653,22.7
"Romano, Jordan",605447,2021,253,226,85,33.6,9.9,0.181,0.31,0.266,0.576,0.129,0.254,0.17,0.298,0.257,0.251,0.255,0.128,0.332,0.32,0.291,0.272,89.1,25.4,4.2,33.8,93.993889078,31.8
"Loup, Aaron",571901,2021,218,193,57,26.1,7.3,0.192,0.238,0.263,0.501,0.046,0.259,0.225,0.306,0.229,0.275,0.296,0.081,0.256,0.327,0.264,0.316,88.1,34.0,4.3,37.6,93.674168777,27.4
"Lange, Alex",656638,2021,162,143,39,24.1,9.9,0.259,0.42,0.346,0.766,0.161,0.323,0.263,0.492,0.335,0.362,0.349,0.229,0.394,0.436,0.356,0.361,93.9,35.6,5.8,52.9,96.380954423,32.4
"Brothers, Rex",571521,2021,236,193,75,31.8,14.8,0.212,0.399,0.347,0.746,0.187,0.288,0.232,0.44,0.327,0.35,0.364,0.207,0.412,0.457,0.342,0.374,91.5,39.2,7.5,45.0,95.357261083,33.9
"Alcantara, Sandy",645261,2021,837,768,201,24.0,6.0,0.223,0.365,0.278,0.643,0.142,0.273,0.228,0.374,0.279,0.289,0.284,0.146,0.334,0.35,0.3,0.308,87.6,29.9,6.1,39.4,93.983632175,27.5
"Keller, Kyle",664918,2021,155,128,36,23.2,14.2,0.234,0.5,0.368,0.868,0.266,0.253,0.21,0.426,0.369,0.338,0.348,0.215,0.424,0.373,0.326,0.293,90.2,33.7,7.6,35.9,93.798946739,21.6
"Jax, Griffin",643377,2021,360,320,65,18.1,8.1,0.256,0.537,0.322,0.859,0.281,0.248,0.246,0.536,0.358,0.361,0.316,0.29,0.405,0.408,0.314,0.306,90.8,33.0,11.1,43.7,95.190341885,21.4
"Rogers, Trevor",669432,2021,550,490,157,28.5,8.4,0.218,0.318,0.291,0.609,0.1,0.307,0.218,0.344,0.27,0.283,0.292,0.126,0.335,0.356,0.319,0.321,87.7,34.9,7.3,36.7,93.768583563,31.0
"Doval, Camilo",666808,2021,109,99,37,33.9,8.3,0.192,0.333,0.266,0.599,0.141,0.259,0.194,0.33,0.257,0.259,0.269,0.136,0.354,0.359,0.306,0.312,87.5,32.3,3.2,33.9,93.076813443,33.5
"Valdez, César",491624,2021,210,194,45,21.4,6.7,0.32,0.526,0.367,0.893,0.206,0.38,0.293,0.462,0.376,0.346,0.343,0.17,0.462,0.42,0.413,0.38,89.9,42.0,8.0,42.7,94.8871354,28.6
"Happ, J.A.",457918,2021,671,615,122,18.2,7.2,0.288,0.511,0.341,0.852,0.223,0.315,0.268,0.51,0.361,0.356,0.324,0.242,0.416,0.409,0.357,0.334,90.2,38.4,8.4,41.8,94.84715666,19.6
"Vest, Will",676684,2021,156,132,27,17.3,11.5,0.288,0.432,0.381,0.813,0.144,0.343,0.285,0.416,0.355,0.352,0.378,0.132,0.377,0.373,0.355,0.351,89.9,38.0,6.5,37.0,94.132322358,22.8
"Gausman, Kevin",592332,2021,775,715,227,29.3,6.5,0.21,0.345,0.264,0.609,0.135,0.275,0.228,0.388,0.265,0.291,0.281,0.16,0.341,0.383,0.305,0.333,89.1,30.6,6.1,40.9,94.447687867,31.4
"Antone, Tejay",622088,2021,127,112,42,33.1,9.4,0.152,0.25,0.252,0.502,0.098,0.209,0.19,0.344,0.232,0.283,0.286,0.154,0.272,0.363,0.243,0.304,87.7,31.4,7.1,37.1,93.94431,33.5
"Borucki, Ryan",621366,2021,98,84,21,21.4,11.2,0.214,0.429,0.309,0.738,0.215,0.22,0.229,0.414,0.318,0.325,0.322,0.185,0.352,0.362,0.281,0.301,89.1,20.0,4.6,36.9,94.327301406,29.3
"Gutierrez, Vladimir",661269,2021,496,437,88,17.7,9.3,0.263,0.469,0.336,0.805,0.206,0.285,0.245,0.425,0.345,0.327,0.321,0.18,0.381,0.356,0.326,0.305,88.9,28.0,6.4,38.7,94.195567139,23.6
"Howard, Spencer",675921,2021,229,197,52,22.7,11.8,0.269,0.452,0.362,0.814,0.183,0.329,0.245,0.404,0.352,0.33,0.343,0.16,0.407,0.373,0.361,0.33,88.2,36.1,4.1,35.4,93.557407241,25.2
"Brogdon, Connor",641401,2021,235,213,50,21.3,7.7,0.221,0.362,0.282,0.644,0.141,0.258,0.21,0.334,0.277,0.265,0.272,0.125,0.318,0.301,0.285,0.271,85.9,26.5,4.8,31.3,92.773394667,29.1
"Bassitt, Chris",605135,2021,637,583,159,25.0,6.1,0.218,0.348,0.278,0.626,0.13,0.271,0.224,0.365,0.274,0.286,0.285,0.141,0.327,0.346,0.297,0.307,87.6,32.9,4.7,33.2,93.226240235,23.9
"Greene, Shane",572888,2021,113,95,24,21.2,12.4,0.263,0.505,0.381,0.886,0.242,0.292,0.204,0.374,0.381,0.318,0.331,0.171,0.43,0.329,0.352,0.273,89.7,28.2,5.6,40.8,94.515395352,22.4
"Eovaldi, Nathan",543135,2021,764,719,195,25.5,4.6,0.253,0.402,0.294,0.696,0.149,0.327,0.235,0.373,0.298,0.285,0.278,0.137,0.379,0.359,0.346,0.323,88.0,37.0,6.5,36.4,93.6398384,25.9
"Buehler, Walker",621111,2021,815,747,212,26.0,6.4,0.199,0.329,0.256,0.585,0.13,0.25,0.213,0.347,0.255,0.271,0.27,0.134,0.31,0.335,0.277,0.297,88.2,29.2,5.5,37.1,93.913201664,26.5
"González, Chi Chi",592346,2021,448,409,56,12.5,6.3,0.311,0.538,0.362,0.9,0.227,0.323,0.305,0.544,0.381,0.385,0.358,0.238,0.411,0.416,0.358,0.353,90.2,39.9,8.4,45.0,94.968648257,16.4
"Price, David",456034,2021,326,290,58,17.8,8.0,0.272,0.428,0.339,0.767,0.156,0.314,0.252,0.385,0.33,0.312,0.322,0.133,0.368,0.344,0.338,0.315,86.8,32.1,5.9,35.0,93.540651861,21.2
"Flaherty, Jack",656427,2021,322,286,85,26.4,8.1,0.199,0.364,0.278,0.642,0.165,0.236,0.24,0.462,0.28,0.337,0.318,0.222,0.333,0.423,0.281,0.343,89.8,38.0,9.8,41.5,94.646929557,28.1
"Graterol, Brusdar",660813,2022,197,181,43,21.8,5.1,0.215,0.32,0.264,0.584,0.105,0.261,0.207,0.305,0.256,0.251,0.259,0.099,0.296,0.29,0.277,0.269,85.5,24.1,2.8,25.5,92.239300435,21.1
"Effross, Scott",664123,2022,229,210,62,27.1,6.6,0.214,0.295,0.269,0.564,0.081,0.288,0.203,0.316,0.247,0.251,0.26,0.113,0.311,0.318,0.302,0.289,87.3,30.0,5.3,37.3,93.36780723,23.9
"Castro, Miguel",612434,2022,131,111,31,23.7,11.5,0.243,0.387,0.354,0.741,0.144,0.321,0.247,0.395,0.333,0.337,0.358,0.149,0.375,0.383,0.338,0.344,88.3,35.0,1.3,32.9,93.61466557,32.3
"Alexander, Jason",669920,2022,321,282,46,14.3,8.7,0.312,0.514,0.374,0.888,0.202,0.329,0.282,0.456,0.38,0.358,0.355,0.175,0.411,0.383,0.362,0.337,90.1,32.5,4.1,44.0,95.029530591,17.2
"Pilkington, Konnor",663455,2022,258,223,50,19.4,12.4,0.238,0.363,0.337,0.7,0.125,0.28,0.241,0.433,0.315,0.343,0.343,0.192,0.332,0.374,0.305,0.313,89.2,35.1,5.7,44.8,94.784464335,27.8
"Williams, Trevor",592866,2022,372,344,84,22.6,6.2,0.253,0.413,0.307,0.72,0.16,0.302,0.231,0.407,0.314,0.301,0.287,0.176,0.378,0.36,0.335,0.306,87.8,33.3,6.1,37.2,93.735487227,23.9
"Freeland, Kyle",607536,2022,766,687,131,17.1,6.9,0.281,0.456,0.342,0.798,0.175,0.319,0.27,0.476,0.346,0.352,0.336,0.207,0.383,0.392,0.342,0.332,89.8,35.2,6.5,42.4,94.45487619,20.8
"Brogdon, Connor",641401,2022,188,174,50,26.6,5.9,0.253,0.414,0.299,0.713,0.161,0.319,0.223,0.36,0.31,0.277,0.272,0.138,0.398,0.349,0.352,0.31,87.4,36.5,6.3,29.4,93.188675984,33.0
"Tate, Dillon",622253,2022,292,267,60,20.5,5.5,0.213,0.341,0.274,0.615,0.128,0.251,0.227,0.349,0.27,0.28,0.287,0.122,0.304,0.318,0.273,0.29,87.1,25.4,5.3,38.3,93.954927273,23.2
"Hendricks, Kyle",543294,2022,356,327,66,18.5,6.7,0.26,0.471,0.316,0.787,0.211,0.285,0.268,0.483,0.341,0.348,0.324,0.215,0.39,0.401,0.326,0.336,87.5,40.5,8.0,38.9,93.879544922,23.9
"Baker, Bryan",641329,2022,291,261,76,26.1,8.9,0.23,0.31,0.306,0.616,0.08,0.311,0.226,0.331,0.277,0.283,0.303,0.104,0.328,0.338,0.323,0.317,89.8,31.7,5.4,41.4,94.194919783,27.3
"García, Yimi",554340,2022,247,223,58,23.5,6.5,0.215,0.345,0.275,0.62,0.13,0.258,0.206,0.352,0.269,0.27,0.269,0.146,0.318,0.32,0.284,0.275,86.5,26.6,8.3,33.1,93.384182544,24.1
"Suarez, José",660761,2022,462,423,103,22.3,7.1,0.243,0.404,0.304,0.708,0.161,0.29,0.23,0.395,0.309,0.299,0.292,0.165,0.366,0.352,0.321,0.303,88.7,36.0,5.9,38.2,93.809053313,24.6
"Rainey, Tanner",663432,2022,128,114,36,28.1,10.2,0.228,0.386,0.305,0.691,0.158,0.284,0.222,0.425,0.304,0.315,0.3,0.204,0.38,0.397,0.329,0.322,89.4,30.4,7.6,43.0,94.440036962,33.8
"Martin, Chris",455119,2022,225,217,74,32.9,2.2,0.23,0.373,0.249,0.622,0.143,0.317,0.208,0.352,0.266,0.25,0.228,0.145,0.387,0.362,0.345,0.313,88.2,34.5,5.5,41.7,94.26849042,25.8
"Burnes, Corbin",669203,2022,797,731,243,30.5,6.4,0.197,0.341,0.261,0.602,0.144,0.259,0.212,0.343,0.267,0.274,0.275,0.132,0.343,0.356,0.294,0.317,87.2,31.6,5.1,34.1,93.404000041,35.2
"Jax, Griffin",643377,2022,290,264,78,26.9,6.9,0.212,0.333,0.273,0.606,0.121,0.271,0.22,0.371,0.265,0.284,0.282,0.151,0.329,0.359,0.298,0.312,88.1,33.9,6.3,37.0,93.555997647,29.6
"Bush, Matt",456713,2022,244,219,74,30.3,7.4,0.196,0.365,0.264,0.629,0.169,0.235,0.189,0.335,0.274,0.26,0.259,0.146,0.358,0.336,0.293,0.284,90.3,30.9,8.7,39.6,94.151575685,30.0
"Gore, MacKenzie",669022,2022,309,266,72,23.3,12.0,0.248,0.376,0.346,0.722,0.128,0.312,0.256,0.445,0.323,0.35,0.354,0.19,0.365,0.408,0.337,0.349,90.8,41.8,7.7,45.4,94.844756649,24.1
"Voth, Austin",608723,2022,442,403,90,20.4,7.0,0.275,0.432,0.329,0.761,0.157,0.32,0.255,0.441,0.331,0.33,0.313,0.187,0.387,0.385,0.35,0.329,88.4,37.2,6.6,37.2,93.740784286,24.6
"Thompson, Zach",605507,2022,543,493,90,16.6,8.5,0.28,0.446,0.344,0.79,0.166,0.309,0.28,0.455,0.346,0.349,0.345,0.175,0.381,0.386,0.342,0.343,88.3,34.2,6.2,39.5,93.897744436,24.1
"Megill, Tylor",656731,2022,200,182,51,25.5,6.5,0.253,0.418,0.303,0.721,0.165,0.31,0.25,0.445,0.313,0.32,0.301,0.195,0.394,0.404,0.346,0.343,89.2,36.3,3.7,34.8,93.990404697,27.8
"Bieber, Shane",669456,2022,791,747,198,25.0,4.6,0.23,0.347,0.266,0.613,0.117,0.288,0.242,0.398,0.269,0.294,0.279,0.155,0.337,0.372,0.312,0.329,89.9,32.4,6.7,43.1,94.359625491,29.7
"Nogosek, Stephen",668665,2022,95,87,21,22.1,7.4,0.23,0.402,0.295,0.697,0.172,0.258,0.238,0.412,0.306,0.313,0.302,0.174,0.357,0.366,0.303,0.314,89.5,30.3,6.1,37.9,93.862249394,22.8
"Rodríguez, Elvin",660730,2022,143,127,25,17.5,10.5,0.331,0.685,0.406,1.091,0.354,0.333,0.282,0.569,0.458,0.395,0.363,0.287,0.537,0.45,0.412,0.352,92.9,33.3,4.9,51.0,96.060031818,16.9
"Strzelecki, Peter",657265,2022,148,127,40,27.0,10.1,0.22,0.331,0.301,0.632,0.111,0.295,0.214,0.359,0.277,0.286,0.298,0.146,0.335,0.35,0.311,0.305,88.1,41.3,8.7,38.0,93.873236,31.1
"De Jong, Chase",608328,2022,293,255,59,20.1,10.2,0.204,0.38,0.299,0.679,0.176,0.225,0.213,0.406,0.3,0.312,0.307,0.193,0.322,0.34,0.264,0.276,88.4,29.8,6.1,39.4,93.742473604,25.0
"Montgomery, Jordan",656756,2022,724,677,158,21.8,5.0,0.235,0.384,0.281,0.665,0.149,0.277,0.255,0.407,0.291,0.31,0.301,0.152,0.346,0.372,0.306,0.334,88.5,34.1,4.2,37.5,93.693936452,27.5
"Familia, Jeurys",544727,2022,204,180,41,20.1,10.8,0.322,0.506,0.402,0.908,0.184,0.386,0.265,0.429,0.393,0.341,0.352,0.164,0.461,0.386,0.417,0.343,90.8,32.4,5.8,46.8,95.156022319,26.9
"Pallante, Andre",669467,2022,457,413,73,16.0,8.8,0.274,0.387,0.338,0.725,0.113,0.313,0.253,0.36,0.32,0.304,0.323,0.106,0.346,0.325,0.331,0.31,89.4,25.1,5.8,42.0,94.505439642,17.8
"Toussaint, Touki",657053,2022,108,85,26,24.1,17.6,0.176,0.259,0.352,0.611,0.083,0.228,0.208,0.285,0.296,0.317,0.377,0.077,0.271,0.309,0.254,0.3,89.4,20.3,1.7,37.3,94.369547143,29.7
"Suarez, Ranger",624133,2022,662,598,129,19.5,8.8,0.249,0.396,0.317,0.713,0.147,0.294,0.239,0.38,0.314,0.305,0.309,0.141,0.352,0.339,0.316,0.305,87.5,27.9,3.6,34.9,93.554240323,21.4
"Boxberger, Brad",502202,2022,268,233,68,25.4,10.1,0.223,0.343,0.306,0.649,0.12,0.284,0.216,0.372,0.288,0.3,0.302,0.156,0.338,0.356,0.31,0.304,86.4,32.2,4.1,33.9,93.183487289,24.4
"Berríos, José",621244,2022,753,692,149,19.8,6.0,0.288,0.465,0.34,0.805,0.177,0.329,0.274,0.482,0.35,0.35,0.329,0.208,0.41,0.411,0.364,0.349,90.0,36.3,6.4,43.8,94.764961466,21.3
"Urías, Julio",628711,2022,689,639,166,24.1,6.0,0.199,0.347,0.251,0.598,0.148,0.229,0.204,0.346,0.263,0.265,0.257,0.143,0.313,0.317,0.266,0.275,86.7,29.6,4.2,30.4,92.831563148,23.9
"Abbott, Cory",676265,2022,216,184,45,20.8,11.6,0.239,0.5,0.343,0.843,0.261,0.248,0.202,0.451,0.363,0.336,0.314,0.249,0.409,0.367,0.312,0.268,90.3,29.1,8.5,43.3,94.432683,26.2
"Singer, Brady",663903,2022,621,569,150,24.2,5.6,0.246,0.378,0.301,0.679,0.132,0.303,0.245,0.404,0.3,0.31,0.302,0.159,0.363,0.378,0.333,0.333,89.3,33.2,4.0,40.9,94.198156795,23.0
"Jameson, Drey",686753,2022,98,90,24,24.5,7.1,0.222,0.333,0.286,0.619,0.111,0.281,0.265,0.43,0.277,0.331,0.325,0.165,0.327,0.408,0.303,0.361,88.9,30.3,3.0,48.5,94.419639394,26.7
"Houck, Tanner",656557,2022,247,217,56,22.7,8.9,0.226,0.295,0.313,0.608,0.069,0.289,0.24,0.364,0.274,0.307,0.327,0.124,0.303,0.353,0.302,0.324,89.7,33.7,4.9,39.3,94.087922579,29.2
"Ashby, Aaron",676879,2022,475,418,126,26.5,9.9,0.254,0.416,0.335,0.751,0.162,0.325,0.221,0.362,0.331,0.301,0.309,0.141,0.407,0.361,0.359,0.317,87.1,29.7,4.7,34.1,93.371900351,29.6
"Hughes, Brandon",676714,2022,240,210,68,28.3,9.2,0.2,0.395,0.292,0.687,0.195,0.233,0.214,0.404,0.298,0.306,0.305,0.19,0.369,0.385,0.292,0.314,88.8,39.6,5.6,38.3,93.864006331,33.1
"Sborz, Josh",622250,2022,100,88,32,32.0,11.0,0.284,0.489,0.36,0.849,0.205,0.396,0.266,0.452,0.364,0.343,0.345,0.186,0.511,0.476,0.439,0.412,92.1,43.9,3.5,47.4,95.06927,35.3
"Falter, Bailey",663559,2022,349,323,74,21.2,4.9,0.263,0.477,0.309,0.786,0.214,0.292,0.262,0.47,0.338,0.335,0.309,0.209,0.405,0.4,0.337,0.336,89.0,37.7,9.5,38.5,94.1644398,24.0
"Cabrera, Edward",665795,2022,291,249,75,25.8,11.3,0.177,0.325,0.296,0.621,0.148,0.207,0.208,0.373,0.284,0.312,0.323,0.165,0.307,0.354,0.253,0.298,86.7,32.8,4.0,33.3,93.207243647,31.3
"Wright, Kyle",657140,2022,738,672,174,23.6,7.2,0.232,0.351,0.296,0.647,0.119,0.284,0.243,0.395,0.288,0.309,0.307,0.152,0.338,0.369,0.311,0.328,89.0,31.1,5.8,41.1,94.364285538,26.5
"Pepiot, Ryan",686752,2022,160,130,42,26.3,16.9,0.2,0.369,0.35,0.719,0.169,0.244,0.193,0.367,0.327,0.322,0.344,0.174,0.359,0.35,0.295,0.284,89.0,33.0,5.7,40.9,93.789104828,28.5
"Marte, Yunior",628708,2022,214,184,44,20.6,10.3,0.255,0.391,0.35,0.741,0.136,0.307,0.235,0.331,0.33,0.303,0.334,0.096,0.361,0.319,0.331,0.307,86.8,31.0,5.6,37.3,93.21808338,26.3
"Wells, Tyler",669330,2022,423,389,76,18.0,6.6,0.231,0.406,0.285,0.691,0.175,0.247,0.229,0.421,0.301,0.307,0.284,0.192,0.337,0.344,0.286,0.285,88.3,30.9,7.3,39.1,93.90766086,25.1
"Peralta, Wandy",593974,2022,223,202,47,21.1,7.6,0.208,0.262,0.271,0.533,0.054,0.26,0.212,0.299,0.241,0.258,0.277,0.088,0.265,0.29,0.269,0.276,85.5,23.4,0.6,31.6,92.9953696,33.9
"Thompson, Mason",666168,2022,100,90,15,15.0,8.0,0.211,0.322,0.283,0.605,0.111,0.233,0.237,0.366,0.271,0.3,0.306,0.13,0.275,0.313,0.253,0.284,86.1,26.3,1.3,32.9,93.029754,23.9
"Young, Alex",622065,2022,116,103,21,18.1,9.5,0.282,0.379,0.353,0.732,0.097,0.349,0.25,0.35,0.325,0.304,0.327,0.101,0.354,0.325,0.349,0.312,88.9,30.1,9.6,38.6,93.88782241,31.6
"Scott, Tanner",656945,2022,289,233,90,31.1,15.9,0.236,0.348,0.363,0.711,0.112,0.347,0.224,0.335,0.321,0.319,0.359,0.111,0.393,0.389,0.369,0.361,86.1,40.9,5.4,32.9,93.237972245,35.7
"Rodríguez, Joely",570257,2022,216,186,57,26.4,12.0,0.226,0.312,0.322,0.634,0.086,0.307,0.226,0.329,0.288,0.296,0.324,0.103,0.333,0.347,0.323,0.326,85.3,37.1,3.0,31.8,92.839045736,29.2
"Chargois, JT",608638,2022,86,79,17,19.8,5.8,0.203,0.405,0.267,0.672,0.202,0.22,0.18,0.327,0.293,0.255,0.247,0.146,0.328,0.275,0.258,0.23,87.2,24.2,4.8,37.1,93.873777419,23.2
"Ruiz, José",614179,2022,265,229,68,25.7,12.5,0.231,0.41,0.325,0.735,0.179,0.284,0.227,0.424,0.323,0.325,0.321,0.197,0.383,0.387,0.323,0.318,89.1,32.3,6.1,47.0,94.62496628,29.4
"Medina, Adonis",658431,2022,110,98,17,15.5,5.5,0.306,0.439,0.37,0.809,0.133,0.354,0.283,0.464,0.357,0.356,0.349,0.181,0.389,0.388,0.37,0.342,91.2,30.9,7.4,56.8,96.593599506,19.3
"Peterson, David",656849,2022,454,394,126,27.8,10.6,0.236,0.378,0.327,0.705,0.142,0.315,0.228,0.37,0.313,0.309,0.322,0.142,0.383,0.376,0.343,0.334,89.7,33.7,3.7,41.4,94.59479476,30.4
"Wesneski, Hayden",669713,2022,132,121,33,25.0,5.3,0.198,0.322,0.258,0.58,0.124,0.244,0.179,0.271,0.258,0.232,0.24,0.092,0.304,0.266,0.27,0.244,84.5,23.6,2.2,27.0,92.381032184,25.7
"Ureña, José",570632,2022,432,382,63,14.6,10.0,0.285,0.421,0.354,0.775,0.136,0.312,0.27,0.44,0.34,0.344,0.344,0.17,0.359,0.364,0.335,0.322,88.2,33.2,6.8,38.5,93.826458012,19.5
"Miley, Wade",489119,2022,159,142,28,17.6,8.8,0.218,0.331,0.296,0.627,0.113,0.25,0.237,0.378,0.281,0.307,0.313,0.141,0.292,0.329,0.27,0.294,86.7,26.1,7.8,36.3,93.62639886,25.2
"Wood, Alex",622072,2022,555,504,131,23.6,5.4,0.262,0.407,0.315,0.722,0.145,0.317,0.245,0.402,0.315,0.31,0.302,0.158,0.382,0.375,0.347,0.329,88.6,33.8,6.3,39.8,93.934838439,25.0
"Smith, Drew",622098,2022,187,171,53,28.3,8.0,0.222,0.404,0.283,0.687,0.182,0.264,0.222,0.423,0.3,0.306,0.283,0.202,0.385,0.394,0.319,0.319,90.1,34.5,5.9,50.4,95.005406303,30.9
"Machado, Andrés",600921,2022,262,228,46,17.6,10.3,0.241,0.404,0.321,0.725,0.163,0.267,0.27,0.46,0.317,0.354,0.35,0.19,0.337,0.389,0.294,0.336,89.5,38.0,7.0,42.8,94.516243622,23.9
"Ohtani, Shohei",660271,2022,660,610,219,33.2,6.7,0.203,0.316,0.258,0.574,0.113,0.289,0.202,0.316,0.255,0.255,0.257,0.114,0.346,0.347,0.315,0.314,87.1,32.0,5.1,33.2,93.179293104,33.1
"Clarke, Taylor",664199,2022,203,192,48,23.6,3.9,0.26,0.427,0.291,0.718,0.167,0.314,0.228,0.377,0.309,0.277,0.261,0.149,0.387,0.343,0.342,0.301,89.5,34.9,5.5,39.0,93.778774444,25.2
"O'Day, Darren",503285,2022,94,80,26,27.7,10.6,0.237,0.438,0.319,0.757,0.201,0.296,0.196,0.316,0.317,0.267,0.291,0.12,0.403,0.321,0.333,0.286,85.6,31.6,7.0,33.3,92.595002982,28.1
"Nola, Aaron",605400,2022,807,766,235,29.1,3.6,0.219,0.347,0.256,0.603,0.128,0.291,0.209,0.354,0.264,0.262,0.246,0.146,0.351,0.347,0.316,0.301,87.7,34.3,6.9,31.6,93.044162015,27.9
"Finnegan, Kyle",640448,2022,268,244,70,26.1,8.2,0.221,0.381,0.284,0.665,0.16,0.269,0.219,0.373,0.288,0.285,0.282,0.154,0.357,0.352,0.307,0.305,90.2,30.7,5.1,43.8,94.623961494,27.7
"Pressly, Ryan",519151,2022,181,166,65,35.9,6.6,0.181,0.277,0.235,0.512,0.096,0.265,0.2,0.318,0.229,0.253,0.253,0.119,0.321,0.362,0.294,0.326,89.0,30.8,4.8,37.5,93.689183039,38.7
"deGrom, Jacob",594798,2022,239,229,102,42.7,3.3,0.175,0.323,0.202,0.525,0.148,0.261,0.181,0.35,0.228,0.239,0.208,0.169,0.38,0.402,0.313,0.324,89.3,33.3,7.0,31.8,94.01979378,41.5
"Leclerc, José",600917,2022,198,172,54,27.3,10.6,0.192,0.337,0.288,0.625,0.145,0.243,0.189,0.33,0.28,0.28,0.287,0.142,0.324,0.323,0.275,0.273,86.6,27.5,5.8,32.5,92.865641583,37.4
"Woodruff, Brandon",605540,2022,620,568,190,30.6,6.8,0.215,0.366,0.274,0.64,0.151,0.287,0.212,0.361,0.282,0.281,0.273,0.15,0.372,0.371,0.321,0.32,88.8,34.1,7.3,37.5,93.983244202,31.1
"Santana, Dennis",642701,2022,255,219,54,21.2,11.0,0.228,0.315,0.322,0.637,0.087,0.287,0.245,0.353,0.287,0.311,0.339,0.108,0.305,0.34,0.296,0.321,86.6,35.5,2.4,33.1,93.08032506,27.4
"Morton, Charlie",450203,2022,728,640,205,28.2,8.7,0.233,0.411,0.316,0.727,0.178,0.293,0.228,0.404,0.32,0.318,0.314,0.177,0.4,0.396,0.338,0.334,89.3,38.0,6.6,42.1,94.430490297,29.3
"Crowe, Wil",640444,2022,332,289,68,20.5,11.4,0.235,0.356,0.329,0.685,0.121,0.28,0.247,0.374,0.308,0.318,0.34,0.127,0.332,0.347,0.306,0.322,87.6,30.5,3.1,32.7,92.887164796,27.5
"Martinez, Adrián",661309,2022,259,234,53,20.5,7.3,0.295,0.504,0.351,0.855,0.209,0.327,0.276,0.494,0.367,0.356,0.336,0.217,0.436,0.42,0.375,0.354,89.1,35.3,4.9,37.5,94.414932989,24.0
"Flexen, Chris",623167,2022,590,529,95,16.1,8.6,0.25,0.408,0.315,0.723,0.158,0.273,0.256,0.451,0.315,0.336,0.323,0.195,0.34,0.368,0.301,0.312,89.1,35.7,5.7,40.0,94.165946851,21.8
"Chapman, Aroldis",547973,2022,160,128,43,26.9,17.5,0.188,0.32,0.333,0.653,0.132,0.241,0.211,0.368,0.301,0.326,0.354,0.157,0.32,0.366,0.276,0.313,87.5,35.6,4.6,34.5,93.282376437,33.8
"Helsley, Ryan",664854,2022,239,219,94,39.3,8.4,0.128,0.237,0.201,0.438,0.109,0.185,0.152,0.289,0.198,0.227,0.223,0.137,0.273,0.327,0.224,0.266,88.8,27.2,5.6,39.2,94.251162984,37.8
"Mahle, Tyler",641816,2022,503,452,126,25.0,8.5,0.23,0.396,0.297,0.693,0.166,0.279,0.217,0.383,0.303,0.3,0.291,0.167,0.366,0.361,0.314,0.305,88.7,31.9,8.1,38.3,93.700623708,26.8
"Valdez, Framber",664285,2022,827,745,194,23.5,8.1,0.223,0.305,0.296,0.601,0.082,0.286,0.225,0.335,0.272,0.285,0.299,0.109,0.308,0.328,0.3,0.305,89.8,24.0,2.5,41.6,94.706992647,25.8
"Beede, Tyler",595881,2022,285,250,39,13.7,10.2,0.284,0.44,0.368,0.808,0.156,0.312,0.27,0.426,0.353,0.343,0.356,0.157,0.367,0.354,0.335,0.319,88.7,30.7,4.7,42.5,94.205091,20.3
"Garcia, Luis",677651,2022,643,589,157,24.4,7.3,0.222,0.399,0.279,0.678,0.177,0.261,0.228,0.402,0.295,0.3,0.286,0.174,0.357,0.365,0.3,0.31,88.4,35.4,9.8,36.3,93.46698963,29.2
"Cabrera, Génesis",650893,2022,194,169,32,16.5,10.3,0.231,0.42,0.325,0.745,0.189,0.238,0.261,0.444,0.322,0.344,0.352,0.183,0.341,0.371,0.283,0.321,86.3,33.3,5.8,31.2,93.327088696,23.3
"Smyly, Drew",592767,2022,447,415,91,20.4,5.8,0.243,0.422,0.295,0.717,0.179,0.275,0.246,0.426,0.312,0.317,0.3,0.18,0.363,0.371,0.311,0.317,86.7,34.5,5.8,35.6,93.537693185,26.0
"Ginkel, Kevin",656464,2022,124,111,30,24.2,8.9,0.243,0.333,0.315,0.648,0.09,0.321,0.208,0.321,0.29,0.271,0.283,0.113,0.338,0.308,0.329,0.282,89.0,26.8,6.1,32.9,93.494308659,26.9
"Harvey, Hunter",640451,2022,157,141,45,28.7,7.6,0.234,0.333,0.287,0.62,0.099,0.323,0.204,0.32,0.272,0.263,0.265,0.116,0.345,0.33,0.33,0.296,90.4,31.0,7.0,44.0,94.1790869,27.5
"Colomé, Alex",517008,2022,215,190,32,14.9,10.2,0.3,0.484,0.369,0.853,0.184,0.335,0.286,0.499,0.366,0.367,0.359,0.213,0.399,0.401,0.356,0.343,90.2,38.1,8.1,46.9,95.042442075,20.1
"Stroman, Marcus",573186,2022,569,525,119,20.9,6.3,0.234,0.377,0.287,0.664,0.143,0.272,0.252,0.4,0.291,0.31,0.305,0.148,0.337,0.363,0.301,0.325,89.0,32.0,4.9,40.7,94.278064236,22.4
"Milner, Hoby",571948,2022,272,244,64,23.5,5.5,0.25,0.377,0.309,0.686,0.127,0.315,0.234,0.353,0.302,0.29,0.295,0.12,0.36,0.342,0.333,0.314,85.1,34.9,9.7,33.3,92.738389945,23.5
"Anderson, Ian",666120,2022,493,436,97,19.7,11.0,0.264,0.408,0.345,0.753,0.144,0.313,0.252,0.39,0.333,0.325,0.337,0.138,0.37,0.359,0.337,0.325,89.2,32.0,5.6,40.5,94.069245162,28.4
"Bard, Daniel",453268,2022,245,216,69,28.2,10.2,0.162,0.245,0.257,0.502,0.083,0.221,0.178,0.274,0.232,0.251,0.272,0.096,0.256,0.287,0.236,0.261,87.7,22.3,3.4,37.8,93.588518493,27.5
"Mayza, Tim",641835,2022,193,177,44,22.8,6.2,0.237,0.401,0.286,0.687,0.164,0.273,0.258,0.423,0.295,0.316,0.308,0.165,0.359,0.388,0.311,0.342,88.6,34.6,4.4,39.0,94.699342481,23.4
"Lodolo, Nick",666157,2022,441,383,131,29.7,8.8,0.235,0.392,0.336,0.728,0.157,0.322,0.21,0.365,0.325,0.307,0.317,0.156,0.408,0.38,0.357,0.325,88.7,32.1,5.6,40.6,94.224165378,30.2
"Varland, Louis",686973,2022,106,99,21,19.8,5.7,0.263,0.455,0.311,0.766,0.192,0.297,0.271,0.449,0.329,0.331,0.32,0.178,0.389,0.392,0.333,0.344,88.7,43.6,5.1,41.0,94.078914744,20.3
"Jiménez, Joe",641729,2022,231,217,77,33.3,5.6,0.226,0.341,0.268,0.609,0.115,0.328,0.212,0.352,0.268,0.266,0.256,0.14,0.375,0.373,0.348,0.328,88.6,37.6,2.8,39.7,94.12236471,30.4
"Ragans, Cole",666142,2022,174,158,27,15.5,9.2,0.272,0.456,0.339,0.795,0.184,0.296,0.274,0.432,0.346,0.339,0.341,0.158,0.376,0.367,0.328,0.331,87.5,36.6,5.3,32.8,93.09529186,22.5
"Abreu, Bryan",650556,2022,248,217,88,35.5,10.5,0.207,0.267,0.302,0.569,0.06,0.336,0.196,0.276,0.264,0.27,0.296,0.08,0.345,0.355,0.346,0.335,86.6,25.4,3.1,32.3,92.935110155,39.1
"Martin, Brett",656685,2022,212,192,40,18.9,8.5,0.26,0.396,0.322,0.718,0.136,0.309,0.252,0.396,0.31,0.307,0.315,0.144,0.354,0.35,0.327,0.317,89.5,32.5,6.5,39.6,94.12793875,24.8
"Smeltzer, Devin",656970,2022,287,265,40,13.9,6.6,0.253,0.449,0.304,0.753,0.196,0.254,0.25,0.458,0.326,0.328,0.302,0.208,0.352,0.354,0.296,0.294,88.8,32.6,10.6,39.2,93.809187658,18.5
"Minter, A.J.",621345,2022,271,248,94,34.7,5.5,0.198,0.306,0.249,0.555,0.108,0.289,0.181,0.32,0.246,0.247,0.237,0.139,0.343,0.344,0.312,0.291,88.3,32.1,5.0,34.0,93.586623419,33.2
"López, Pablo",641154,2022,736,671,174,23.6,7.2,0.234,0.404,0.296,0.7,0.17,0.283,0.236,0.386,0.305,0.301,0.299,0.15,0.365,0.359,0.313,0.318,87.9,33.7,4.0,35.1,93.754029819,28.2
"Wisler, Matt",605538,2022,176,159,35,19.9,8.0,0.189,0.365,0.253,0.618,0.176,0.202,0.199,0.403,0.268,0.286,0.263,0.204,0.299,0.324,0.24,0.254,87.5,31.5,7.1,30.7,92.74944656,24.9
"Clevinger, Mike",605182,2022,485,437,91,18.8,7.2,0.233,0.412,0.304,0.716,0.179,0.25,0.247,0.451,0.314,0.335,0.318,0.204,0.347,0.376,0.293,0.312,88.2,36.7,6.3,39.1,94.011377623,24.3
"Swarmer, Matt",664161,2022,153,132,36,23.5,13.1,0.25,0.583,0.346,0.929,0.333,0.247,0.24,0.513,0.391,0.362,0.339,0.273,0.478,0.433,0.34,0.328,90.7,30.9,6.2,48.5,95.216112577,31.3
"García, Jarlín",606424,2022,270,248,56,20.7,6.7,0.242,0.415,0.295,0.71,0.173,0.273,0.245,0.446,0.308,0.321,0.3,0.201,0.362,0.38,0.311,0.318,88.8,31.3,4.1,41.5,94.01728099,24.8
"Fairbanks, Pete",664126,2022,87,82,38,43.7,3.4,0.159,0.207,0.186,0.393,0.048,0.273,0.128,0.188,0.176,0.154,0.157,0.06,0.29,0.248,0.289,0.233,87.3,22.2,4.4,26.7,92.458160444,35.9
"Gallen, Zac",668678,2022,714,651,192,26.9,6.6,0.186,0.307,0.252,0.559,0.121,0.237,0.211,0.348,0.25,0.279,0.277,0.137,0.298,0.341,0.262,0.3,87.8,33.0,4.8,36.1,93.452634902,23.0
"Barnes, Jacob",606930,2022,97,85,12,12.4,9.3,0.271,0.471,0.354,0.825,0.2,0.286,0.26,0.452,0.36,0.347,0.345,0.192,0.369,0.352,0.315,0.303,90.0,29.7,8.1,43.2,93.912340822,21.0
"Jefferies, Daulton",641726,2022,172,161,28,16.3,4.7,0.286,0.441,0.326,0.767,0.155,0.323,0.247,0.423,0.333,0.309,0.29,0.176,0.376,0.344,0.343,0.297,89.2,34.3,6.7,38.8,94.130182256,22.7
"Wilson, Bryse",669060,2022,509,460,79,15.5,6.3,0.287,0.485,0.341,0.826,0.198,0.305,0.29,0.493,0.356,0.362,0.346,0.203,0.393,0.402,0.341,0.347,90.9,37.6,8.8,43.8,94.94142239,18.0
"Leiter Jr., Mark",643410,2022,282,248,73,25.9,8.9,0.21,0.375,0.298,0.673,0.165,0.251,0.231,0.394,0.296,0.311,0.317,0.163,0.35,0.375,0.294,0.325,87.2,30.5,6.8,34.5,93.640648908,29.2
"Gomber, Austin",596295,2022,529,488,95,18.0,6.4,0.281,0.48,0.328,0.808,0.199,0.31,0.264,0.455,0.347,0.332,0.314,0.19,0.4,0.38,0.345,0.327,88.1,35.7,5.8,35.9,93.700422959,22.1
"Kinley, Tyler",641755,2022,100,93,27,27.0,6.0,0.226,0.28,0.28,0.56,0.054,0.318,0.206,0.312,0.253,0.257,0.263,0.105,0.309,0.316,0.318,0.292,88.8,34.8,12.1,42.4,93.897117231,32.3
"Murfee, Penn",682171,2022,272,250,76,27.9,6.6,0.192,0.32,0.25,0.57,0.128,0.243,0.198,0.324,0.251,0.256,0.256,0.127,0.312,0.319,0.273,0.282,85.7,35.8,8.5,30.1,92.851098571,25.0
"Arihara, Kohei",685503,2022,108,93,14,13.0,10.2,0.387,0.645,0.467,1.112,0.258,0.427,0.312,0.527,0.475,0.402,0.403,0.216,0.52,0.422,0.456,0.368,90.1,33.8,2.5,43.8,94.945374211,21.6
"Abreu, Albert",656061,2022,172,144,38,22.1,12.8,0.243,0.382,0.351,0.733,0.139,0.291,0.236,0.396,0.328,0.333,0.348,0.16,0.359,0.368,0.324,0.32,87.6,36.7,8.3,35.8,93.919208019,27.0
"Castano, Daniel",641447,2022,156,144,20,12.8,5.8,0.292,0.507,0.342,0.849,0.215,0.311,0.28,0.432,0.366,0.334,0.331,0.153,0.395,0.357,0.339,0.325,86.9,28.8,2.4,33.6,93.514981983,17.6
"Banuelos, Manny",544365,2022,175,149,42,24.0,12.0,0.215,0.315,0.322,0.637,0.1,0.283,0.229,0.326,0.289,0.299,0.334,0.098,0.315,0.332,0.296,0.316,85.6,29.4,1.8,36.7,93.596360935,28.4
"López, Reynaldo",625643,2022,254,234,63,24.8,4.3,0.218,0.312,0.252,0.564,0.094,0.287,0.229,0.341,0.245,0.271,0.268,0.112,0.305,0.343,0.291,0.314,89.4,36.0,6.7,39.3,93.948880402,29.0
"Fried, Max",608331,2022,733,692,170,23.2,4.4,0.225,0.319,0.262,0.581,0.094,0.28,0.226,0.338,0.255,0.266,0.265,0.112,0.309,0.326,0.296,0.301,86.2,29.4,6.1,32.1,92.996220039,26.1
"Anderson, Chase",502624,2022,103,83,23,22.3,14.6,0.205,0.361,0.34,0.701,0.156,0.237,0.195,0.313,0.316,0.308,0.342,0.118,0.324,0.311,0.274,0.278,84.2,29.0,6.5,38.7,93.735680323,22.4
"Luzardo, Jesús",666200,2022,400,361,120,30.0,8.8,0.191,0.335,0.266,0.601,0.144,0.254,0.219,0.366,0.267,0.291,0.291,0.147,0.335,0.374,0.285,0.327,89.0,34.2,6.6,39.1,93.928298506,31.7
"Richards, Trevor",670950,2022,281,240,82,29.2,12.5,0.237,0.396,0.332,0.728,0.159,0.314,0.234,0.44,0.32,0.336,0.331,0.206,0.402,0.43,0.352,0.35,89.4,40.5,6.1,39.3,94.075394012,35.1
"Ramírez, Erasmo",541640,2022,347,323,61,17.6,4.0,0.245,0.39,0.286,0.676,0.145,0.268,0.249,0.387,0.294,0.299,0.293,0.138,0.332,0.339,0.298,0.307,88.7,31.6,6.8,36.1,93.748385687,21.4
"Bubic, Kris",663460,2022,587,510,110,18.7,10.7,0.306,0.475,0.381,0.856,0.169,0.353,0.286,0.474,0.371,0.367,0.366,0.188,0.419,0.413,0.381,0.361,90.0,41.0,7.1,44.9,94.901166658,21.3
"Tinoco, Jesus",622786,2022,84,72,18,21.4,11.9,0.167,0.278,0.274,0.552,0.111,0.189,0.215,0.369,0.254,0.306,0.317,0.154,0.249,0.329,0.218,0.284,87.8,38.2,7.3,38.2,93.355597358,24.8
"Morris, Cody",663752,2022,100,87,23,23.0,12.0,0.241,0.379,0.33,0.709,0.138,0.29,0.255,0.448,0.315,0.348,0.346,0.193,0.358,0.408,0.323,0.348,88.0,36.9,3.1,36.9,94.157627538,28.7
"Bradish, Kyle",680694,2022,509,449,111,21.8,9.0,0.265,0.419,0.34,0.759,0.154,0.314,0.252,0.421,0.334,0.333,0.331,0.169,0.386,0.385,0.348,0.334,89.9,31.4,5.5,41.0,94.57371783,23.6
"Giolito, Lucas",608337,2022,698,628,177,25.4,8.7,0.272,0.455,0.338,0.793,0.183,0.34,0.249,0.413,0.344,0.323,0.319,0.164,0.429,0.396,0.375,0.346,88.8,37.9,6.1,39.0,94.18580163,28.5
"Whitlock, Garrett",676477,2022,311,293,82,26.4,4.8,0.222,0.379,0.26,0.639,0.157,0.271,0.224,0.374,0.278,0.278,0.264,0.151,0.354,0.354,0.305,0.31,88.8,35.2,7.0,39.0,94.179059623,29.6
"Arano, Víctor",644364,2022,187,169,44,23.5,6.4,0.278,0.408,0.339,0.747,0.13,0.347,0.234,0.379,0.329,0.299,0.299,0.145,0.398,0.353,0.373,0.314,85.8,32.3,7.1,35.4,93.272533095,29.2
"Garrett, Amir",607237,2022,196,158,49,25.0,16.3,0.177,0.241,0.332,0.573,0.064,0.255,0.191,0.285,0.276,0.296,0.343,0.094,0.259,0.295,0.255,0.276,88.3,30.9,3.6,30.0,93.572094815,26.9
"Walker, Taijuan",592836,2022,649,596,132,20.3,6.9,0.24,0.364,0.299,0.663,0.124,0.284,0.245,0.414,0.293,0.313,0.305,0.169,0.333,0.362,0.307,0.315,89.3,33.7,5.4,40.6,94.008313978,23.6
"Alexander, Tyler",641302,2022,427,393,61,14.3,5.9,0.275,0.473,0.315,0.788,0.198,0.281,0.277,0.509,0.337,0.357,0.323,0.232,0.372,0.397,0.32,0.329,88.9,37.6,6.5,37.9,94.204895419,17.1
"Pérez, Martín",527048,2022,821,738,169,20.6,8.4,0.241,0.336,0.31,0.646,0.095,0.298,0.241,0.359,0.289,0.299,0.311,0.118,0.322,0.336,0.311,0.313,88.2,30.9,5.2,34.9,93.581278732,21.0
"Grove, Michael",675627,2022,133,123,24,18.0,7.5,0.26,0.463,0.316,0.779,0.203,0.28,0.219,0.389,0.335,0.289,0.278,0.17,0.384,0.323,0.323,0.273,91.6,28.3,8.1,43.4,94.609737292,22.3
"Mantiply, Joe",573009,2022,243,231,61,25.1,2.5,0.255,0.359,0.281,0.64,0.104,0.319,0.242,0.371,0.28,0.28,0.269,0.129,0.358,0.357,0.343,0.326,86.5,28.9,5.2,37.6,93.285583471,29.2
"Sánchez, Cristopher",650911,2022,177,156,35,19.8,9.6,0.244,0.397,0.333,0.73,0.153,0.284,0.241,0.396,0.323,0.321,0.332,0.155,0.355,0.353,0.314,0.311,87.9,30.6,6.6,38.0,93.513299244,19.1
"Blackburn, Paul",621112,2022,467,431,89,19.1,6.4,0.255,0.441,0.311,0.752,0.186,0.291,0.257,0.408,0.326,0.315,0.313,0.151,0.375,0.361,0.322,0.324,88.2,30.0,3.8,40.5,94.130617189,23.6
"Hentges, Sam",656529,2022,245,221,72,29.4,7.8,0.186,0.258,0.258,0.516,0.072,0.259,0.205,0.304,0.235,0.26,0.277,0.099,0.283,0.326,0.273,0.304,88.8,24.5,4.6,35.1,94.012833793,30.1
"Foster, Matt",641582,2022,193,174,42,21.8,8.8,0.247,0.391,0.313,0.704,0.144,0.291,0.249,0.409,0.308,0.317,0.318,0.159,0.359,0.373,0.323,0.331,88.2,39.6,10.4,33.6,93.398500379,21.0
"Norris, Daniel",596057,2022,249,214,66,26.5,11.2,0.21,0.43,0.321,0.751,0.22,0.248,0.225,0.403,0.331,0.327,0.334,0.178,0.393,0.386,0.304,0.326,89.1,32.4,3.4,40.5,94.202098367,31.4
"Baumann, Mike",657508,2022,149,137,23,15.4,6.0,0.314,0.445,0.362,0.807,0.131,0.357,0.263,0.422,0.353,0.325,0.318,0.159,0.391,0.355,0.374,0.316,91.8,29.6,8.7,46.1,95.270243684,16.7
"Wendelken, J.B.",605525,2022,122,107,21,17.2,11.5,0.234,0.374,0.328,0.702,0.14,0.256,0.297,0.482,0.314,0.378,0.385,0.185,0.325,0.417,0.291,0.371,87.9,32.6,4.7,32.6,93.461895294,22.2
"Severino, Luis",622663,2022,405,368,112,27.7,7.4,0.196,0.353,0.263,0.616,0.157,0.239,0.204,0.353,0.273,0.276,0.272,0.148,0.336,0.343,0.28,0.294,89.4,33.6,5.4,41.6,94.25243631,27.8
"Oviedo, Johan",670912,2022,242,216,54,22.3,9.5,0.227,0.343,0.31,0.653,0.116,0.28,0.206,0.331,0.293,0.28,0.291,0.126,0.327,0.306,0.302,0.274,87.3,25.3,5.6,37.7,93.429729074,24.8
"Wick, Rowan",592858,2022,294,259,69,23.5,9.9,0.305,0.475,0.372,0.847,0.17,0.378,0.28,0.476,0.365,0.359,0.352,0.197,0.448,0.44,0.407,0.378,88.5,36.9,4.6,40.2,94.176639368,23.9
"García, Rony",665621,2022,206,188,48,23.3,6.3,0.213,0.415,0.277,0.692,0.202,0.235,0.279,0.576,0.301,0.388,0.339,0.298,0.356,0.483,0.284,0.374,91.5,42.6,7.8,51.1,95.680323972,21.7
"Karinchak, James",675916,2022,160,137,62,38.8,13.1,0.161,0.241,0.275,0.516,0.08,0.27,0.179,0.283,0.243,0.267,0.293,0.105,0.311,0.363,0.289,0.326,91.0,39.5,7.9,40.8,93.772692105,34.7
"Shaw, Bryan",543766,2022,261,230,52,19.9,10.0,0.252,0.417,0.337,0.754,0.165,0.288,0.255,0.425,0.332,0.335,0.34,0.171,0.369,0.374,0.324,0.327,90.8,34.1,3.9,44.1,94.818513989,21.7
"Eflin, Zach",621107,2022,313,290,65,20.8,4.8,0.241,0.393,0.288,0.681,0.152,0.282,0.222,0.365,0.295,0.278,0.271,0.143,0.346,0.323,0.307,0.285,85.3,31.6,4.4,31.1,92.731852566,22.1
"Sousa, Bennett",656986,2022,96,83,12,12.5,10.4,0.301,0.458,0.375,0.833,0.157,0.314,0.259,0.438,0.359,0.335,0.34,0.179,0.372,0.341,0.342,0.296,88.7,28.8,8.2,43.8,94.466892055,25.8
"Thielbar, Caleb",573204,2022,245,226,80,32.7,7.3,0.226,0.332,0.282,0.614,0.106,0.324,0.19,0.311,0.271,0.248,0.249,0.121,0.37,0.331,0.347,0.293,84.9,37.4,4.8,25.9,92.069418699,30.2
"King, John",667463,2022,222,205,30,13.5,6.3,0.298,0.41,0.344,0.754,0.112,0.327,0.278,0.42,0.326,0.321,0.326,0.142,0.357,0.351,0.347,0.324,90.7,24.9,3.4,44.6,95.168030174,19.9
"Moll, Sam",594580,2022,187,161,46,24.6,11.8,0.205,0.335,0.31,0.645,0.13,0.252,0.201,0.314,0.279,0.27,0.307,0.113,0.322,0.308,0.284,0.28,87.6,26.7,2.6,35.3,93.684371034,24.9
"Phillips, Evan",623465,2022,233,213,77,33.0,6.4,0.155,0.211,0.219,0.43,0.056,0.228,0.173,0.279,0.197,0.234,0.24,0.105,0.245,0.309,0.239,0.275,86.1,31.2,7.2,31.2,92.66339403,30.3
"Nelson, Nick",656793,2022,306,257,69,22.5,11.8,0.257,0.35,0.346,0.696,0.093,0.332,0.225,0.338,0.311,0.303,0.325,0.113,0.342,0.331,0.335,0.302,87.6,33.0,6.6,32.5,93.218411837,28.7
"Ryan, Joe",657746,2022,604,546,151,25.0,7.8,0.211,0.379,0.285,0.664,0.168,0.253,0.214,0.389,0.294,0.297,0.288,0.175,0.348,0.354,0.291,0.295,88.2,36.1,8.1,35.4,93.601724154,25.6
"Contreras, Roansy",672710,2022,408,365,86,21.1,9.6,0.225,0.414,0.301,0.715,0.189,0.257,0.236,0.447,0.312,0.329,0.313,0.21,0.353,0.378,0.292,0.309,90.1,36.3,8.2,45.9,94.732915036,27.7
"Gausman, Kevin",592332,2022,725,690,205,28.3,3.9,0.272,0.4,0.3,0.7,0.128,0.364,0.241,0.391,0.304,0.288,0.272,0.149,0.408,0.384,0.384,0.342,89.0,38.1,4.9,38.5,94.021611581,29.4
"Quintana, Jose",500779,2022,679,626,137,20.2,6.9,0.246,0.343,0.301,0.644,0.097,0.303,0.256,0.387,0.286,0.307,0.311,0.132,0.326,0.354,0.314,0.327,86.5,34.4,5.7,35.8,93.299908909,24.0
"Minor, Mike",501985,2022,455,405,76,16.7,8.8,0.296,0.536,0.367,0.903,0.24,0.312,0.253,0.437,0.385,0.331,0.329,0.184,0.434,0.359,0.361,0.309,88.2,36.4,3.9,34.9,93.658588632,20.1
"Winder, Josh",680739,2022,287,261,47,16.4,6.3,0.264,0.46,0.321,0.781,0.196,0.282,0.263,0.472,0.337,0.35,0.327,0.208,0.373,0.389,0.318,0.326,89.1,35.5,8.3,38.7,94.267850092,22.2
"Smith, Caleb",592761,2022,302,261,65,21.5,12.9,0.218,0.429,0.322,0.751,0.211,0.236,0.21,0.38,0.329,0.308,0.315,0.17,0.367,0.334,0.291,0.279,86.0,29.9,6.6,29.9,92.812480361,28.8
"Danish, Tyler",641501,2022,173,157,32,18.5,6.9,0.255,0.439,0.324,0.763,0.184,0.28,0.29,0.521,0.334,0.378,0.356,0.231,0.373,0.434,0.32,0.365,89.0,34.4,9.6,41.6,94.819378871,19.2
"Sulser, Cole",642121,2022,149,132,38,25.5,10.7,0.295,0.492,0.372,0.864,0.197,0.375,0.264,0.48,0.374,0.354,0.344,0.216,0.475,0.444,0.415,0.371,90.2,40.0,10.5,43.2,94.739890543,30.9
"Anderson, Tyler",542881,2022,707,657,138,19.5,4.8,0.221,0.35,0.267,0.617,0.129,0.257,0.226,0.368,0.271,0.281,0.273,0.143,0.307,0.321,0.277,0.285,85.0,34.2,6.1,28.5,92.353431738,24.3
"Ray, Robbie",592662,2022,775,705,212,27.4,8.0,0.231,0.423,0.299,0.722,0.192,0.284,0.222,0.388,0.315,0.299,0.291,0.166,0.398,0.372,0.33,0.317,89.7,34.0,7.5,39.1,94.312919224,30.0
"Gutierrez, Vladimir",661269,2022,179,147,29,16.2,13.4,0.313,0.612,0.425,1.037,0.299,0.339,0.255,0.471,0.437,0.369,0.377,0.217,0.48,0.379,0.383,0.313,89.3,37.5,12.5,42.5,94.457549832,18.0
"Hicks, Jordan",663855,2022,263,219,63,24.0,13.3,0.21,0.324,0.335,0.659,0.114,0.268,0.209,0.332,0.302,0.305,0.335,0.123,0.319,0.324,0.291,0.292,86.9,28.5,1.3,32.3,93.162983782,24.0
"Jackson, Zach",667427,2022,202,164,67,33.2,16.3,0.171,0.232,0.315,0.547,0.061,0.278,0.182,0.331,0.257,0.295,0.325,0.149,0.292,0.368,0.286,0.307,89.4,35.0,6.0,40.0,94.226831753,33.4
"Soto, Gregory",642397,2022,263,218,60,22.8,12.9,0.225,0.317,0.344,0.661,0.092,0.296,0.219,0.36,0.302,0.315,0.34,0.142,0.316,0.339,0.304,0.298,91.4,34.0,6.8,43.2,94.978462188,25.9
"Kirby, George",669923,2022,542,511,133,24.5,4.1,0.264,0.393,0.299,0.692,0.129,0.332,0.23,0.39,0.302,0.287,0.268,0.16,0.38,0.358,0.354,0.31,89.3,31.4,5.8,38.7,94.146828112,21.2
"Díaz, Alexis",664747,2022,255,213,83,32.5,12.9,0.131,0.216,0.26,0.476,0.085,0.18,0.16,0.296,0.223,0.266,0.287,0.136,0.239,0.32,0.211,0.262,86.7,31.3,6.7,33.1,92.855222672,36.5
"Hader, Josh",623352,2022,219,191,81,37.0,9.6,0.225,0.403,0.311,0.714,0.178,0.333,0.195,0.371,0.313,0.293,0.289,0.176,0.454,0.415,0.381,0.338,87.7,45.1,6.2,36.3,93.654660442,36.6
"Diekman, Jake",518617,2022,269,216,79,29.4,15.6,0.241,0.417,0.379,0.796,0.176,0.328,0.21,0.36,0.353,0.324,0.356,0.15,0.434,0.381,0.371,0.327,89.8,38.6,5.0,39.3,94.375530072,33.1
"Scherzer, Max",453286,2022,565,523,173,30.6,4.2,0.207,0.319,0.254,0.573,0.112,0.279,0.2,0.352,0.254,0.268,0.252,0.151,0.335,0.356,0.305,0.301,87.8,32.2,3.9,33.9,93.468018937,30.6
"Manning, Matt",666159,2022,263,238,48,18.3,7.2,0.231,0.336,0.285,0.621,0.105,0.259,0.255,0.414,0.274,0.313,0.308,0.159,0.299,0.351,0.282,0.313,89.1,32.8,7.7,36.9,94.128260103,22.4
"Pivetta, Nick",601713,2022,773,691,175,22.6,9.4,0.253,0.425,0.327,0.752,0.172,0.3,0.246,0.451,0.33,0.336,0.322,0.205,0.387,0.396,0.337,0.329,90.7,36.3,10.4,45.6,94.88258417,23.5
"Wainwright, Adam",425794,2022,803,736,143,17.8,6.7,0.261,0.382,0.315,0.697,0.121,0.302,0.27,0.433,0.306,0.332,0.326,0.163,0.341,0.375,0.321,0.335,87.8,37.4,6.7,36.6,93.594969883,16.9
"Stout, Eric",657770,2022,110,91,25,22.7,14.5,0.275,0.44,0.4,0.84,0.165,0.359,0.224,0.393,0.37,0.334,0.358,0.169,0.422,0.362,0.379,0.309,90.6,30.3,6.1,36.4,94.10783803,27.1
"Rodriguez, Eduardo",593958,2022,391,352,72,18.4,8.7,0.247,0.403,0.316,0.719,0.156,0.279,0.246,0.408,0.317,0.318,0.315,0.163,0.35,0.352,0.31,0.308,87.5,30.7,5.3,36.0,93.344346871,18.1
"Garrett, Braxton",666129,2022,373,338,90,24.1,6.4,0.254,0.402,0.323,0.725,0.148,0.322,0.247,0.408,0.319,0.318,0.316,0.162,0.384,0.383,0.347,0.336,89.4,32.9,6.8,38.6,94.283828496,26.8
"Nelson, Kyle",669459,2022,151,134,30,19.9,9.3,0.194,0.299,0.285,0.584,0.105,0.243,0.234,0.386,0.266,0.313,0.32,0.152,0.272,0.341,0.25,0.301,88.5,31.7,5.8,38.5,93.578171287,26.6
"Elder, Bryce",693821,2022,227,198,47,20.7,10.1,0.222,0.333,0.31,0.643,0.111,0.268,0.243,0.403,0.288,0.323,0.33,0.16,0.31,0.362,0.288,0.318,88.2,30.5,9.1,34.4,93.799103947,23.7
"Kimbrel, Craig",518886,2022,260,225,72,27.7,10.8,0.227,0.351,0.324,0.675,0.124,0.313,0.203,0.364,0.301,0.295,0.304,0.161,0.363,0.353,0.331,0.297,90.7,29.7,9.0,43.9,94.549599007,29.2
"Maton, Phil",664208,2022,283,245,73,25.8,9.2,0.237,0.408,0.326,0.734,0.171,0.291,0.246,0.393,0.321,0.324,0.337,0.147,0.387,0.39,0.331,0.348,85.1,39.2,4.0,29.5,92.196424913,30.1
"Thompson, Keegan",624522,2022,485,431,108,22.3,8.9,0.239,0.411,0.32,0.731,0.172,0.282,0.237,0.424,0.322,0.326,0.319,0.187,0.37,0.376,0.318,0.317,89.0,36.6,5.2,39.1,93.986615549,24.5
"McHugh, Collin",543521,2022,272,251,75,27.6,5.1,0.203,0.299,0.257,0.556,0.096,0.266,0.222,0.352,0.247,0.276,0.275,0.13,0.306,0.349,0.287,0.314,86.6,33.1,5.6,31.5,92.58651,27.4
"Naughton, Packy",676050,2022,141,132,31,22.0,5.0,0.295,0.439,0.336,0.775,0.144,0.367,0.254,0.402,0.336,0.304,0.297,0.148,0.414,0.37,0.386,0.333,87.1,31.4,6.9,35.3,93.3611081,27.8
"Gose, Anthony",543238,2022,92,76,28,30.4,15.2,0.197,0.434,0.326,0.76,0.237,0.244,0.203,0.489,0.329,0.347,0.331,0.287,0.414,0.446,0.306,0.314,92.9,36.7,6.1,49.0,95.408105306,33.5
"Gibaut, Ian",664139,2022,161,141,48,29.8,11.8,0.277,0.44,0.366,0.806,0.163,0.4,0.214,0.331,0.354,0.291,0.311,0.117,0.465,0.356,0.419,0.324,86.6,40.9,9.7,38.7,93.353507849,26.1
"Matz, Steven",571927,2022,207,195,54,26.1,4.8,0.256,0.431,0.3,0.731,0.175,0.316,0.253,0.394,0.318,0.302,0.296,0.141,0.408,0.385,0.355,0.349,88.4,39.7,5.0,36.2,93.699135603,27.6
"Edwards Jr., Carl",605218,2022,256,228,56,21.9,9.8,0.224,0.351,0.301,0.652,0.127,0.259,0.214,0.357,0.291,0.291,0.294,0.143,0.325,0.325,0.293,0.284,87.7,32.8,5.7,35.6,93.303701221,24.4
"Schreiber, John",670167,2022,257,231,74,28.8,7.4,0.195,0.312,0.266,0.578,0.117,0.269,0.182,0.288,0.258,0.25,0.257,0.107,0.315,0.301,0.283,0.27,87.2,25.0,8.8,39.4,94.031917595,32.6
"Hill, Garrett",682051,2022,263,229,40,15.2,11.0,0.231,0.38,0.327,0.707,0.149,0.247,0.266,0.481,0.316,0.363,0.357,0.215,0.316,0.383,0.279,0.321,88.8,36.8,6.3,39.5,94.031085213,19.6
"Knebel, Corey",608349,2022,193,163,41,21.2,14.0,0.202,0.337,0.321,0.658,0.135,0.244,0.215,0.356,0.293,0.305,0.332,0.141,0.306,0.325,0.268,0.286,88.7,30.9,4.1,39.8,93.948843852,27.6
"Detwiler, Ross",446321,2022,122,108,28,23.0,8.2,0.287,0.491,0.361,0.852,0.204,0.342,0.274,0.455,0.364,0.351,0.356,0.18,0.444,0.426,0.383,0.375,89.9,40.7,7.4,40.7,94.157921235,23.0
"Romano, Jordan",605447,2022,258,232,73,28.3,8.1,0.19,0.263,0.268,0.531,0.073,0.258,0.221,0.353,0.238,0.284,0.297,0.132,0.286,0.361,0.277,0.324,90.3,28.9,6.9,45.9,94.92203391,30.3
"Ort, Kaleb",672391,2022,134,116,27,20.1,11.2,0.302,0.457,0.388,0.845,0.155,0.36,0.265,0.468,0.366,0.357,0.359,0.203,0.422,0.408,0.389,0.345,91.6,33.3,6.7,47.8,95.584617614,28.6
"Stephan, Trevor",663986,2022,267,240,82,30.7,6.7,0.237,0.329,0.299,0.628,0.092,0.344,0.193,0.277,0.278,0.239,0.259,0.084,0.368,0.305,0.356,0.289,87.5,27.0,5.5,34.4,93.334195625,35.3
"Dunn, Justin",643290,2022,138,116,21,15.2,12.3,0.276,0.629,0.38,1.009,0.353,0.247,0.295,0.633,0.425,0.431,0.396,0.339,0.462,0.471,0.333,0.356,91.4,42.3,6.2,44.3,95.135795895,22.4
"Verlander, Justin",434378,2022,666,625,185,27.8,4.4,0.186,0.27,0.227,0.497,0.084,0.24,0.206,0.342,0.222,0.258,0.247,0.136,0.277,0.33,0.261,0.291,87.8,32.5,4.9,34.8,93.330588186,24.2
"Puk, A.J.",640462,2022,281,244,76,27.0,8.2,0.217,0.357,0.31,0.667,0.14,0.286,0.221,0.369,0.296,0.301,0.314,0.148,0.357,0.367,0.315,0.322,86.9,29.2,3.5,35.1,93.650068,29.2
"Beeks, Jalen",656222,2022,250,224,70,28.0,8.8,0.219,0.379,0.293,0.672,0.16,0.284,0.22,0.385,0.297,0.299,0.295,0.165,0.369,0.374,0.316,0.319,86.7,31.4,5.8,37.2,93.71135471,31.3
"Moreta, Dauri",664294,2022,160,141,39,24.4,8.1,0.227,0.496,0.306,0.802,0.269,0.234,0.219,0.432,0.341,0.319,0.302,0.214,0.415,0.38,0.308,0.302,90.6,36.5,6.7,41.3,94.598210097,27.6
"Fedde, Erick",607200,2022,573,508,94,16.4,10.1,0.293,0.47,0.362,0.832,0.177,0.321,0.284,0.465,0.362,0.36,0.357,0.181,0.397,0.395,0.355,0.348,89.5,34.9,5.0,43.5,94.651932751,18.4
"Hand, Brad",543272,2022,198,166,38,19.2,11.6,0.223,0.319,0.335,0.654,0.096,0.273,0.232,0.376,0.297,0.326,0.349,0.144,0.299,0.342,0.285,0.305,87.2,32.8,6.1,26.9,92.528128333,18.5
"Castillo, Diego",650895,2022,222,197,53,23.9,9.9,0.203,0.299,0.288,0.587,0.096,0.25,0.203,0.332,0.26,0.274,0.29,0.129,0.295,0.317,0.276,0.278,86.4,27.6,4.8,30.6,92.806698264,26.5
"Hill, Rich",448179,2022,526,484,109,20.7,7.0,0.258,0.432,0.316,0.748,0.174,0.305,0.239,0.422,0.325,0.314,0.299,0.183,0.38,0.365,0.332,0.309,88.2,31.6,4.5,34.0,93.666610461,22.0
"Lauer, Eric",641778,2022,661,592,157,23.8,8.9,0.228,0.41,0.298,0.708,0.182,0.262,0.24,0.415,0.31,0.318,0.311,0.175,0.368,0.38,0.308,0.327,88.8,35.8,5.5,38.0,93.894195219,24.2
"Hudson, Dakota",641712,2022,596,517,78,13.1,10.2,0.273,0.375,0.356,0.731,0.102,0.303,0.273,0.414,0.326,0.343,0.358,0.141,0.326,0.348,0.317,0.32,89.0,31.7,5.6,40.4,94.410242899,17.6
"Gilbert, Tyler",656457,2022,146,132,20,13.7,6.8,0.25,0.47,0.306,0.776,0.22,0.238,0.299,0.588,0.332,0.397,0.352,0.289,0.359,0.441,0.292,0.351,88.9,41.2,12.3,42.1,94.20946115,19.6
"Rodón, Carlos",607074,2022,710,649,237,33.4,7.3,0.202,0.308,0.263,0.571,0.106,0.295,0.196,0.319,0.255,0.256,0.258,0.123,0.343,0.345,0.316,0.307,89.0,33.6,5.3,39.8,93.698768499,31.2
"Wentz, Joey",666214,2022,135,118,27,20.0,9.6,0.195,0.339,0.274,0.613,0.144,0.228,0.21,0.357,0.27,0.298,0.296,0.147,0.285,0.325,0.245,0.275,88.8,31.9,7.4,35.1,93.899797717,21.8
"Bruihl, Justin",677865,2022,100,87,13,13.0,6.0,0.253,0.437,0.32,0.757,0.184,0.254,0.245,0.393,0.322,0.303,0.313,0.148,0.342,0.318,0.293,0.285,86.2,33.3,3.8,24.4,92.150115811,24.9
"Gibson, Kyle",502043,2022,718,656,144,20.1,6.7,0.268,0.434,0.325,0.759,0.166,0.309,0.258,0.43,0.331,0.326,0.316,0.172,0.384,0.376,0.341,0.329,88.6,34.8,6.0,37.5,93.992252392,25.2
"Wacha, Michael",608379,2022,515,476,104,20.2,6.0,0.233,0.41,0.283,0.693,0.177,0.26,0.252,0.463,0.301,0.333,0.304,0.211,0.348,0.392,0.295,0.324,88.2,35.4,5.9,35.4,93.926884205,20.7
"Cueto, Johnny",456501,2022,651,604,102,15.7,5.1,0.267,0.409,0.308,0.717,0.142,0.296,0.263,0.426,0.31,0.317,0.306,0.163,0.345,0.353,0.316,0.314,87.7,33.7,5.7,35.9,93.65877503,17.6
"Ottavino, Adam",493603,2022,258,235,79,30.6,6.2,0.204,0.323,0.267,0.59,0.119,0.276,0.187,0.281,0.26,0.24,0.254,0.094,0.337,0.306,0.304,0.282,84.8,29.7,6.3,29.7,92.451776859,29.8
"Gilbert, Logan",669302,2022,766,702,174,22.7,6.4,0.242,0.39,0.295,0.685,0.148,0.294,0.253,0.421,0.299,0.318,0.308,0.169,0.357,0.384,0.319,0.337,91.0,37.6,7.4,45.6,95.054543814,24.2
"McCullers Jr., Lance",621121,2022,195,172,50,25.6,11.3,0.215,0.337,0.303,0.64,0.122,0.277,0.226,0.351,0.287,0.297,0.312,0.125,0.332,0.348,0.301,0.316,87.7,26.8,6.5,32.5,93.269571066,27.1
"Hunter, Tommy",488984,2022,94,87,22,23.4,6.4,0.241,0.437,0.29,0.727,0.196,0.279,0.248,0.493,0.315,0.338,0.296,0.246,0.388,0.42,0.323,0.332,90.6,27.3,6.1,45.5,95.078369231,23.8
"Cimber, Adam",643256,2022,293,266,58,19.8,4.4,0.248,0.368,0.301,0.669,0.12,0.294,0.25,0.381,0.294,0.3,0.303,0.131,0.337,0.345,0.314,0.318,89.1,34.6,5.6,38.8,94.496822837,20.7
"Bumgarner, Madison",518516,2022,698,637,112,16.0,7.0,0.281,0.487,0.34,0.827,0.206,0.307,0.276,0.512,0.357,0.364,0.337,0.236,0.396,0.406,0.34,0.335,90.3,37.7,6.6,43.2,94.764788192,18.2
"Estévez, Carlos",608032,2022,235,209,54,23.0,9.8,0.211,0.373,0.289,0.662,0.162,0.247,0.237,0.417,0.29,0.318,0.315,0.18,0.331,0.374,0.28,0.319,89.6,38.2,5.7,38.9,94.618619351,22.1
"Montas, Frankie",593423,2022,608,550,142,23.4,7.1,0.249,0.402,0.308,0.71,0.153,0.301,0.24,0.404,0.309,0.311,0.303,0.164,0.372,0.376,0.332,0.325,87.6,31.8,4.8,34.2,93.491065135,27.6
"Ashcraft, Graham",668933,2022,464,423,71,15.3,6.5,0.281,0.404,0.338,0.742,0.123,0.314,0.263,0.386,0.326,0.313,0.322,0.123,0.353,0.336,0.335,0.314,86.9,31.0,3.7,36.3,93.255382465,18.6
"Bednar, David",670280,2022,210,193,69,32.9,7.6,0.218,0.337,0.281,0.618,0.119,0.317,0.223,0.367,0.271,0.285,0.286,0.145,0.371,0.397,0.339,0.349,90.5,37.9,5.6,46.0,94.75822562,33.5
"Javier, Cristian",664299,2022,585,524,194,33.2,8.9,0.17,0.305,0.252,0.557,0.135,0.229,0.169,0.301,0.251,0.249,0.251,0.132,0.321,0.317,0.269,0.268,88.4,31.2,6.3,33.6,93.183498502,30.4
"Kershaw, Clayton",477132,2022,493,465,137,27.8,4.7,0.206,0.31,0.246,0.556,0.104,0.269,0.21,0.317,0.245,0.25,0.249,0.107,0.314,0.32,0.291,0.296,87.1,30.5,5.7,33.2,93.343688991,29.1
"Rucker, Michael",621074,2022,229,207,50,21.8,8.7,0.242,0.396,0.306,0.702,0.154,0.278,0.228,0.389,0.308,0.301,0.296,0.161,0.356,0.349,0.314,0.301,89.8,27.0,3.1,38.3,94.205432745,25.8
"Kelly, Joe",523260,2022,170,143,53,31.2,13.5,0.252,0.357,0.365,0.722,0.105,0.382,0.192,0.281,0.327,0.281,0.317,0.089,0.413,0.327,0.396,0.305,85.9,20.9,5.5,31.9,92.975431685,33.7
"Alcantara, Sandy",645261,2022,886,820,207,23.4,5.6,0.212,0.324,0.263,0.587,0.112,0.262,0.214,0.342,0.26,0.27,0.267,0.128,0.306,0.321,0.281,0.286,87.8,28.4,5.2,38.5,93.947545934,25.4
"Rogers, Trevor",669432,2022,477,423,106,22.2,9.4,0.274,0.468,0.348,0.816,0.194,0.33,0.262,0.438,0.354,0.341,0.34,0.176,0.418,0.4,0.361,0.349,88.4,35.5,5.9,37.4,94.176952082,25.8
"Urquidy, José",664353,2022,681,630,134,19.7,5.6,0.244,0.438,0.292,0.73,0.194,0.264,0.254,0.465,0.316,0.332,0.304,0.21,0.366,0.389,0.307,0.323,89.7,34.7,7.8,40.8,94.325262048,22.3
"Matzek, Tyler",554431,2022,184,150,36,19.6,15.8,0.173,0.28,0.31,0.59,0.107,0.202,0.214,0.369,0.27,0.318,0.345,0.155,0.249,0.323,0.222,0.277,88.9,31.6,4.3,38.5,93.903163652,26.1
"Hoffman, Jeff",656546,2022,197,170,45,22.8,11.7,0.235,0.406,0.335,0.741,0.171,0.289,0.22,0.393,0.325,0.319,0.324,0.173,0.369,0.359,0.317,0.3,89.3,31.0,7.1,38.9,94.291224841,25.6
"Carrasco, Carlos",471911,2022,645,593,152,23.6,6.4,0.272,0.425,0.326,0.751,0.153,0.338,0.252,0.418,0.327,0.316,0.309,0.166,0.401,0.385,0.363,0.338,88.4,35.2,8.8,39.5,94.446088119,27.7
"Vest, Will",676684,2022,272,237,63,23.2,8.1,0.262,0.367,0.323,0.69,0.105,0.32,0.239,0.39,0.304,0.313,0.31,0.151,0.357,0.37,0.343,0.323,87.8,32.8,8.7,44.3,94.191033812,23.8
"Fleming, Josh",676596,2022,169,155,29,17.2,7.1,0.348,0.542,0.396,0.938,0.194,0.402,0.26,0.426,0.403,0.324,0.317,0.167,0.467,0.363,0.425,0.319,90.4,29.9,8.7,43.3,94.96198127,23.5
"Hearn, Taylor",621368,2022,449,400,97,21.6,9.6,0.268,0.427,0.342,0.769,0.159,0.327,0.261,0.434,0.337,0.34,0.338,0.174,0.391,0.395,0.351,0.345,89.5,38.6,5.2,40.2,94.444467252,22.2
"Taillon, Jameson",592791,2022,728,684,151,20.7,4.4,0.246,0.43,0.283,0.713,0.184,0.278,0.259,0.446,0.308,0.321,0.296,0.187,0.368,0.385,0.313,0.332,88.5,34.5,6.7,36.2,94.010264444,23.1
"Raley, Brooks",548384,2022,219,196,61,27.9,6.8,0.189,0.276,0.266,0.542,0.087,0.256,0.211,0.315,0.247,0.272,0.287,0.104,0.289,0.329,0.272,0.306,86.7,34.3,7.3,28.5,92.263166593,28.1
"Ortega, Oliver",661383,2022,148,128,33,22.3,12.2,0.25,0.398,0.347,0.745,0.148,0.3,0.262,0.427,0.332,0.346,0.357,0.166,0.376,0.397,0.337,0.352,90.4,30.2,5.2,43.8,94.960716,23.7
"Robles, Hansel",570663,2022,111,96,21,18.9,12.6,0.26,0.479,0.351,0.83,0.219,0.282,0.273,0.532,0.357,0.384,0.366,0.259,0.399,0.438,0.329,0.351,92.7,36.8,10.5,50.0,96.043510789,24.7
"Liberatore, Matthew",669461,2022,161,138,28,17.4,11.2,0.304,0.529,0.384,0.913,0.225,0.346,0.266,0.479,0.391,0.363,0.354,0.213,0.438,0.398,0.375,0.332,91.2,38.6,9.6,48.2,95.174757411,21.6
"Melancon, Mark",453343,2022,247,224,35,14.2,8.5,0.281,0.393,0.346,0.739,0.112,0.315,0.28,0.442,0.325,0.341,0.344,0.162,0.346,0.367,0.333,0.332,89.7,36.3,5.8,38.9,94.01804893,20.8
"McGee, Jake",459429,2022,163,149,25,15.3,7.4,0.275,0.483,0.327,0.81,0.208,0.294,0.255,0.506,0.346,0.348,0.312,0.251,0.386,0.388,0.328,0.308,90.2,33.3,7.9,42.1,94.44514576,19.3
"López, Jorge",605347,2022,298,257,72,24.2,10.4,0.206,0.3,0.306,0.606,0.094,0.268,0.208,0.324,0.27,0.283,0.31,0.116,0.3,0.319,0.283,0.289,87.3,29.8,4.3,33.0,93.290178973,24.4
"Rogers, Taylor",573124,2022,274,239,84,30.7,6.9,0.238,0.406,0.319,0.725,0.168,0.329,0.231,0.4,0.315,0.314,0.316,0.169,0.414,0.413,0.358,0.354,88.6,35.6,7.5,40.6,94.383357722,31.2
"Goudeau, Ashton",623485,2022,94,82,16,17.0,10.6,0.305,0.463,0.372,0.835,0.158,0.338,0.258,0.392,0.362,0.332,0.341,0.134,0.4,0.357,0.368,0.325,91.0,36.8,7.4,45.6,94.352129412,24.1
"Bassitt, Chris",605135,2022,745,680,167,22.4,6.6,0.234,0.359,0.297,0.656,0.125,0.282,0.227,0.372,0.291,0.293,0.291,0.145,0.337,0.339,0.309,0.3,85.7,31.1,4.7,32.8,92.802733268,23.6
"Davis, Austin",656354,2022,264,221,64,24.2,12.5,0.258,0.385,0.363,0.748,0.127,0.335,0.239,0.384,0.333,0.333,0.35,0.145,0.382,0.382,0.356,0.336,86.5,37.0,3.1,30.9,93.134258038,26.4
"Underwood Jr., Duane",621249,2022,259,228,57,22.0,9.7,0.25,0.316,0.336,0.652,0.066,0.327,0.257,0.367,0.295,0.318,0.343,0.11,0.326,0.36,0.331,0.341,87.8,36.0,5.2,36.0,93.652704444,27.3
"Bummer, Aaron",607481,2022,117,104,30,25.6,8.5,0.288,0.375,0.359,0.734,0.087,0.384,0.254,0.358,0.328,0.307,0.328,0.104,0.4,0.368,0.4,0.352,90.2,30.7,2.7,45.3,95.234822162,28.0
"Mikolas, Miles",571945,2022,805,751,153,19.0,4.8,0.226,0.373,0.267,0.64,0.147,0.25,0.251,0.414,0.279,0.31,0.293,0.163,0.319,0.36,0.281,0.315,87.8,35.1,6.8,36.0,93.485106739,18.7
"Lynch IV, Daniel",663738,2022,600,535,122,20.3,8.7,0.29,0.456,0.355,0.811,0.166,0.337,0.275,0.465,0.352,0.348,0.342,0.19,0.41,0.404,0.37,0.352,91.2,33.7,6.2,47.7,95.400197788,25.4
"Robertson, David",502085,2022,264,225,81,30.7,13.3,0.173,0.298,0.292,0.59,0.125,0.237,0.173,0.309,0.27,0.273,0.292,0.136,0.313,0.32,0.269,0.269,88.6,31.7,6.2,38.9,93.416671608,33.0
"Faedo, Alex",656412,2022,244,215,44,18.0,10.2,0.293,0.465,0.365,0.83,0.172,0.335,0.279,0.494,0.361,0.369,0.358,0.215,0.403,0.414,0.362,0.352,91.1,45.4,8.6,39.1,94.580938613,24.2
"Brasier, Ryan",518489,2022,263,243,64,24.3,4.9,0.28,0.481,0.312,0.793,0.201,0.335,0.247,0.443,0.336,0.311,0.285,0.195,0.428,0.392,0.368,0.329,90.7,38.9,6.5,46.5,95.186127459,25.2
"Kuhl, Chad",641771,2022,617,546,110,17.8,9.4,0.284,0.5,0.355,0.855,0.216,0.313,0.269,0.482,0.368,0.355,0.342,0.213,0.414,0.396,0.351,0.333,90.5,36.0,7.0,44.6,95.09870475,23.6
"Gray, Josiah",680686,2022,649,569,154,23.7,10.2,0.239,0.489,0.324,0.813,0.25,0.257,0.218,0.435,0.35,0.324,0.308,0.217,0.419,0.378,0.324,0.299,87.4,33.6,6.4,36.9,93.715460483,27.0
"Sandoval, Patrick",663776,2022,638,565,151,23.7,9.4,0.246,0.333,0.322,0.655,0.087,0.32,0.244,0.365,0.294,0.307,0.322,0.121,0.339,0.359,0.333,0.333,87.3,31.6,3.3,34.0,93.079175728,29.6
"Castellanos, Humberto",528748,2022,194,173,32,16.5,6.2,0.289,0.48,0.342,0.822,0.191,0.312,0.276,0.473,0.353,0.35,0.335,0.197,0.393,0.389,0.345,0.336,89.6,39.3,6.9,37.9,93.986997569,17.8
"Morgan, Eli",669212,2022,256,239,72,28.1,5.1,0.192,0.381,0.238,0.619,0.189,0.226,0.198,0.371,0.268,0.271,0.249,0.173,0.344,0.349,0.272,0.288,87.8,35.5,8.3,34.9,93.694654048,26.4
"Perdomo, Luis",606131,2022,96,92,12,12.5,3.1,0.261,0.424,0.292,0.716,0.163,0.263,0.277,0.483,0.311,0.341,0.307,0.206,0.339,0.374,0.3,0.318,89.5,21.3,8.8,51.2,95.354509,23.4
"Trivino, Lou",642152,2022,250,222,67,26.8,9.6,0.288,0.428,0.368,0.796,0.14,0.389,0.253,0.403,0.349,0.326,0.337,0.149,0.442,0.405,0.413,0.363,88.7,32.9,3.9,47.1,95.278375,27.8
"Webb, Logan",657277,2022,787,726,163,20.7,6.2,0.24,0.346,0.293,0.639,0.106,0.294,0.248,0.378,0.283,0.3,0.301,0.13,0.325,0.347,0.308,0.319,88.9,29.3,4.6,39.0,94.043291367,24.1
"Pineda, Michael",501381,2022,200,191,26,13.0,4.0,0.304,0.576,0.33,0.906,0.272,0.294,0.304,0.585,0.385,0.386,0.331,0.281,0.431,0.432,0.349,0.35,91.8,34.9,10.2,44.0,95.003139639,17.5
"Morán, Jovani",663558,2022,164,145,54,32.9,11.0,0.172,0.228,0.262,0.49,0.056,0.272,0.164,0.257,0.229,0.237,0.255,0.093,0.273,0.287,0.272,0.26,85.0,23.9,4.3,28.3,92.445520761,38.9
"Sanmartin, Reiver",665665,2022,256,225,47,18.4,11.3,0.293,0.476,0.373,0.849,0.183,0.339,0.227,0.392,0.367,0.309,0.314,0.166,0.414,0.333,0.369,0.285,86.0,29.4,5.6,35.6,93.519635367,25.7
"Bass, Anthony",542914,2022,275,254,73,26.5,7.3,0.201,0.311,0.258,0.569,0.11,0.256,0.219,0.349,0.252,0.275,0.276,0.13,0.307,0.342,0.28,0.307,87.6,29.7,5.5,33.5,93.096518077,31.9
"Brash, Matt",666374,2022,222,186,62,27.9,14.9,0.247,0.328,0.367,0.695,0.081,0.355,0.249,0.365,0.318,0.331,0.368,0.117,0.375,0.398,0.371,0.374,88.8,33.6,1.6,39.2,94.113395854,31.6
"Odorizzi, Jake",543606,2022,453,411,86,19.0,7.7,0.258,0.401,0.319,0.72,0.143,0.293,0.258,0.42,0.315,0.322,0.319,0.162,0.356,0.365,0.323,0.324,87.8,36.8,5.2,33.1,93.153239756,22.2
"Williams, Devin",642207,2022,240,205,96,40.0,12.5,0.151,0.205,0.267,0.472,0.054,0.266,0.149,0.205,0.225,0.226,0.266,0.056,0.285,0.287,0.279,0.277,84.3,30.6,5.4,27.0,92.044238919,40.8
"Peralta, Freddy",642547,2022,317,284,86,27.1,8.5,0.19,0.303,0.266,0.569,0.113,0.247,0.188,0.307,0.256,0.258,0.266,0.119,0.3,0.305,0.27,0.27,87.1,31.3,6.5,31.3,93.119958392,29.9
"Manoah, Alek",666201,2022,786,713,180,22.9,6.5,0.202,0.314,0.268,0.582,0.112,0.245,0.224,0.352,0.261,0.286,0.289,0.128,0.294,0.332,0.268,0.299,87.5,33.0,5.4,31.5,92.941560807,24.9
"Assad, Javier",665871,2022,166,146,30,18.1,12.0,0.24,0.37,0.331,0.701,0.13,0.277,0.255,0.401,0.314,0.331,0.345,0.146,0.33,0.355,0.302,0.321,87.5,32.8,3.4,33.6,93.858200431,23.2
"Okert, Steven",595345,2022,221,183,63,28.5,11.8,0.186,0.339,0.309,0.648,0.153,0.237,0.193,0.306,0.291,0.283,0.315,0.113,0.339,0.325,0.281,0.293,86.8,31.2,2.4,29.6,92.900734083,29.7
"Holderman, Colin",670059,2022,118,97,24,20.3,11.9,0.206,0.247,0.325,0.572,0.041,0.267,0.21,0.321,0.267,0.295,0.329,0.111,0.255,0.298,0.267,0.273,87.3,18.4,1.3,32.9,93.516849467,23.0
"Sears, JP",676664,2022,288,262,51,17.7,8.0,0.256,0.397,0.319,0.716,0.141,0.289,0.257,0.438,0.314,0.33,0.322,0.181,0.347,0.369,0.316,0.319,90.5,30.7,5.7,43.4,94.910744476,19.9
"Hernández, Elieser",622694,2022,278,249,60,21.6,7.9,0.269,0.586,0.335,0.921,0.317,0.277,0.232,0.489,0.388,0.339,0.305,0.257,0.469,0.398,0.349,0.306,89.4,33.3,5.7,35.9,94.128635211,24.9
"Barria, Jaime",642545,2022,316,290,54,17.1,6.0,0.217,0.393,0.272,0.665,0.176,0.23,0.241,0.437,0.29,0.316,0.294,0.196,0.318,0.353,0.266,0.295,88.3,30.8,3.3,35.8,93.537908675,23.3
"Waldichuk, Ken",686610,2022,146,131,33,22.6,6.8,0.244,0.466,0.315,0.781,0.222,0.287,0.241,0.449,0.337,0.332,0.314,0.208,0.399,0.391,0.323,0.322,88.7,33.3,6.1,39.4,94.568587143,25.5
"Kelly, Merrill",518876,2022,804,739,177,22.0,7.6,0.226,0.371,0.286,0.657,0.145,0.269,0.229,0.397,0.289,0.299,0.29,0.168,0.336,0.351,0.297,0.302,88.5,31.2,4.8,36.5,93.653412973,23.6
"Buehler, Walker",621111,2022,274,255,58,21.2,6.2,0.263,0.412,0.314,0.726,0.149,0.312,0.257,0.436,0.318,0.324,0.309,0.18,0.375,0.386,0.34,0.334,87.9,34.0,6.1,41.6,94.437642292,24.8
"Sulser, Beau",676641,2022,99,88,19,19.2,9.1,0.273,0.5,0.343,0.843,0.227,0.313,0.211,0.37,0.355,0.286,0.291,0.158,0.413,0.317,0.343,0.269,86.6,31.4,14.3,37.1,93.850488571,20.9
"Gustave, Jandel",594311,2022,120,106,27,22.5,9.2,0.236,0.358,0.317,0.675,0.122,0.276,0.224,0.387,0.302,0.311,0.311,0.163,0.34,0.353,0.313,0.304,90.8,28.7,6.3,43.8,95.120748625,17.2
"Poteet, Cody",547001,2022,114,103,21,18.4,9.6,0.223,0.417,0.298,0.715,0.194,0.244,0.26,0.423,0.313,0.331,0.332,0.164,0.343,0.368,0.28,0.327,91.3,32.9,4.9,41.5,94.92769,29.6
"Paddack, Chris",663978,2022,93,88,20,21.5,2.2,0.284,0.386,0.301,0.687,0.102,0.357,0.245,0.374,0.296,0.289,0.274,0.129,0.364,0.354,0.357,0.321,88.7,37.1,4.3,41.4,93.837274853,25.4
"King, Michael",650633,2022,199,182,66,33.2,8.0,0.192,0.291,0.256,0.547,0.099,0.281,0.208,0.324,0.241,0.269,0.276,0.115,0.324,0.373,0.299,0.333,86.2,35.9,3.4,36.5,93.235066609,36.3
"Acevedo, Domingo",642758,2022,266,243,58,21.8,6.4,0.206,0.37,0.265,0.635,0.164,0.232,0.236,0.387,0.273,0.294,0.295,0.15,0.321,0.352,0.269,0.311,86.7,31.4,6.4,33.0,93.210463043,31.2
"Baz, Shane",669358,2022,117,107,30,25.6,7.7,0.252,0.449,0.316,0.765,0.197,0.306,0.241,0.417,0.333,0.316,0.306,0.176,0.416,0.39,0.351,0.335,91.1,36.4,6.5,51.9,95.807764805,30.6
"Richards, Garrett",572070,2022,185,168,36,19.5,7.0,0.262,0.399,0.324,0.723,0.137,0.315,0.254,0.422,0.318,0.322,0.318,0.168,0.359,0.365,0.331,0.322,89.3,31.6,6.8,39.1,93.764665639,26.0
"Brebbia, John",605154,2022,288,265,54,18.8,6.3,0.268,0.423,0.315,0.738,0.155,0.317,0.236,0.407,0.317,0.298,0.286,0.17,0.368,0.342,0.333,0.294,87.8,32.6,9.3,38.6,93.574238396,23.5
"Gonsolin, Tony",664062,2022,498,458,119,23.9,7.0,0.172,0.299,0.237,0.536,0.127,0.207,0.218,0.351,0.238,0.278,0.279,0.133,0.271,0.329,0.232,0.294,89.0,33.8,5.0,35.0,93.624152671,27.2
"Uelmen, Erich",657272,2022,122,101,21,17.2,9.8,0.248,0.386,0.352,0.738,0.138,0.275,0.219,0.374,0.326,0.313,0.331,0.155,0.332,0.313,0.301,0.27,89.0,36.1,3.6,39.8,94.287943171,27.3
"Brieske, Beau",689225,2022,339,309,54,15.9,7.4,0.236,0.411,0.293,0.704,0.175,0.242,0.285,0.506,0.306,0.364,0.339,0.222,0.332,0.407,0.283,0.343,89.2,31.7,6.2,41.3,94.29984898,18.0
"Thompson, Ryan",657044,2022,181,167,39,21.5,6.1,0.234,0.359,0.289,0.648,0.125,0.282,0.233,0.348,0.282,0.278,0.288,0.115,0.333,0.327,0.305,0.304,87.8,27.1,5.4,37.2,93.756700236,24.2
"Shreve, Chasen",592741,2022,114,103,29,25.4,8.8,0.262,0.456,0.325,0.781,0.194,0.304,0.259,0.461,0.336,0.341,0.326,0.202,0.423,0.432,0.36,0.362,89.5,37.3,6.7,40.0,94.340579595,29.0
"Greene, Hunter",668881,2022,531,469,164,30.9,9.0,0.222,0.42,0.305,0.725,0.198,0.281,0.218,0.401,0.318,0.311,0.303,0.183,0.415,0.403,0.337,0.334,89.7,35.6,6.5,40.1,94.284722541,32.0
"Syndergaard, Noah",592789,2022,565,525,95,16.8,5.5,0.263,0.408,0.307,0.715,0.145,0.296,0.264,0.433,0.312,0.328,0.311,0.17,0.349,0.37,0.319,0.324,87.1,37.7,6.0,34.0,93.163365268,20.2
"Brubaker, JT",664141,2022,646,580,147,22.8,8.4,0.271,0.433,0.341,0.774,0.162,0.334,0.257,0.433,0.339,0.335,0.33,0.177,0.402,0.396,0.36,0.344,89.6,36.2,6.4,41.3,94.550554573,27.6
"Skubal, Tarik",669373,2022,477,438,117,24.5,6.7,0.237,0.372,0.288,0.66,0.135,0.301,0.232,0.369,0.289,0.288,0.285,0.137,0.353,0.352,0.32,0.316,89.3,31.2,5.5,39.4,94.172134798,26.4
"Keuchel, Dallas",572971,2022,303,269,45,14.9,10.2,0.349,0.572,0.413,0.985,0.223,0.384,0.287,0.474,0.419,0.359,0.358,0.187,0.468,0.388,0.414,0.342,88.8,39.6,5.3,39.2,93.97665511,22.5
"Givens, Mychal",571710,2022,260,227,71,27.3,9.6,0.247,0.396,0.331,0.727,0.149,0.318,0.223,0.379,0.316,0.3,0.312,0.156,0.395,0.37,0.352,0.321,87.6,35.2,5.0,38.0,93.888332179,27.5
"Quantrill, Cal",615698,2022,770,702,128,16.6,6.1,0.254,0.389,0.307,0.696,0.135,0.28,0.257,0.431,0.305,0.324,0.312,0.174,0.334,0.359,0.306,0.313,87.6,33.3,5.6,35.7,93.608907247,18.5
"Lee, Dylan",669276,2022,201,189,59,29.4,5.0,0.212,0.323,0.249,0.572,0.111,0.276,0.207,0.34,0.249,0.255,0.246,0.134,0.33,0.34,0.303,0.298,88.6,34.1,5.3,37.9,93.747550462,35.5
"Weems, Jordan",607179,2022,166,152,41,24.7,7.2,0.23,0.441,0.285,0.726,0.211,0.267,0.227,0.4,0.31,0.293,0.282,0.173,0.387,0.361,0.313,0.308,90.6,34.5,8.8,41.6,94.497257054,24.6
"Ramirez, Noé",598287,2022,215,184,51,23.7,12.1,0.245,0.451,0.346,0.797,0.206,0.288,0.218,0.41,0.346,0.32,0.324,0.192,0.407,0.367,0.336,0.301,87.8,34.1,5.9,37.0,93.593493969,27.6
"Manaea, Sean",640455,2022,671,611,156,23.2,7.5,0.254,0.455,0.311,0.766,0.201,0.292,0.24,0.422,0.33,0.316,0.301,0.182,0.402,0.381,0.337,0.323,90.3,32.7,5.8,42.9,94.542852357,25.6
"Luetge, Lucas",476595,2022,251,228,60,23.9,6.8,0.276,0.386,0.335,0.721,0.11,0.355,0.242,0.355,0.317,0.295,0.307,0.114,0.384,0.352,0.371,0.329,85.2,40.6,4.7,23.5,92.065408,27.5
"Gilbreath, Lucas",656458,2022,187,153,49,26.2,13.9,0.242,0.32,0.36,0.68,0.078,0.333,0.235,0.333,0.313,0.317,0.358,0.098,0.349,0.357,0.346,0.342,88.5,30.6,4.6,40.7,93.751946636,29.2
"White, Mitch",669952,2022,440,399,78,17.7,8.0,0.276,0.424,0.336,0.76,0.148,0.321,0.258,0.393,0.332,0.318,0.324,0.134,0.37,0.35,0.34,0.322,87.9,34.0,6.2,34.0,93.539690878,19.0
"Rogers, Josh",642028,2022,113,101,12,10.6,9.7,0.238,0.446,0.313,0.759,0.208,0.217,0.25,0.479,0.331,0.346,0.324,0.229,0.331,0.351,0.27,0.284,88.6,30.0,6.7,38.9,93.932277191,14.5
"Stephens, Jackson",623451,2022,235,206,47,20.0,9.8,0.238,0.325,0.322,0.647,0.087,0.293,0.25,0.378,0.286,0.31,0.333,0.129,0.314,0.349,0.306,0.322,87.0,33.3,2.5,32.1,92.90057525,22.1
"De Los Santos, Enyel",660853,2022,215,192,61,28.4,7.9,0.208,0.328,0.274,0.602,0.12,0.28,0.234,0.416,0.265,0.31,0.3,0.183,0.327,0.399,0.296,0.338,90.6,38.5,10.4,45.2,94.869064394,29.9
"Price, David",456034,2022,167,157,37,22.2,5.4,0.242,0.42,0.283,0.703,0.178,0.281,0.251,0.423,0.301,0.305,0.292,0.173,0.371,0.378,0.317,0.329,89.5,27.3,5.8,38.0,94.557141092,18.6
"Banks, Tanner",621383,2022,217,197,49,22.6,8.3,0.213,0.315,0.281,0.596,0.102,0.257,0.251,0.395,0.268,0.315,0.317,0.145,0.302,0.37,0.282,0.334,88.1,33.6,4.7,40.9,94.10124277,19.3
"Long, Sam",669674,2022,181,164,33,18.2,7.7,0.238,0.47,0.3,0.77,0.232,0.25,0.253,0.438,0.329,0.325,0.315,0.184,0.373,0.367,0.295,0.316,88.6,35.3,6.0,37.6,93.86278907,25.4
"Ober, Bailey",641927,2022,227,211,51,22.5,4.8,0.227,0.351,0.27,0.621,0.124,0.278,0.259,0.48,0.272,0.337,0.301,0.221,0.323,0.414,0.296,0.34,90.1,38.0,5.5,36.8,94.200320988,27.7
"Chafin, Andrew",605177,2022,243,216,67,27.6,7.8,0.222,0.329,0.29,0.619,0.107,0.293,0.203,0.335,0.276,0.272,0.275,0.132,0.338,0.331,0.316,0.291,87.5,28.6,5.2,33.8,93.032248933,31.7
"Festa, Matt",670036,2022,219,197,64,29.2,8.2,0.218,0.426,0.29,0.716,0.208,0.268,0.219,0.385,0.312,0.298,0.291,0.166,0.406,0.382,0.323,0.325,87.2,34.1,5.2,31.1,93.090676212,30.6
"Bellatti, Andrew",571479,2022,231,201,78,33.8,11.3,0.234,0.383,0.32,0.703,0.149,0.347,0.201,0.365,0.309,0.294,0.295,0.164,0.422,0.396,0.373,0.328,88.3,42.9,4.8,35.7,93.521334758,37.4
"Castillo, Max",666721,2022,170,151,37,21.8,8.8,0.252,0.45,0.325,0.775,0.198,0.28,0.249,0.445,0.338,0.338,0.327,0.196,0.394,0.394,0.33,0.332,90.7,32.8,6.0,45.7,95.078796195,24.0
"Sampson, Adrian",592716,2022,428,399,73,17.1,6.3,0.253,0.383,0.304,0.687,0.13,0.288,0.263,0.43,0.302,0.324,0.313,0.168,0.336,0.364,0.31,0.322,87.9,36.2,6.1,35.9,93.5168225,21.3
"Banda, Anthony",607455,2022,135,119,30,22.2,9.6,0.361,0.538,0.43,0.968,0.177,0.453,0.272,0.437,0.415,0.341,0.352,0.165,0.513,0.404,0.478,0.361,84.9,44.4,5.6,32.2,93.087101333,21.0
"Overton, Connor",656818,2022,124,112,14,11.3,8.9,0.188,0.241,0.258,0.499,0.053,0.204,0.24,0.359,0.23,0.296,0.307,0.12,0.211,0.294,0.212,0.273,90.2,26.3,5.1,41.4,93.944837677,16.3
"Brigham, Jeff",656257,2022,101,90,28,27.7,9.9,0.244,0.411,0.32,0.731,0.167,0.322,0.237,0.392,0.322,0.312,0.313,0.156,0.408,0.392,0.355,0.344,89.5,38.1,6.3,33.3,93.527097742,28.2
"Loáisiga, Jonathan",642528,2022,203,184,37,18.2,9.4,0.234,0.293,0.305,0.598,0.059,0.278,0.248,0.337,0.271,0.294,0.318,0.09,0.288,0.32,0.293,0.31,83.9,27.9,2.7,29.9,92.487312,25.7
"Barnes, Matt",598264,2022,176,150,34,19.3,11.9,0.24,0.333,0.343,0.676,0.093,0.296,0.228,0.397,0.305,0.324,0.334,0.169,0.318,0.346,0.308,0.294,91.1,28.8,9.3,44.9,95.103489145,28.4
"Snider, Collin",676092,2022,151,133,22,14.6,9.9,0.301,0.444,0.38,0.824,0.143,0.343,0.301,0.484,0.363,0.376,0.38,0.184,0.384,0.402,0.36,0.36,89.6,32.1,6.3,43.8,94.755917748,20.9
"Lynn, Lance",458681,2022,512,481,124,24.2,3.7,0.247,0.407,0.289,0.696,0.16,0.294,0.243,0.402,0.304,0.301,0.286,0.159,0.377,0.372,0.331,0.327,88.4,34.3,6.1,38.7,93.833569944,28.5
"Davies, Zach",605200,2022,570,507,102,17.9,9.1,0.241,0.412,0.309,0.721,0.171,0.258,0.25,0.444,0.315,0.333,0.321,0.194,0.343,0.369,0.295,0.311,87.4,31.6,4.8,34.5,93.596934025,21.5
"Bleier, Richard",542947,2022,222,209,32,14.4,4.5,0.301,0.459,0.335,0.794,0.158,0.343,0.268,0.407,0.339,0.305,0.303,0.139,0.384,0.342,0.354,0.315,89.6,32.4,7.8,40.8,94.350611932,18.7
"Lugo, Seth",607625,2022,272,249,69,25.4,6.6,0.233,0.378,0.29,0.668,0.145,0.283,0.23,0.38,0.292,0.292,0.289,0.15,0.359,0.359,0.319,0.317,88.5,30.2,1.6,33.0,93.475523944,23.3
"Domínguez, Seranthony",622554,2022,207,183,61,29.5,10.6,0.197,0.311,0.285,0.596,0.114,0.269,0.212,0.35,0.268,0.288,0.299,0.138,0.325,0.358,0.293,0.317,90.2,31.7,4.9,45.5,94.632305854,32.6
"Gonzales, Marco",594835,2022,783,717,103,13.2,6.4,0.271,0.457,0.322,0.779,0.186,0.278,0.264,0.445,0.337,0.331,0.318,0.181,0.361,0.354,0.313,0.308,86.7,32.3,3.5,35.0,93.265151588,18.3
"Megill, Trevor",656730,2022,196,177,49,25.0,8.7,0.282,0.401,0.347,0.748,0.119,0.368,0.269,0.469,0.33,0.349,0.336,0.2,0.406,0.435,0.388,0.371,92.2,38.0,10.9,48.1,95.69114625,25.3
"Henry, Tommy",674072,2022,205,179,36,17.6,10.2,0.263,0.475,0.348,0.823,0.212,0.276,0.249,0.449,0.357,0.34,0.336,0.201,0.392,0.369,0.326,0.31,90.0,36.6,8.3,39.3,94.678987394,23.4
"Mills, Wyatt",670090,2022,128,107,26,20.3,10.2,0.243,0.355,0.346,0.701,0.112,0.305,0.251,0.385,0.309,0.325,0.354,0.135,0.331,0.355,0.313,0.325,85.2,35.7,6.0,31.0,92.324680488,28.0
"Rogers, Tyler",643511,2022,319,288,49,15.4,7.2,0.253,0.365,0.318,0.683,0.112,0.294,0.241,0.34,0.302,0.289,0.307,0.1,0.318,0.301,0.303,0.288,84.2,27.8,3.3,32.8,92.568390798,19.5
"Martin, Corbin",656686,2022,101,86,21,20.8,11.9,0.291,0.465,0.37,0.835,0.174,0.344,0.297,0.546,0.362,0.396,0.379,0.248,0.416,0.468,0.373,0.386,91.8,45.6,16.2,52.9,96.052270597,26.6
"Tepera, Ryan",572193,2022,232,208,47,20.3,8.6,0.202,0.341,0.277,0.618,0.139,0.226,0.218,0.363,0.27,0.285,0.293,0.145,0.299,0.32,0.259,0.282,87.4,30.1,5.5,28.2,92.519816149,30.7
"Blach, Ty",621389,2022,193,175,29,15.0,5.7,0.291,0.463,0.333,0.796,0.172,0.322,0.268,0.411,0.338,0.314,0.315,0.143,0.377,0.346,0.34,0.317,87.4,35.8,4.6,37.1,93.528252953,20.0
"Stripling, Ross",548389,2022,536,511,111,20.7,3.7,0.229,0.354,0.259,0.613,0.125,0.269,0.246,0.413,0.268,0.297,0.276,0.167,0.318,0.357,0.29,0.312,88.9,34.7,6.0,37.2,93.892214687,23.6
"Heaney, Andrew",571760,2022,310,280,110,35.5,6.1,0.214,0.429,0.285,0.714,0.215,0.293,0.202,0.392,0.311,0.291,0.274,0.19,0.447,0.414,0.351,0.333,91.2,34.3,8.7,47.7,95.11287903,35.9
"Allard, Kolby",663465,2022,87,80,19,21.8,6.9,0.263,0.65,0.322,0.972,0.387,0.231,0.27,0.548,0.406,0.37,0.329,0.278,0.504,0.453,0.344,0.355,91.6,36.1,8.2,42.6,95.085021803,27.3
"Muñoz, Andrés",662253,2022,248,227,96,38.7,6.0,0.189,0.273,0.25,0.523,0.084,0.297,0.164,0.246,0.231,0.213,0.229,0.083,0.342,0.309,0.323,0.284,86.2,24.1,3.8,36.1,93.116069847,41.9
"Musgrove, Joe",605397,2022,740,679,184,24.9,5.7,0.227,0.383,0.284,0.667,0.156,0.277,0.225,0.365,0.292,0.287,0.284,0.14,0.355,0.347,0.309,0.308,86.4,34.7,6.6,32.5,93.048084318,25.5
"Newcomb, Sean",656794,2022,134,115,28,20.9,14.2,0.287,0.539,0.388,0.927,0.252,0.316,0.271,0.51,0.4,0.382,0.374,0.24,0.466,0.438,0.379,0.358,90.7,39.1,8.0,46.0,94.602391395,20.9
"Schmidt, Clarke",657376,2022,236,207,56,23.7,9.7,0.222,0.343,0.305,0.648,0.121,0.279,0.218,0.37,0.285,0.293,0.302,0.152,0.331,0.344,0.303,0.298,89.1,34.2,3.2,37.4,93.884151523,26.6
"Hjelle, Sean",663546,2022,115,106,28,24.3,7.0,0.311,0.425,0.365,0.79,0.114,0.4,0.261,0.398,0.349,0.315,0.319,0.137,0.434,0.384,0.423,0.355,89.5,39.7,2.6,44.9,94.508211154,20.4
"Steele, Justin",657006,2022,512,454,126,24.6,9.8,0.244,0.339,0.321,0.66,0.095,0.318,0.237,0.346,0.296,0.298,0.317,0.109,0.346,0.349,0.334,0.328,87.1,31.0,4.8,33.7,93.104023578,24.0
"Poppen, Sean",664092,2022,120,102,22,18.3,10.0,0.265,0.49,0.336,0.826,0.225,0.278,0.219,0.373,0.342,0.295,0.305,0.154,0.39,0.326,0.321,0.277,89.1,35.3,5.9,36.5,93.5045,16.0
"Cease, Dylan",656302,2022,747,663,227,30.4,10.4,0.19,0.306,0.278,0.584,0.116,0.261,0.183,0.306,0.263,0.261,0.273,0.123,0.323,0.319,0.288,0.28,86.8,31.4,5.9,31.2,92.882995645,33.3
"Alvarado, José",621237,2022,214,187,81,37.9,11.2,0.203,0.289,0.296,0.585,0.086,0.343,0.186,0.282,0.259,0.25,0.281,0.097,0.371,0.354,0.355,0.325,87.2,30.6,1.9,34.3,93.410228879,38.4
"Pagán, Emilio",641941,2022,274,245,84,30.7,9.5,0.245,0.457,0.319,0.776,0.212,0.32,0.228,0.416,0.334,0.312,0.303,0.189,0.452,0.415,0.37,0.344,89.6,35.0,6.7,44.8,94.666518137,30.8
"Graveman, Kendall",608665,2022,285,253,66,23.2,9.1,0.257,0.364,0.33,0.694,0.107,0.324,0.24,0.345,0.306,0.295,0.317,0.105,0.357,0.341,0.342,0.322,88.1,28.9,3.2,34.7,93.430420476,27.2
"Neris, Héctor",593576,2022,263,239,79,30.0,6.5,0.205,0.305,0.275,0.58,0.1,0.293,0.215,0.365,0.262,0.288,0.284,0.15,0.328,0.371,0.306,0.321,89.7,36.0,9.9,44.7,94.827788239,30.5
"Suter, Brent",608718,2022,272,246,53,19.5,8.1,0.236,0.407,0.306,0.713,0.171,0.266,0.242,0.369,0.313,0.303,0.312,0.127,0.35,0.336,0.301,0.309,85.7,26.3,2.6,30.4,92.966701842,26.9
"Watkins, Spenser",657093,2022,459,423,63,13.7,6.5,0.281,0.423,0.333,0.756,0.142,0.308,0.284,0.461,0.331,0.346,0.336,0.177,0.355,0.374,0.329,0.332,90.0,37.6,3.9,37.6,93.995237744,19.7
"Feltner, Ryan",663372,2022,428,383,84,19.6,8.2,0.266,0.46,0.333,0.793,0.194,0.3,0.259,0.467,0.343,0.342,0.327,0.208,0.392,0.391,0.337,0.329,89.7,35.3,7.3,42.6,94.583367261,20.8
"Hudson, Daniel",543339,2022,97,88,30,30.9,5.2,0.193,0.261,0.25,0.511,0.068,0.276,0.212,0.305,0.232,0.26,0.27,0.092,0.294,0.34,0.288,0.321,88.3,31.7,5.0,36.7,93.76651,33.8
"Clase, Emmanuel",661403,2022,271,258,77,28.4,3.7,0.167,0.225,0.2,0.425,0.058,0.223,0.197,0.279,0.187,0.222,0.229,0.082,0.241,0.293,0.236,0.28,86.3,29.5,6.0,32.2,92.830184859,30.1
"Hernández, Jonathan",642546,2022,131,112,27,20.6,13.0,0.232,0.33,0.338,0.668,0.098,0.289,0.241,0.378,0.296,0.316,0.346,0.137,0.321,0.35,0.306,0.317,90.3,27.9,5.8,51.2,95.940301176,30.3
"McKenzie, Triston",663474,2022,741,688,190,25.6,5.9,0.201,0.358,0.253,0.611,0.157,0.238,0.22,0.416,0.268,0.298,0.272,0.195,0.328,0.373,0.276,0.304,90.2,37.3,7.8,40.6,94.253239919,26.8
"Sandlin, Nick",680704,2022,180,153,41,22.8,13.3,0.176,0.248,0.3,0.548,0.072,0.227,0.211,0.309,0.253,0.288,0.33,0.098,0.251,0.307,0.241,0.289,86.5,25.0,1.8,37.5,93.425045946,27.5
"Gott, Trevor",641627,2022,186,171,44,23.7,6.5,0.205,0.392,0.269,0.661,0.187,0.227,0.2,0.342,0.29,0.269,0.264,0.143,0.342,0.312,0.276,0.269,86.7,33.1,3.9,31.5,92.986160794,25.7
"Quijada, José",650671,2022,169,145,52,30.8,12.4,0.172,0.352,0.284,0.636,0.18,0.225,0.166,0.334,0.275,0.268,0.28,0.169,0.342,0.33,0.266,0.258,88.1,27.7,6.4,38.3,93.356821596,32.3
"Lyles, Jordan",543475,2022,774,710,144,18.6,6.7,0.276,0.454,0.331,0.785,0.178,0.313,0.265,0.466,0.341,0.343,0.323,0.201,0.39,0.393,0.344,0.333,88.6,35.1,6.3,38.8,94.093867266,21.9
"Hutchison, Drew",571800,2022,464,417,68,14.7,9.1,0.273,0.432,0.341,0.773,0.159,0.295,0.276,0.477,0.338,0.358,0.346,0.201,0.36,0.387,0.325,0.331,90.3,35.5,6.3,40.9,94.582127428,20.0
"Farmer, Buck",571656,2022,199,171,54,27.1,12.6,0.211,0.298,0.313,0.611,0.087,0.293,0.209,0.325,0.28,0.29,0.314,0.116,0.319,0.336,0.305,0.307,88.2,29.4,5.0,40.0,93.938383363,31.2
"Peters, Dillon",596071,2022,165,145,26,15.8,10.3,0.241,0.393,0.317,0.71,0.152,0.259,0.25,0.427,0.312,0.329,0.328,0.176,0.327,0.35,0.289,0.303,88.8,34.4,3.3,36.1,93.587847227,20.1
"Martinez, Seth",661527,2022,155,139,38,24.5,9.0,0.187,0.266,0.266,0.532,0.079,0.235,0.2,0.319,0.242,0.266,0.278,0.119,0.27,0.307,0.257,0.276,86.6,27.5,3.9,32.4,92.9992861,25.5
"García, Luis",472610,2022,258,235,68,26.4,6.6,0.243,0.311,0.304,0.615,0.068,0.327,0.219,0.31,0.277,0.268,0.283,0.091,0.337,0.323,0.339,0.308,89.0,27.8,3.6,38.5,94.204998061,30.3
"Akin, Keegan",669211,2022,329,304,77,23.4,6.1,0.227,0.375,0.275,0.65,0.148,0.269,0.24,0.393,0.284,0.299,0.288,0.152,0.343,0.364,0.301,0.32,87.8,35.7,7.4,37.4,94.054993628,26.0
"Almonte, Yency",622075,2022,135,120,33,24.4,7.4,0.15,0.233,0.237,0.47,0.083,0.186,0.201,0.306,0.215,0.268,0.287,0.105,0.225,0.306,0.205,0.282,83.4,30.7,8.0,25.0,92.297405517,33.5
"Cishek, Steve",518553,2022,287,242,74,25.8,9.4,0.223,0.38,0.329,0.709,0.157,0.267,0.23,0.401,0.316,0.33,0.338,0.171,0.364,0.389,0.314,0.329,87.3,42.2,6.4,37.0,93.576699706,26.1
"Springs, Jeffrey",605488,2022,549,513,144,26.2,5.6,0.222,0.353,0.267,0.62,0.131,0.28,0.229,0.375,0.272,0.285,0.275,0.147,0.342,0.36,0.307,0.319,87.5,34.0,7.8,37.7,93.586356984,29.6
"Sawamura, Hirokazu",617228,2022,221,189,40,18.1,12.2,0.238,0.339,0.326,0.665,0.101,0.273,0.249,0.409,0.294,0.324,0.337,0.16,0.306,0.349,0.292,0.308,88.9,32.5,5.8,44.8,94.580836908,25.2
"Woodford, Jake",663765,2022,188,173,24,12.8,5.9,0.249,0.318,0.293,0.611,0.069,0.278,0.277,0.389,0.268,0.315,0.323,0.112,0.28,0.337,0.283,0.32,88.0,25.0,3.3,36.2,93.934429868,17.3
"Garcia, Bryan",650530,2022,84,70,17,20.2,11.9,0.2,0.329,0.321,0.65,0.129,0.216,0.241,0.437,0.297,0.348,0.356,0.196,0.295,0.373,0.259,0.313,88.8,33.3,1.9,37.0,93.188251852,24.6
"Coleman, Dylan",669395,2022,289,242,71,24.6,12.8,0.194,0.306,0.311,0.617,0.112,0.247,0.209,0.35,0.282,0.305,0.326,0.141,0.297,0.335,0.269,0.292,86.4,34.9,6.9,36.6,93.396185805,31.2
"Kremer, Dean",665152,2022,512,469,87,17.0,6.6,0.262,0.39,0.318,0.708,0.128,0.3,0.263,0.432,0.312,0.328,0.319,0.169,0.344,0.365,0.32,0.322,88.4,36.6,8.1,39.2,94.020185237,22.3
"Archer, Chris",502042,2022,437,381,84,19.2,11.0,0.228,0.391,0.317,0.708,0.163,0.26,0.26,0.43,0.312,0.343,0.347,0.17,0.335,0.38,0.289,0.333,89.5,34.2,7.6,44.5,94.627218624,24.2
"Iglesias, Raisel",628452,2022,246,226,78,31.7,5.7,0.204,0.314,0.258,0.572,0.11,0.285,0.212,0.377,0.253,0.28,0.267,0.165,0.338,0.381,0.309,0.323,87.3,39.1,5.3,33.8,93.512690067,34.0
"Díaz, Edwin",621242,2022,235,213,118,50.2,7.7,0.16,0.216,0.23,0.446,0.056,0.33,0.148,0.214,0.205,0.205,0.223,0.065,0.358,0.361,0.351,0.335,85.5,34.0,6.2,38.1,93.266256211,50.1
"Sewald, Paul",623149,2022,243,219,72,29.6,7.4,0.146,0.301,0.223,0.524,0.155,0.159,0.187,0.328,0.228,0.255,0.26,0.142,0.282,0.326,0.216,0.277,86.3,33.6,5.4,33.6,92.984555782,34.0
"Eovaldi, Nathan",543135,2022,460,435,103,22.4,4.3,0.264,0.457,0.297,0.754,0.193,0.3,0.255,0.462,0.325,0.323,0.289,0.207,0.403,0.4,0.344,0.334,89.7,34.2,7.4,45.2,94.918410663,25.2
"Kuhnel, Joel",669270,2022,255,230,56,22.0,5.5,0.291,0.465,0.34,0.805,0.174,0.347,0.237,0.408,0.347,0.306,0.295,0.171,0.42,0.364,0.376,0.313,90.1,32.2,5.6,39.5,94.16724592,25.2
"Armstrong, Shawn",542888,2022,270,242,66,24.4,6.7,0.273,0.43,0.327,0.757,0.157,0.339,0.226,0.367,0.326,0.286,0.288,0.141,0.404,0.345,0.365,0.306,87.4,31.3,3.3,33.5,93.339182833,26.1
"Martinez, Nick",607259,2022,448,402,95,21.2,9.2,0.239,0.398,0.315,0.713,0.159,0.276,0.231,0.384,0.315,0.306,0.309,0.153,0.357,0.345,0.312,0.303,86.5,30.2,5.2,37.0,93.379062721,25.6
"Ferguson, Caleb",657571,2022,142,123,37,26.1,12.0,0.187,0.276,0.296,0.572,0.089,0.259,0.195,0.291,0.265,0.274,0.303,0.096,0.285,0.3,0.267,0.279,84.8,36.0,4.7,30.2,92.400628588,27.3
"Warren, Art",605521,2022,165,140,40,24.2,13.3,0.264,0.443,0.37,0.813,0.179,0.326,0.225,0.42,0.356,0.335,0.342,0.195,0.42,0.387,0.366,0.321,90.3,31.7,4.0,40.6,94.76187297,29.8
"Oller, Adam",670124,2022,337,293,46,13.6,11.6,0.28,0.549,0.366,0.915,0.269,0.28,0.259,0.502,0.392,0.37,0.351,0.243,0.415,0.385,0.329,0.308,90.2,34.9,7.2,41.8,94.511173992,21.2
"Bird, Jake",656234,2022,211,181,42,19.9,10.9,0.249,0.42,0.343,0.763,0.171,0.284,0.255,0.428,0.331,0.342,0.354,0.173,0.367,0.384,0.319,0.336,91.2,31.0,6.3,42.3,94.835558978,20.8
"Pérez, Cionel",672335,2022,234,209,55,23.5,9.0,0.22,0.278,0.291,0.569,0.058,0.284,0.237,0.373,0.257,0.299,0.307,0.137,0.289,0.352,0.293,0.318,89.1,33.1,5.7,39.5,93.876634129,27.3
"Velasquez, Vince",592826,2022,319,289,69,21.6,7.8,0.235,0.422,0.299,0.721,0.187,0.27,0.24,0.477,0.314,0.336,0.304,0.237,0.365,0.398,0.306,0.314,91.9,35.0,8.1,44.4,95.021077591,25.2
"Thompson, Zack",668868,2022,136,122,27,19.9,10.3,0.164,0.262,0.25,0.512,0.098,0.185,0.23,0.361,0.235,0.3,0.31,0.131,0.236,0.329,0.211,0.296,87.0,30.5,3.2,37.9,93.381720538,17.6
"Martin, Davis",663436,2022,269,243,48,17.8,7.1,0.259,0.428,0.32,0.748,0.169,0.293,0.263,0.442,0.325,0.335,0.325,0.179,0.365,0.379,0.321,0.329,89.1,34.3,8.6,38.1,94.197536308,24.2
"Stratton, Chris",608717,2022,279,247,60,21.5,9.0,0.291,0.405,0.356,0.761,0.114,0.364,0.257,0.402,0.332,0.319,0.327,0.145,0.389,0.371,0.377,0.335,89.7,33.3,4.7,41.1,94.213278617,26.5
"Cuas, Jose",621016,2022,180,148,34,18.9,13.3,0.264,0.372,0.385,0.757,0.108,0.327,0.241,0.339,0.34,0.324,0.37,0.098,0.353,0.329,0.339,0.315,85.8,31.0,6.0,34.5,93.340394348,25.3
"Borucki, Ryan",621366,2022,111,97,21,18.9,9.9,0.247,0.464,0.336,0.8,0.217,0.257,0.279,0.486,0.35,0.37,0.364,0.207,0.388,0.417,0.316,0.356,88.1,32.5,2.6,45.5,94.469658421,26.4
"Stephenson, Robert",596112,2022,247,229,55,22.3,5.7,0.275,0.502,0.317,0.819,0.227,0.319,0.266,0.494,0.349,0.341,0.309,0.227,0.431,0.42,0.358,0.347,90.6,36.7,9.6,41.8,94.605642931,28.1
"Peralta, Wily",503449,2022,168,141,32,19.0,14.3,0.241,0.326,0.351,0.677,0.085,0.294,0.236,0.365,0.309,0.324,0.351,0.129,0.313,0.335,0.306,0.306,88.8,36.0,8.1,38.7,93.6337075,21.2
"Darvish, Yu",506433,2022,771,715,197,25.6,4.8,0.207,0.331,0.256,0.587,0.124,0.251,0.224,0.401,0.259,0.293,0.273,0.177,0.316,0.366,0.282,0.308,88.5,31.2,6.7,37.1,93.614823873,25.1
"Cisnero, José",542585,2022,105,85,23,21.9,18.1,0.176,0.212,0.333,0.545,0.036,0.242,0.212,0.283,0.269,0.306,0.362,0.071,0.232,0.295,0.242,0.29,85.7,45.2,6.5,27.4,92.175981935,28.9
"Kaprielian, James",621076,2022,577,507,98,17.0,10.2,0.239,0.414,0.321,0.735,0.175,0.264,0.252,0.429,0.322,0.335,0.334,0.178,0.341,0.359,0.292,0.31,88.4,34.2,8.0,36.4,93.618519098,21.3
"Wittgren, Nick",621295,2022,134,117,17,12.7,7.5,0.299,0.419,0.368,0.787,0.12,0.337,0.268,0.393,0.346,0.327,0.344,0.125,0.355,0.33,0.343,0.312,89.0,30.1,9.7,34.0,93.525885347,17.2
"Germán, Domingo",593334,2022,298,275,58,19.5,6.4,0.236,0.418,0.295,0.713,0.182,0.262,0.234,0.397,0.312,0.302,0.293,0.164,0.355,0.342,0.3,0.296,89.4,32.3,7.8,40.6,94.165156791,24.5
"Márquez, Germán",608566,2022,779,704,150,19.3,8.1,0.263,0.467,0.324,0.791,0.204,0.292,0.254,0.438,0.341,0.33,0.319,0.184,0.391,0.375,0.33,0.323,90.5,35.8,8.0,47.2,94.974977437,23.2
"Cortes, Nestor",641482,2022,615,572,163,26.5,6.2,0.189,0.313,0.241,0.554,0.124,0.232,0.204,0.33,0.245,0.26,0.256,0.126,0.299,0.321,0.262,0.285,87.9,34.2,6.8,34.7,93.293066165,24.5
"Strahm, Matt",621381,2022,193,170,52,26.9,8.8,0.224,0.353,0.311,0.664,0.129,0.289,0.201,0.347,0.296,0.283,0.291,0.146,0.354,0.334,0.319,0.287,87.5,37.0,6.7,33.6,92.864672991,23.4
"Marinaccio, Ron",676760,2022,181,148,56,30.9,13.3,0.149,0.236,0.289,0.525,0.087,0.217,0.154,0.243,0.252,0.258,0.294,0.09,0.26,0.272,0.234,0.244,84.5,33.0,1.1,25.5,91.596106989,33.2
"Sánchez, Aníbal",434671,2022,292,253,48,16.4,11.3,0.217,0.415,0.316,0.731,0.198,0.218,0.246,0.418,0.32,0.332,0.341,0.172,0.331,0.348,0.267,0.302,88.5,31.9,6.8,37.2,93.859137143,19.5
"Davidson, Tucker",656353,2022,243,203,33,13.6,14.4,0.266,0.448,0.379,0.827,0.182,0.285,0.25,0.394,0.363,0.34,0.366,0.145,0.361,0.328,0.314,0.297,89.6,30.8,4.7,39.5,93.956506706,22.5
"Hembree, Heath",592390,2022,107,87,17,15.9,15.9,0.299,0.598,0.402,1.0,0.299,0.299,0.29,0.567,0.414,0.408,0.401,0.277,0.454,0.445,0.356,0.354,90.7,42.5,9.6,50.7,95.202062603,18.3
"Zimmermann, Bruce",669145,2022,320,302,49,15.3,3.8,0.321,0.613,0.348,0.961,0.292,0.323,0.298,0.575,0.407,0.385,0.329,0.277,0.469,0.443,0.379,0.356,91.1,38.9,6.2,42.7,94.95956736,19.0
"Kittredge, Andrew",552640,2022,75,73,14,18.7,2.7,0.205,0.411,0.227,0.638,0.206,0.2,0.212,0.397,0.274,0.271,0.233,0.185,0.324,0.321,0.254,0.262,88.4,25.4,1.7,35.6,93.602792881,25.8
"Lambert, Jimmy",669424,2022,204,176,45,22.1,11.8,0.227,0.352,0.32,0.672,0.125,0.279,0.196,0.319,0.301,0.277,0.293,0.123,0.33,0.292,0.301,0.26,86.7,32.1,7.5,32.8,93.046199398,25.8
"Snell, Blake",605483,2022,535,476,171,32.0,9.5,0.216,0.342,0.292,0.634,0.126,0.308,0.209,0.353,0.282,0.284,0.287,0.145,0.368,0.372,0.332,0.323,90.1,39.2,6.1,39.5,94.174611489,32.8
"Castillo, Luis",622491,2022,615,557,167,27.2,7.3,0.212,0.332,0.279,0.611,0.12,0.276,0.223,0.357,0.273,0.288,0.29,0.134,0.332,0.356,0.3,0.318,89.0,33.8,4.6,37.6,94.004473005,27.8
"Poche, Colin",621363,2022,245,218,64,26.1,9.0,0.211,0.408,0.282,0.69,0.197,0.238,0.215,0.377,0.299,0.295,0.288,0.162,0.364,0.357,0.291,0.3,86.0,33.5,5.1,31.0,92.659155287,28.0
"Phelps, David",475479,2022,272,236,64,23.5,11.4,0.22,0.301,0.321,0.622,0.081,0.294,0.232,0.356,0.286,0.31,0.331,0.125,0.309,0.347,0.302,0.318,88.4,36.4,6.4,34.7,93.485131479,19.5
"Keller, Mitch",656605,2022,687,609,138,20.1,8.7,0.266,0.388,0.342,0.73,0.122,0.321,0.249,0.394,0.323,0.319,0.328,0.145,0.362,0.356,0.341,0.321,87.9,33.3,4.4,37.3,94.085242574,21.6
"Senzatela, Antonio",622608,2022,413,381,54,13.1,5.6,0.349,0.504,0.388,0.892,0.155,0.386,0.307,0.456,0.386,0.351,0.351,0.149,0.425,0.382,0.403,0.357,89.9,34.2,6.0,41.4,94.117888385,16.3
"Irvin, Cole",608344,2022,741,693,128,17.3,4.9,0.251,0.416,0.293,0.709,0.165,0.274,0.256,0.471,0.306,0.329,0.299,0.215,0.348,0.377,0.306,0.313,89.4,36.1,6.8,39.5,93.912507513,20.6
"Yajure, Miguel",664337,2022,119,101,16,13.4,13.4,0.307,0.495,0.412,0.907,0.188,0.341,0.321,0.526,0.394,0.411,0.425,0.205,0.409,0.432,0.365,0.382,92.3,31.8,8.2,49.4,95.793784458,23.6
"Hill, Tim",657612,2022,199,179,25,12.6,7.0,0.251,0.313,0.317,0.63,0.062,0.284,0.234,0.309,0.282,0.276,0.304,0.075,0.282,0.275,0.288,0.272,88.2,22.4,2.6,34.0,93.306700588,15.8
"Kennedy, Ian",453178,2022,232,205,44,19.0,9.5,0.278,0.502,0.346,0.848,0.224,0.301,0.282,0.528,0.36,0.374,0.355,0.245,0.417,0.437,0.348,0.359,92.2,44.5,7.9,45.1,95.161732147,19.4
"Koenig, Jared",657649,2022,177,154,22,12.4,8.5,0.26,0.416,0.341,0.757,0.156,0.277,0.27,0.438,0.333,0.35,0.354,0.168,0.333,0.356,0.299,0.316,90.4,28.9,5.2,43.7,94.620078284,15.1
"Leone, Dominic",608678,2022,222,196,52,23.4,10.8,0.281,0.464,0.357,0.821,0.183,0.353,0.236,0.386,0.35,0.303,0.319,0.15,0.431,0.362,0.379,0.32,89.9,34.9,6.8,41.1,94.035522727,35.8
"Mayers, Mike",594577,2022,223,201,45,20.2,8.1,0.259,0.517,0.323,0.84,0.258,0.259,0.259,0.492,0.36,0.352,0.325,0.233,0.42,0.409,0.329,0.332,91.2,34.2,3.8,48.1,95.285431274,25.9
"Lorenzen, Michael",547179,2022,411,362,85,20.7,10.7,0.224,0.365,0.314,0.679,0.141,0.262,0.23,0.375,0.303,0.308,0.32,0.145,0.329,0.336,0.291,0.3,88.1,29.9,5.0,37.1,93.714049097,25.2
"Chavez, Jesse",445926,2022,292,269,74,25.3,6.8,0.264,0.431,0.316,0.747,0.167,0.335,0.264,0.434,0.325,0.327,0.317,0.171,0.408,0.412,0.362,0.364,90.1,38.6,6.1,46.2,94.842212308,24.7
"Kikuchi, Yusei",579328,2022,454,383,124,27.3,12.8,0.243,0.493,0.353,0.846,0.25,0.293,0.248,0.481,0.367,0.366,0.36,0.234,0.457,0.456,0.355,0.367,91.6,38.0,6.5,47.9,95.622520654,31.0
"Ramírez, Yohan",670990,2022,167,139,32,19.2,12.0,0.23,0.367,0.352,0.719,0.137,0.272,0.246,0.392,0.324,0.339,0.364,0.147,0.333,0.356,0.299,0.319,87.8,32.1,1.8,38.5,94.43469819,23.8
"Garza Jr., Ralph",621248,2022,153,134,17,11.1,10.5,0.284,0.425,0.368,0.793,0.141,0.301,0.292,0.469,0.347,0.365,0.375,0.178,0.35,0.373,0.325,0.334,87.3,36.4,4.2,38.1,93.523260855,20.3
"Gallegos, Giovanny",606149,2022,235,213,73,31.1,7.7,0.197,0.338,0.256,0.594,0.141,0.263,0.193,0.372,0.259,0.272,0.255,0.179,0.341,0.362,0.294,0.291,89.8,33.3,9.0,35.4,93.89620162,34.8
"Jansen, Kenley",445276,2022,260,234,85,32.7,8.5,0.192,0.346,0.265,0.611,0.154,0.259,0.17,0.312,0.265,0.246,0.248,0.142,0.356,0.322,0.298,0.268,87.1,29.8,5.3,32.5,92.919753061,27.5
"Detmers, Reid",672282,2022,539,477,122,22.6,8.5,0.231,0.377,0.305,0.682,0.146,0.278,0.242,0.402,0.3,0.317,0.317,0.16,0.343,0.369,0.304,0.323,89.3,39.9,6.3,38.6,93.829833352,25.5
"Misiewicz, Anthony",664948,2022,121,109,27,22.3,8.3,0.248,0.422,0.308,0.73,0.174,0.291,0.228,0.452,0.312,0.316,0.295,0.224,0.377,0.383,0.325,0.305,90.1,38.1,10.7,41.7,94.00801759,23.9
"Strider, Spencer",675911,2022,528,478,202,38.3,8.5,0.18,0.264,0.254,0.518,0.084,0.292,0.178,0.289,0.235,0.244,0.253,0.111,0.329,0.346,0.309,0.307,88.0,32.7,5.8,36.0,93.436230072,34.9
"Jiménez, Dany",666204,2022,145,126,34,23.4,12.4,0.183,0.254,0.283,0.537,0.071,0.231,0.195,0.313,0.237,0.263,0.294,0.118,0.256,0.295,0.247,0.264,89.4,26.9,7.5,43.0,93.824351935,35.0
"Cleavinger, Garrett",664076,2022,92,82,32,34.8,7.6,0.171,0.317,0.242,0.559,0.146,0.245,0.21,0.362,0.247,0.284,0.279,0.152,0.333,0.4,0.275,0.343,88.2,38.5,5.8,40.4,93.7329262,30.8
"Gray, Jon",592351,2022,521,472,134,25.7,7.5,0.222,0.375,0.288,0.663,0.153,0.271,0.23,0.377,0.292,0.298,0.296,0.148,0.353,0.363,0.307,0.319,88.0,34.8,5.0,38.0,93.824895221,25.9
"Lawrence, Justin",664875,2022,191,166,48,25.1,11.5,0.265,0.386,0.351,0.737,0.121,0.35,0.223,0.338,0.327,0.297,0.317,0.115,0.388,0.341,0.367,0.313,87.8,30.0,9.2,39.2,94.057216864,24.7
"Bello, Brayan",678394,2022,268,238,55,20.5,10.1,0.315,0.416,0.388,0.804,0.101,0.404,0.244,0.358,0.355,0.305,0.326,0.114,0.409,0.338,0.408,0.317,88.0,32.1,4.9,37.5,93.892554451,26.0
"Plesac, Zach",668676,2022,568,524,100,17.6,6.7,0.26,0.426,0.315,0.741,0.166,0.288,0.275,0.49,0.324,0.354,0.33,0.215,0.363,0.403,0.32,0.339,89.5,37.6,6.6,41.5,94.240411663,22.0
"Stanek, Ryne",592773,2022,224,191,62,27.7,13.8,0.188,0.257,0.299,0.556,0.069,0.264,0.195,0.32,0.258,0.281,0.304,0.125,0.281,0.321,0.275,0.284,88.9,28.2,7.6,41.2,93.684569008,34.8
"Herget, Jimmy",623474,2022,266,245,63,23.7,5.6,0.196,0.314,0.25,0.564,0.118,0.246,0.212,0.348,0.245,0.266,0.267,0.135,0.293,0.323,0.262,0.287,88.1,31.4,5.9,36.2,93.407438444,25.3
"McFarland, T.J.",519008,2022,145,130,16,11.0,7.6,0.323,0.492,0.382,0.874,0.169,0.336,0.31,0.496,0.38,0.375,0.371,0.186,0.397,0.392,0.365,0.351,92.5,34.5,6.0,51.7,95.815187699,16.4
"Espino, Paolo",502179,2022,487,456,92,18.9,4.9,0.287,0.493,0.322,0.815,0.206,0.31,0.272,0.492,0.35,0.343,0.309,0.22,0.413,0.404,0.355,0.337,89.3,36.3,9.8,41.2,94.314746143,21.4
"Lange, Alex",656638,2022,271,231,82,30.3,11.4,0.203,0.312,0.309,0.621,0.109,0.288,0.199,0.313,0.282,0.282,0.307,0.114,0.339,0.342,0.311,0.308,86.1,26.1,4.6,35.9,93.308956327,44.1
"Crismatt, Nabil",622503,2022,280,252,65,23.2,7.9,0.226,0.361,0.289,0.65,0.135,0.28,0.234,0.361,0.285,0.294,0.301,0.127,0.332,0.346,0.298,0.316,87.7,33.0,7.3,36.1,93.331246667,26.6
"Morejon, Adrian",670970,2022,141,130,28,19.9,6.4,0.238,0.362,0.291,0.653,0.124,0.273,0.239,0.434,0.285,0.313,0.294,0.195,0.327,0.366,0.301,0.305,90.0,36.9,6.8,37.9,93.890679604,24.0
"Dunning, Dane",641540,2022,671,589,137,20.4,9.2,0.268,0.443,0.345,0.788,0.175,0.314,0.247,0.413,0.344,0.329,0.329,0.166,0.39,0.369,0.343,0.321,87.9,30.0,5.7,38.0,94.089395066,24.5
"Ryu, Hyun Jin",547943,2022,113,109,16,14.2,3.5,0.294,0.541,0.319,0.86,0.247,0.307,0.285,0.518,0.367,0.353,0.31,0.233,0.417,0.4,0.344,0.334,91.1,37.6,9.7,44.1,95.007903043,16.9
"Wheeler, Zack",554430,2022,607,565,163,26.9,5.6,0.221,0.352,0.273,0.625,0.131,0.287,0.223,0.354,0.275,0.277,0.275,0.132,0.345,0.348,0.31,0.313,85.9,34.0,5.5,34.5,93.389151153,25.1
"Howard, Spencer",675921,2022,179,162,32,17.9,8.4,0.309,0.617,0.369,0.986,0.308,0.319,0.276,0.521,0.416,0.366,0.34,0.245,0.486,0.418,0.382,0.342,91.4,34.4,5.3,42.0,95.347553923,17.9
"Floro, Dylan",571670,2022,220,204,48,21.8,6.8,0.235,0.338,0.286,0.624,0.103,0.288,0.23,0.354,0.271,0.274,0.282,0.124,0.322,0.327,0.306,0.299,87.4,35.0,5.7,32.5,93.090077742,22.1
"Tetreault, Jackson",676194,2022,96,84,9,9.4,10.4,0.274,0.488,0.344,0.832,0.214,0.26,0.305,0.581,0.356,0.408,0.379,0.276,0.355,0.42,0.299,0.342,92.8,39.0,9.1,57.1,96.681875325,18.1
"Strickland, Hunter",519326,2022,284,241,60,21.1,11.6,0.253,0.436,0.356,0.792,0.183,0.301,0.251,0.457,0.346,0.355,0.356,0.207,0.386,0.399,0.332,0.331,89.8,38.0,6.5,37.9,94.284068132,28.3
"Adon, Joan",672851,2022,310,262,55,17.7,12.6,0.29,0.481,0.392,0.873,0.191,0.338,0.271,0.477,0.379,0.373,0.377,0.206,0.413,0.404,0.364,0.343,89.3,35.7,6.7,37.1,93.94373285,16.9
"Sanchez, Aaron",592717,2022,265,241,41,15.5,5.7,0.324,0.49,0.371,0.861,0.166,0.359,0.275,0.431,0.372,0.331,0.329,0.157,0.416,0.364,0.384,0.33,92.4,28.4,7.4,48.0,95.390668141,18.3
"Cessa, Luis",570666,2022,335,304,59,17.6,8.1,0.25,0.438,0.313,0.751,0.188,0.266,0.25,0.443,0.327,0.327,0.314,0.193,0.362,0.363,0.308,0.308,89.7,27.9,6.5,42.9,94.591334815,22.1
"Loup, Aaron",571901,2022,260,230,52,20.0,8.5,0.235,0.348,0.323,0.671,0.113,0.287,0.255,0.401,0.298,0.326,0.341,0.146,0.325,0.365,0.303,0.329,88.0,35.4,6.7,34.3,93.762443257,24.3
"Kelley, Trevor",665001,2022,107,96,23,21.5,8.4,0.26,0.531,0.336,0.867,0.271,0.273,0.216,0.454,0.373,0.325,0.297,0.238,0.442,0.371,0.342,0.284,85.0,39.7,4.1,23.3,92.609218219,23.0
"Faucher, Calvin",676534,2022,101,90,21,20.8,9.9,0.289,0.444,0.366,0.81,0.155,0.338,0.278,0.527,0.357,0.38,0.357,0.249,0.413,0.447,0.377,0.364,90.7,43.5,4.3,43.5,94.66905,24.2
"Greinke, Zack",425844,2022,585,549,73,12.5,4.6,0.286,0.417,0.32,0.737,0.131,0.306,0.282,0.455,0.321,0.339,0.321,0.172,0.347,0.369,0.326,0.327,88.9,34.4,7.9,39.6,93.738299354,17.4
"De los Santos, Yerry",660787,2022,112,98,26,23.2,9.8,0.224,0.367,0.309,0.676,0.143,0.275,0.236,0.43,0.298,0.325,0.32,0.194,0.346,0.388,0.306,0.322,88.8,23.3,0.0,39.7,94.700155634,21.6
"Rasmussen, Drew",656876,2022,584,545,125,21.4,5.3,0.222,0.347,0.267,0.614,0.125,0.264,0.238,0.389,0.27,0.295,0.283,0.152,0.316,0.35,0.287,0.309,88.9,31.2,6.1,39.2,93.893972392,25.3
"Payamps, Joel",606303,2022,241,220,41,17.0,6.6,0.273,0.427,0.325,0.752,0.154,0.305,0.242,0.411,0.325,0.308,0.301,0.168,0.366,0.344,0.331,0.3,89.0,29.7,6.0,43.4,94.390634831,22.6
"Cobb, Alex",502171,2022,631,580,151,23.9,6.8,0.262,0.35,0.315,0.665,0.088,0.338,0.234,0.337,0.296,0.279,0.29,0.104,0.357,0.334,0.352,0.316,89.2,26.3,5.1,41.1,94.153661087,24.9
"Smith, Will",519293,2022,261,231,65,24.9,9.6,0.251,0.437,0.326,0.763,0.186,0.306,0.226,0.378,0.328,0.302,0.308,0.153,0.402,0.362,0.343,0.315,88.9,36.7,8.3,41.4,94.13071497,31.1
"Staumont, Josh",622251,2022,176,142,43,24.4,16.5,0.261,0.423,0.383,0.806,0.162,0.343,0.248,0.417,0.355,0.349,0.373,0.169,0.407,0.396,0.363,0.346,90.2,38.8,10.7,43.7,94.434910882,28.4
"Vespi, Nick",663989,2022,112,102,28,25.0,7.1,0.284,0.51,0.339,0.849,0.226,0.343,0.286,0.499,0.361,0.358,0.342,0.214,0.461,0.456,0.387,0.39,87.7,44.0,4.0,40.0,93.994057733,31.7
"Wantz, Andrew",681806,2022,204,180,52,25.5,10.3,0.206,0.367,0.294,0.661,0.161,0.24,0.215,0.386,0.294,0.306,0.304,0.172,0.342,0.361,0.287,0.302,87.8,34.9,4.7,34.9,93.339665625,32.0
"VerHagen, Drew",572403,2022,106,90,18,17.0,13.2,0.3,0.511,0.396,0.907,0.211,0.324,0.284,0.511,0.39,0.384,0.384,0.227,0.429,0.42,0.37,0.352,88.3,39.7,5.5,34.2,93.623111127,28.8
"Thornton, Trent",663423,2022,189,169,37,19.6,9.0,0.237,0.396,0.307,0.703,0.159,0.26,0.268,0.476,0.309,0.353,0.339,0.209,0.343,0.405,0.299,0.344,90.1,37.3,10.4,44.8,94.289500149,20.6
"Moronta, Reyes",606625,2022,161,140,38,23.6,11.2,0.214,0.371,0.311,0.682,0.157,0.255,0.19,0.337,0.301,0.283,0.293,0.147,0.34,0.312,0.291,0.264,86.4,33.0,9.7,35.0,93.3748374,27.1
"Feyereisen, J.P.",656420,2022,86,81,25,29.1,5.8,0.086,0.086,0.14,0.226,0.0,0.125,0.187,0.36,0.112,0.258,0.234,0.174,0.11,0.335,0.125,0.27,89.4,23.2,7.1,39.3,93.991868036,33.5
"Corbin, Patrick",571578,2022,713,655,128,18.0,6.9,0.321,0.513,0.374,0.887,0.192,0.365,0.3,0.53,0.383,0.381,0.356,0.23,0.444,0.442,0.398,0.373,90.8,40.1,7.6,45.0,95.073503499,20.9
"Yarbrough, Ryan",642232,2022,355,319,61,17.2,6.2,0.276,0.448,0.342,0.79,0.172,0.306,0.252,0.432,0.345,0.329,0.321,0.18,0.382,0.36,0.338,0.31,85.1,32.6,4.6,31.0,92.893902778,22.2
"Bickford, Phil",641360,2022,247,227,67,27.1,5.7,0.233,0.449,0.279,0.728,0.216,0.27,0.206,0.406,0.312,0.288,0.258,0.2,0.403,0.367,0.323,0.292,88.8,28.0,4.9,34.8,94.015776266,25.1
"May, Dustin",669160,2022,127,108,29,22.8,11.0,0.194,0.296,0.315,0.611,0.102,0.237,0.215,0.325,0.284,0.302,0.332,0.11,0.29,0.319,0.266,0.294,86.6,32.9,6.3,32.9,93.409632821,29.7
"Holmes, Clay",605280,2022,260,230,65,25.0,7.7,0.196,0.261,0.286,0.547,0.065,0.264,0.184,0.253,0.251,0.245,0.277,0.069,0.276,0.268,0.273,0.258,89.1,17.6,5.5,43.8,94.384486957,29.8
"Kluber, Corey",446372,2022,689,650,139,20.2,3.0,0.274,0.425,0.304,0.729,0.151,0.318,0.261,0.434,0.316,0.315,0.294,0.173,0.378,0.377,0.344,0.331,87.1,35.8,6.4,34.7,93.389888686,23.9
"González, Chi Chi",592346,2022,99,92,15,15.2,7.1,0.304,0.543,0.354,0.897,0.239,0.319,0.291,0.543,0.385,0.378,0.341,0.252,0.433,0.423,0.364,0.348,88.7,36.4,5.2,40.3,94.250635974,14.4
"Lamet, Dinelson",659275,2022,149,124,45,30.2,12.8,0.242,0.419,0.356,0.775,0.177,0.338,0.229,0.417,0.342,0.336,0.345,0.188,0.432,0.422,0.37,0.351,90.5,42.0,3.7,44.4,94.867712278,39.7
"Littell, Zack",641793,2022,190,174,39,20.5,6.8,0.276,0.483,0.326,0.809,0.207,0.31,0.224,0.406,0.348,0.302,0.282,0.183,0.412,0.349,0.35,0.288,88.0,29.2,8.0,37.2,93.577419412,27.7
"Houser, Adrian",605288,2022,454,400,69,15.2,10.1,0.258,0.388,0.333,0.721,0.13,0.289,0.27,0.435,0.317,0.344,0.347,0.165,0.329,0.367,0.306,0.325,88.7,32.6,8.6,41.5,94.513509428,17.1
"Duffey, Tyler",608648,2022,185,168,39,21.1,8.1,0.268,0.47,0.33,0.8,0.202,0.303,0.295,0.488,0.345,0.362,0.355,0.193,0.408,0.434,0.346,0.382,90.2,40.0,6.2,43.1,94.652849612,25.0
"Heasley, Jonathan",669169,2022,465,404,70,15.1,10.1,0.267,0.478,0.346,0.824,0.211,0.276,0.263,0.471,0.355,0.355,0.346,0.208,0.376,0.375,0.316,0.315,90.2,34.8,7.9,45.3,94.532852111,19.3
"Vesia, Alex",681911,2022,227,198,79,34.8,10.6,0.187,0.247,0.28,0.527,0.06,0.297,0.188,0.303,0.244,0.264,0.281,0.116,0.311,0.348,0.308,0.31,87.0,35.2,3.3,34.4,93.387031167,34.0
"Chacín, Jhoulys",468504,2022,219,195,37,16.9,9.6,0.282,0.492,0.356,0.848,0.21,0.316,0.254,0.448,0.367,0.34,0.332,0.194,0.405,0.368,0.346,0.313,89.7,37.7,11.3,41.5,94.198778153,21.1
"Keller, Brad",641745,2022,617,553,102,16.5,9.2,0.277,0.427,0.344,0.771,0.15,0.311,0.254,0.414,0.337,0.324,0.325,0.16,0.368,0.351,0.336,0.31,89.3,28.7,5.0,41.4,94.3547437,21.6
"Burke, Brock",656271,2022,328,298,90,27.4,7.3,0.211,0.356,0.275,0.631,0.145,0.271,0.218,0.384,0.278,0.29,0.28,0.166,0.348,0.367,0.303,0.312,88.6,35.4,10.4,39.2,94.02976029,24.6
"Krehbiel, Joey",607216,2022,244,219,45,18.4,7.4,0.242,0.434,0.303,0.737,0.192,0.26,0.243,0.423,0.317,0.316,0.306,0.18,0.355,0.354,0.298,0.301,86.8,32.6,6.2,33.7,93.303641011,22.2
"Crawford, Kutter",676710,2022,334,301,77,23.1,8.7,0.269,0.458,0.335,0.793,0.189,0.322,0.253,0.458,0.344,0.336,0.321,0.205,0.415,0.403,0.358,0.338,89.7,42.0,8.8,38.9,94.533380313,25.6
"Fulmer, Michael",605242,2022,276,239,61,22.1,10.1,0.247,0.364,0.333,0.697,0.117,0.309,0.239,0.382,0.302,0.312,0.331,0.143,0.346,0.36,0.324,0.321,88.3,37.4,8.8,36.8,93.324752597,28.7
"Patiño, Luis",672715,2022,98,83,11,11.2,13.3,0.313,0.602,0.408,1.01,0.289,0.299,0.252,0.443,0.426,0.346,0.356,0.192,0.443,0.337,0.356,0.286,88.7,31.5,5.5,31.5,93.263474444,20.7
"Brown, Hunter",686613,2022,80,73,22,27.5,8.8,0.205,0.288,0.275,0.563,0.083,0.294,0.204,0.312,0.254,0.262,0.273,0.109,0.304,0.317,0.294,0.291,93.2,25.5,5.9,47.1,96.2086436,22.9
"Gray, Sonny",543243,2022,488,441,117,24.0,7.4,0.224,0.349,0.29,0.639,0.125,0.278,0.237,0.375,0.283,0.299,0.302,0.137,0.332,0.355,0.302,0.321,88.1,33.1,7.0,39.8,94.008990244,22.1
"McCarty, Kirk",668948,2022,159,143,26,16.4,8.2,0.259,0.517,0.321,0.838,0.258,0.241,0.251,0.499,0.356,0.35,0.318,0.249,0.397,0.389,0.311,0.308,89.5,36.1,6.7,38.7,93.882034224,23.7
"Swanson, Erik",657024,2022,206,193,70,34.0,4.9,0.202,0.29,0.245,0.535,0.088,0.3,0.198,0.303,0.236,0.239,0.242,0.104,0.334,0.338,0.317,0.311,85.0,37.6,4.8,30.4,92.521567967,29.4
"Barlow, Scott",605130,2022,290,262,77,26.6,7.6,0.198,0.324,0.266,0.59,0.126,0.24,0.2,0.35,0.261,0.272,0.269,0.15,0.313,0.33,0.277,0.282,86.4,29.3,5.3,30.3,92.812689731,32.5
"Pop, Zach",647315,2022,157,151,25,15.9,2.5,0.272,0.351,0.299,0.65,0.079,0.315,0.256,0.377,0.287,0.29,0.284,0.121,0.324,0.328,0.325,0.306,88.2,29.4,2.4,45.2,94.3148048,18.5
"Smith, Joe",501925,2022,122,111,17,13.9,7.4,0.297,0.541,0.352,0.893,0.244,0.295,0.273,0.503,0.38,0.355,0.33,0.23,0.418,0.386,0.347,0.319,89.3,29.5,3.2,42.1,94.36530234,17.9
"Kopech, Michael",656629,2022,494,429,105,21.3,11.5,0.198,0.347,0.294,0.641,0.149,0.223,0.214,0.388,0.286,0.311,0.31,0.174,0.304,0.342,0.258,0.283,89.9,28.9,6.4,41.6,94.314329509,24.2
"Stammen, Craig",489334,2022,177,161,35,19.8,5.6,0.28,0.472,0.324,0.796,0.192,0.3,0.26,0.43,0.343,0.318,0.306,0.17,0.403,0.37,0.349,0.325,88.7,27.1,6.2,36.4,93.920321484,26.3
"Doval, Camilo",666808,2022,286,248,80,28.0,10.5,0.218,0.319,0.305,0.624,0.101,0.298,0.2,0.296,0.278,0.269,0.294,0.096,0.333,0.319,0.314,0.295,85.9,30.6,7.5,36.4,93.301219532,30.7
"Sands, Cole",663485,2022,145,127,28,19.3,9.0,0.276,0.441,0.366,0.807,0.165,0.326,0.228,0.435,0.356,0.333,0.324,0.208,0.395,0.361,0.354,0.293,89.3,26.3,11.1,39.4,93.943320816,22.5
"Logue, Zach",656657,2022,257,232,42,16.3,7.8,0.293,0.565,0.353,0.918,0.272,0.309,0.268,0.537,0.391,0.369,0.331,0.269,0.442,0.413,0.356,0.326,89.5,35.8,8.8,42.5,94.612750262,21.5
"Cotton, Jharel",605194,2022,181,156,39,21.5,11.0,0.218,0.404,0.309,0.713,0.186,0.239,0.221,0.404,0.313,0.313,0.313,0.183,0.345,0.345,0.283,0.289,88.6,34.2,8.3,30.8,93.009217458,25.4
"Junis, Jakob",596001,2022,478,446,98,20.5,5.2,0.269,0.444,0.313,0.757,0.175,0.318,0.263,0.427,0.328,0.32,0.308,0.164,0.39,0.379,0.344,0.336,88.9,35.3,5.1,38.2,93.670903285,21.5
"May, Trevor",543507,2022,111,102,30,27.0,8.1,0.265,0.431,0.324,0.755,0.166,0.338,0.225,0.408,0.331,0.303,0.288,0.183,0.424,0.381,0.375,0.319,89.4,41.7,9.7,44.4,94.520255417,30.4
"Weaver, Luke",596133,2022,174,155,38,21.8,7.5,0.335,0.452,0.391,0.843,0.117,0.429,0.285,0.458,0.367,0.356,0.352,0.173,0.44,0.423,0.433,0.377,91.5,40.0,7.5,45.0,95.450290417,22.8
"Wilson, Steven",621051,2022,214,188,53,24.8,9.3,0.191,0.346,0.277,0.623,0.155,0.223,0.185,0.331,0.277,0.272,0.274,0.146,0.315,0.307,0.263,0.259,87.6,33.3,8.0,35.5,93.243910667,28.6
"Adam, Jason",592094,2022,237,211,75,31.6,7.2,0.147,0.242,0.229,0.471,0.095,0.195,0.163,0.263,0.213,0.228,0.243,0.1,0.255,0.281,0.225,0.249,85.2,29.0,5.1,27.5,91.985168986,38.8
"Barlow, Joe",669618,2022,146,127,28,19.2,8.9,0.213,0.378,0.301,0.679,0.165,0.229,0.252,0.496,0.3,0.36,0.339,0.244,0.317,0.403,0.267,0.322,91.4,37.6,7.9,42.6,94.4865079,27.2
"Suarez, Robert",663158,2022,191,165,61,31.9,11.0,0.176,0.285,0.284,0.569,0.109,0.25,0.194,0.323,0.263,0.283,0.3,0.129,0.314,0.35,0.279,0.308,88.4,37.1,5.7,35.2,93.346088269,25.1
"Cole, Gerrit",543037,2022,793,738,257,32.4,6.3,0.209,0.39,0.26,0.65,0.181,0.269,0.214,0.402,0.283,0.29,0.266,0.188,0.39,0.402,0.319,0.329,89.4,32.5,7.7,40.2,94.227606134,34.1
"Moore, Matt",519043,2022,304,262,83,27.3,12.5,0.187,0.275,0.289,0.564,0.088,0.257,0.186,0.3,0.257,0.266,0.289,0.114,0.286,0.301,0.269,0.269,87.7,24.7,5.5,31.3,93.122969218,31.3
"Flaherty, Jack",656427,2022,167,139,33,19.8,13.2,0.259,0.424,0.38,0.804,0.165,0.314,0.244,0.417,0.358,0.35,0.367,0.173,0.383,0.371,0.34,0.32,87.2,38.3,8.4,30.8,93.320280971,25.9
"Hendriks, Liam",521230,2022,235,210,85,36.2,6.8,0.21,0.352,0.267,0.619,0.142,0.303,0.181,0.321,0.27,0.254,0.248,0.14,0.392,0.365,0.341,0.307,90.5,33.3,3.0,39.4,94.524195512,41.3
"Winckowski, Josh",670174,2022,316,283,44,13.9,8.5,0.3,0.491,0.361,0.852,0.191,0.322,0.268,0.446,0.366,0.34,0.334,0.178,0.395,0.362,0.35,0.315,89.5,30.5,6.2,46.1,94.86917166,17.4
"Montero, Rafael",606160,2022,270,243,73,27.0,8.5,0.193,0.267,0.268,0.535,0.074,0.262,0.206,0.306,0.241,0.262,0.281,0.1,0.283,0.316,0.275,0.295,86.3,29.7,5.8,32.6,92.973566,28.2
"Bundy, Dylan",605164,2022,595,558,94,15.8,4.7,0.271,0.459,0.306,0.765,0.188,0.285,0.26,0.459,0.329,0.326,0.298,0.199,0.371,0.367,0.321,0.311,88.9,35.3,7.7,38.3,94.198384485,21.3
"Duran, Jhoan",661395,2022,266,242,89,33.5,6.0,0.207,0.306,0.265,0.571,0.099,0.295,0.187,0.275,0.251,0.234,0.249,0.089,0.345,0.317,0.323,0.295,88.2,25.5,5.7,35.0,93.733199221,34.7
"Head, Louis",545343,2022,138,117,26,18.8,10.9,0.274,0.487,0.38,0.867,0.213,0.322,0.243,0.411,0.376,0.337,0.353,0.168,0.417,0.359,0.352,0.312,91.0,37.4,11.0,42.9,94.634616222,23.4
"Nance, Tommy",667297,2022,196,170,57,29.1,10.7,0.265,0.418,0.359,0.777,0.153,0.37,0.239,0.364,0.339,0.31,0.337,0.125,0.441,0.392,0.398,0.36,88.5,32.5,7.0,36.0,93.229615268,29.7
"Otto Jr., Glenn",657248,2022,587,505,107,18.2,10.6,0.236,0.402,0.332,0.734,0.166,0.257,0.245,0.438,0.325,0.345,0.343,0.193,0.342,0.372,0.295,0.312,89.0,34.2,5.4,38.1,94.125946599,23.1
"McClanahan, Shane",663556,2022,640,597,194,30.3,5.8,0.194,0.317,0.245,0.562,0.123,0.252,0.206,0.339,0.248,0.262,0.256,0.134,0.325,0.347,0.287,0.305,87.6,31.6,6.2,32.6,93.270402693,34.3
"Brazobán, Huascar",623211,2022,141,117,40,28.4,14.9,0.222,0.35,0.35,0.7,0.128,0.311,0.199,0.309,0.317,0.294,0.331,0.11,0.374,0.333,0.338,0.303,83.2,29.5,1.3,26.9,92.226807273,40.2
"Snead, Kirby",669912,2022,210,182,35,16.7,10.5,0.308,0.478,0.383,0.861,0.17,0.352,0.26,0.415,0.369,0.327,0.342,0.155,0.41,0.352,0.373,0.316,87.8,33.8,3.3,38.4,93.500902467,20.2
"Silseth, Chase",681217,2022,129,115,24,18.6,9.3,0.287,0.539,0.359,0.898,0.252,0.31,0.303,0.522,0.387,0.387,0.374,0.219,0.445,0.446,0.363,0.383,90.9,35.9,5.4,51.1,95.347897363,25.7
"Merryweather, Julian",657240,2022,119,106,23,19.3,5.9,0.292,0.491,0.342,0.833,0.199,0.333,0.243,0.472,0.355,0.331,0.301,0.23,0.418,0.387,0.365,0.308,90.3,28.7,4.6,44.8,95.398046429,22.4
"Civale, Aaron",650644,2022,407,373,98,24.1,5.4,0.249,0.424,0.3,0.724,0.175,0.297,0.246,0.412,0.313,0.309,0.298,0.167,0.384,0.379,0.332,0.33,88.6,35.0,7.5,40.4,93.947464532,24.3
"Hernández, Carlos",672578,2022,266,229,35,13.2,11.7,0.314,0.485,0.391,0.876,0.171,0.339,0.269,0.459,0.378,0.352,0.354,0.191,0.396,0.361,0.362,0.312,88.7,36.7,5.5,38.2,93.924304745,23.6
"Foley, Jason",671345,2022,256,242,43,16.8,4.3,0.298,0.364,0.333,0.697,0.066,0.355,0.265,0.377,0.309,0.3,0.302,0.113,0.351,0.34,0.362,0.322,90.7,26.0,3.0,42.5,95.034346142,16.7
"Bautista, Félix",642585,2022,253,227,88,34.8,9.1,0.167,0.291,0.245,0.536,0.124,0.231,0.184,0.297,0.24,0.252,0.262,0.113,0.316,0.338,0.27,0.299,86.8,32.6,3.5,36.9,93.417917929,33.6
"Pruitt, Austin",643493,2022,224,212,38,17.0,4.0,0.226,0.439,0.259,0.698,0.213,0.224,0.242,0.437,0.299,0.311,0.277,0.195,0.341,0.356,0.273,0.296,88.0,30.1,2.8,34.1,93.465914716,24.8
"Medina, Luis",665622,2023,495,427,106,21.4,11.5,0.255,0.44,0.352,0.792,0.185,0.306,0.25,0.413,0.343,0.336,0.349,0.164,0.386,0.376,0.336,0.333,89.3,36.4,6.5,41.0,94.171801406,24.5
"Germán, Domingo",593334,2023,444,401,114,25.7,7.7,0.207,0.414,0.277,0.691,0.207,0.233,0.235,0.428,0.297,0.32,0.306,0.192,0.358,0.393,0.286,0.331,88.3,33.8,4.1,41.4,94.254431419,30.3
"Blach, Ty",621389,2023,352,315,50,14.2,6.8,0.33,0.537,0.381,0.918,0.207,0.346,0.327,0.549,0.389,0.399,0.382,0.222,0.426,0.439,0.382,0.385,90.1,41.9,5.9,43.4,95.196757079,15.3
"Eflin, Zach",621107,2023,703,671,186,26.5,3.4,0.235,0.379,0.264,0.643,0.144,0.296,0.218,0.382,0.276,0.271,0.248,0.165,0.358,0.351,0.324,0.301,87.5,29.2,5.5,35.1,93.73501605,24.1
"Rogers, Taylor",573124,2023,216,185,64,29.6,11.6,0.211,0.357,0.312,0.669,0.146,0.282,0.205,0.358,0.292,0.292,0.307,0.153,0.361,0.36,0.317,0.31,89.7,25.8,3.2,45.2,94.86508375,26.7
"Civale, Aaron",650644,2023,504,463,116,23.0,6.5,0.235,0.363,0.293,0.656,0.128,0.289,0.24,0.386,0.288,0.299,0.297,0.146,0.339,0.355,0.313,0.319,89.0,33.5,7.2,36.4,94.02557481,22.7
"Clevinger, Mike",605182,2023,549,496,110,20.0,7.3,0.244,0.407,0.31,0.717,0.163,0.282,0.236,0.41,0.312,0.313,0.304,0.174,0.351,0.352,0.311,0.303,88.1,34.9,6.9,35.9,93.563543824,23.2
"Herget, Kevin",643361,2023,105,97,13,12.4,5.7,0.268,0.495,0.324,0.819,0.227,0.275,0.269,0.528,0.346,0.359,0.325,0.258,0.369,0.386,0.31,0.311,90.5,34.5,6.0,44.0,94.400157381,19.5
"Clase, Emmanuel",661403,2023,302,281,64,21.2,5.3,0.242,0.327,0.282,0.609,0.085,0.296,0.232,0.359,0.265,0.273,0.274,0.127,0.313,0.325,0.309,0.298,88.4,29.4,4.5,37.6,93.632457477,27.4
"Honeywell, Brent",641703,2023,235,204,45,19.1,10.2,0.26,0.446,0.35,0.796,0.186,0.287,0.273,0.458,0.347,0.361,0.364,0.185,0.38,0.401,0.331,0.351,90.9,30.4,3.7,47.8,95.2103195,24.0
"Pruitt, Austin",643493,2023,197,181,30,15.2,6.6,0.243,0.37,0.294,0.664,0.127,0.264,0.247,0.412,0.288,0.306,0.298,0.165,0.309,0.332,0.288,0.293,87.0,37.3,4.6,30.7,92.834872105,20.4
"Chirinos, Yonny",630023,2023,367,331,53,14.4,7.4,0.275,0.483,0.336,0.819,0.208,0.286,0.294,0.512,0.35,0.373,0.356,0.218,0.376,0.406,0.324,0.35,91.3,34.9,8.5,45.6,95.087772349,17.7
"Scholtens, Jesse",669947,2023,377,343,58,15.4,8.0,0.292,0.458,0.35,0.808,0.166,0.313,0.268,0.453,0.349,0.338,0.329,0.186,0.381,0.367,0.348,0.321,89.3,35.5,5.2,37.6,93.694755594,20.8
"Brito, Jhony",666745,2023,372,336,72,19.4,7.5,0.244,0.435,0.306,0.741,0.191,0.268,0.247,0.44,0.318,0.327,0.312,0.194,0.358,0.371,0.306,0.313,88.6,30.6,4.9,36.9,93.652918669,21.7
"Eovaldi, Nathan",543135,2023,577,521,132,22.9,8.1,0.225,0.382,0.295,0.677,0.157,0.271,0.232,0.399,0.296,0.307,0.302,0.167,0.341,0.357,0.299,0.309,88.9,30.1,9.2,43.1,94.415751825,26.4
"Webb, Jacob",657097,2023,232,196,57,24.6,12.9,0.199,0.352,0.316,0.668,0.153,0.246,0.213,0.357,0.294,0.306,0.329,0.145,0.324,0.343,0.279,0.3,88.1,32.6,12.8,39.7,93.502877214,32.2
"Brogdon, Connor",641401,2023,127,110,26,20.5,10.2,0.264,0.473,0.339,0.812,0.209,0.293,0.241,0.424,0.345,0.327,0.321,0.183,0.391,0.364,0.333,0.308,86.1,37.9,5.7,32.2,93.494675233,27.9
"Miller, Shelby",571946,2023,163,141,42,25.8,11.7,0.135,0.241,0.247,0.488,0.106,0.167,0.187,0.354,0.222,0.283,0.292,0.167,0.225,0.323,0.192,0.266,89.5,30.0,9.0,37.0,94.426995758,26.0
"Kikuchi, Yusei",579328,2023,700,646,181,25.9,6.9,0.255,0.426,0.311,0.737,0.171,0.315,0.244,0.436,0.319,0.318,0.301,0.191,0.401,0.4,0.355,0.34,90.5,37.7,6.9,42.4,94.432324264,28.0
"Wood, Alex",622072,2023,429,373,74,17.2,9.8,0.263,0.421,0.347,0.768,0.158,0.303,0.253,0.415,0.335,0.331,0.338,0.163,0.356,0.351,0.323,0.312,89.2,33.1,6.6,37.4,93.772164765,21.7
"Weissert, Greg",669711,2023,87,77,22,25.3,9.2,0.273,0.416,0.349,0.765,0.143,0.346,0.252,0.411,0.336,0.326,0.331,0.158,0.411,0.395,0.382,0.353,91.1,28.6,3.6,39.3,95.124541273,28.0
"Weaver, Luke",596133,2023,563,515,109,19.4,7.1,0.301,0.559,0.353,0.912,0.258,0.331,0.282,0.501,0.385,0.358,0.337,0.219,0.453,0.417,0.378,0.355,89.3,40.2,7.3,42.0,94.508679902,21.6
"Smith, Drew",622098,2023,244,208,60,24.6,11.9,0.24,0.442,0.344,0.786,0.202,0.301,0.221,0.398,0.341,0.323,0.329,0.178,0.396,0.366,0.333,0.309,89.5,38.0,6.7,39.3,93.8532688,26.0
"Grove, Michael",675627,2023,302,280,73,24.2,6.3,0.296,0.5,0.348,0.848,0.204,0.364,0.269,0.472,0.363,0.342,0.323,0.203,0.455,0.425,0.401,0.364,90.0,40.6,8.2,42.0,94.87688744,27.2
"García, Luis",472610,2023,267,234,53,19.9,9.0,0.252,0.372,0.336,0.708,0.12,0.301,0.252,0.362,0.313,0.313,0.337,0.111,0.343,0.343,0.324,0.325,87.1,27.2,3.8,36.4,93.714576685,25.4
"Moll, Sam",594580,2023,268,228,68,25.4,11.2,0.206,0.289,0.315,0.604,0.083,0.281,0.199,0.284,0.265,0.264,0.31,0.085,0.298,0.296,0.29,0.282,87.7,26.4,5.5,35.6,93.266613354,22.5
"Cortes, Nestor",641482,2023,266,242,67,25.2,7.5,0.244,0.442,0.308,0.75,0.198,0.291,0.214,0.398,0.323,0.298,0.283,0.184,0.397,0.359,0.335,0.296,89.6,33.0,8.5,41.5,94.1314096,24.2
"Teheran, Julio",527054,2023,288,268,50,17.4,4.5,0.254,0.466,0.296,0.762,0.212,0.266,0.263,0.469,0.324,0.334,0.308,0.206,0.368,0.382,0.309,0.324,89.8,39.4,6.8,42.1,94.533562864,20.6
"Hamilton, Ian",641656,2023,239,209,69,28.9,10.9,0.215,0.297,0.31,0.607,0.082,0.309,0.217,0.321,0.275,0.289,0.314,0.104,0.325,0.35,0.319,0.326,86.0,31.2,3.5,36.9,93.681482199,34.6
"Woodruff, Brandon",605540,2023,253,233,74,29.2,5.9,0.172,0.322,0.229,0.551,0.15,0.204,0.203,0.334,0.241,0.262,0.26,0.131,0.3,0.334,0.248,0.297,89.0,32.9,5.6,41.6,94.345438797,28.3
"Iglesias, Raisel",628452,2023,231,214,68,29.4,6.5,0.238,0.379,0.286,0.665,0.141,0.312,0.219,0.376,0.285,0.276,0.268,0.157,0.379,0.365,0.345,0.317,88.8,35.8,8.1,37.8,93.903349252,32.7
"Frías, Luis",666818,2023,139,120,26,18.7,12.2,0.25,0.417,0.353,0.77,0.167,0.297,0.251,0.427,0.339,0.344,0.353,0.176,0.36,0.367,0.319,0.32,89.7,30.9,5.3,38.3,94.472970532,26.4
"Bautista, Félix",642585,2023,237,209,110,46.4,11.0,0.144,0.215,0.245,0.46,0.071,0.274,0.139,0.241,0.218,0.225,0.242,0.102,0.324,0.343,0.303,0.297,88.6,31.3,3.0,34.3,93.278068125,44.3
"Priester, Quinn",682990,2023,234,200,36,15.4,11.5,0.29,0.555,0.378,0.933,0.265,0.297,0.291,0.478,0.394,0.373,0.38,0.188,0.424,0.394,0.347,0.351,89.7,32.1,6.0,47.0,95.154597229,23.3
"Cole, Gerrit",543037,2023,821,761,222,27.0,5.8,0.206,0.322,0.259,0.581,0.116,0.263,0.229,0.38,0.256,0.288,0.281,0.151,0.316,0.365,0.29,0.323,89.2,33.7,5.9,39.2,93.996080634,26.2
"Peralta, Sammy",671111,2023,90,79,18,20.0,12.2,0.241,0.392,0.333,0.725,0.151,0.288,0.24,0.363,0.32,0.311,0.332,0.124,0.347,0.334,0.311,0.31,86.9,34.4,6.6,32.8,92.789369016,21.0
"Chavez, Jesse",445926,2023,144,128,39,27.1,8.3,0.203,0.297,0.285,0.582,0.094,0.273,0.23,0.341,0.263,0.292,0.31,0.11,0.304,0.35,0.289,0.329,87.1,33.3,6.7,33.3,92.870256742,28.3
"Hand, Brad",543272,2023,236,200,59,25.0,9.3,0.27,0.46,0.351,0.811,0.19,0.345,0.253,0.398,0.344,0.326,0.341,0.145,0.424,0.397,0.372,0.357,88.8,38.0,4.7,37.3,93.876145664,22.3
"Houck, Tanner",656557,2023,463,410,99,21.4,8.9,0.254,0.415,0.328,0.743,0.161,0.299,0.24,0.398,0.323,0.315,0.317,0.158,0.369,0.356,0.33,0.314,90.2,31.2,5.7,43.8,94.678429651,28.8
"Dodd, Dylan",689266,2023,164,151,15,9.1,7.3,0.351,0.616,0.402,1.018,0.265,0.346,0.324,0.633,0.429,0.424,0.378,0.309,0.453,0.446,0.39,0.36,92.6,38.2,4.4,46.3,95.942111407,18.6
"Means, John",607644,2023,88,82,10,11.4,4.5,0.159,0.354,0.205,0.559,0.195,0.13,0.253,0.485,0.238,0.329,0.292,0.233,0.238,0.348,0.178,0.284,86.9,35.6,6.8,37.0,93.15272,16.4
"Erceg, Lucas",668674,2023,251,208,68,27.1,14.3,0.245,0.356,0.371,0.727,0.111,0.357,0.204,0.305,0.328,0.298,0.337,0.102,0.378,0.325,0.362,0.301,86.0,34.0,3.5,33.3,92.859649858,28.4
"Silseth, Chase",681217,2023,221,193,56,25.3,11.8,0.212,0.399,0.312,0.711,0.187,0.25,0.229,0.394,0.313,0.319,0.326,0.165,0.362,0.372,0.299,0.322,88.7,35.0,5.1,42.3,94.364685766,27.9
"Peguero, Elvis",665625,2023,252,221,54,21.4,10.3,0.222,0.303,0.313,0.616,0.081,0.274,0.236,0.347,0.28,0.303,0.327,0.111,0.297,0.331,0.292,0.311,89.0,30.4,7.1,38.1,94.042018452,31.3
"Sears, JP",676664,2023,735,662,161,21.9,7.2,0.249,0.465,0.319,0.784,0.216,0.279,0.243,0.457,0.335,0.332,0.314,0.214,0.394,0.389,0.327,0.32,88.6,32.7,6.3,38.4,94.084952044,24.8
"Gaddis, Hunter",683769,2023,182,161,24,13.2,7.7,0.255,0.447,0.324,0.771,0.192,0.261,0.23,0.399,0.331,0.307,0.304,0.169,0.34,0.309,0.293,0.267,89.3,35.0,10.0,35.0,93.747651295,17.1
"Jiménez, Dany",666204,2023,94,77,21,22.3,14.9,0.143,0.286,0.269,0.555,0.143,0.145,0.183,0.361,0.248,0.302,0.314,0.178,0.238,0.322,0.19,0.261,89.1,35.6,6.8,33.9,93.52388807,27.5
"Kaprielian, James",621076,2023,280,241,57,20.4,11.1,0.274,0.452,0.367,0.819,0.178,0.324,0.242,0.436,0.356,0.34,0.341,0.193,0.401,0.377,0.357,0.318,89.6,36.6,6.5,38.7,93.935672363,25.0
"McGough, Scott",543518,2023,301,266,86,28.6,10.0,0.226,0.44,0.306,0.746,0.214,0.272,0.235,0.416,0.318,0.319,0.316,0.18,0.405,0.407,0.328,0.346,91.3,30.1,6.6,48.6,95.733735249,32.0
"Rom, Drew",680723,2023,170,150,32,18.8,11.2,0.34,0.613,0.412,1.025,0.273,0.393,0.273,0.52,0.431,0.372,0.352,0.248,0.504,0.42,0.429,0.344,91.3,37.0,9.2,45.4,95.463336891,18.4
"Keuchel, Dallas",572971,2023,172,151,25,14.5,10.5,0.298,0.457,0.378,0.835,0.159,0.339,0.288,0.46,0.363,0.362,0.369,0.172,0.382,0.38,0.354,0.343,86.0,31.5,7.1,34.6,93.34413622,20.4
"Kahnle, Tommy",592454,2023,165,142,48,29.1,11.5,0.183,0.331,0.28,0.611,0.148,0.231,0.183,0.297,0.272,0.264,0.281,0.115,0.32,0.305,0.271,0.272,86.8,29.9,7.2,22.7,92.701005313,35.2
"Leone, Dominic",608678,2023,235,201,54,23.0,11.9,0.244,0.507,0.336,0.843,0.263,0.255,0.243,0.47,0.352,0.347,0.34,0.227,0.416,0.408,0.325,0.33,89.7,36.4,8.6,44.4,94.596106556,34.1
"Baker, Bryan",641329,2023,186,157,51,27.4,12.9,0.21,0.338,0.314,0.652,0.128,0.276,0.195,0.326,0.287,0.283,0.304,0.131,0.335,0.328,0.303,0.286,90.0,30.0,8.2,36.4,94.059987615,23.6
"Plesac, Zach",668676,2023,105,99,14,13.3,4.8,0.374,0.576,0.404,0.98,0.202,0.415,0.299,0.508,0.418,0.358,0.332,0.21,0.47,0.398,0.435,0.348,91.7,30.2,8.1,43.0,95.446203929,19.4
"Vasquez, Andrew",607755,2023,219,186,43,19.6,10.5,0.247,0.355,0.35,0.705,0.108,0.3,0.221,0.353,0.316,0.307,0.328,0.133,0.333,0.318,0.319,0.286,85.7,30.8,6.8,30.8,92.348956809,17.5
"Carasiti, Matt",571539,2023,110,96,16,14.5,10.0,0.292,0.427,0.364,0.791,0.135,0.316,0.269,0.43,0.345,0.351,0.352,0.161,0.36,0.369,0.341,0.325,91.0,34.1,3.7,36.6,94.697154,23.1
"Mayza, Tim",641835,2023,215,199,53,24.7,7.0,0.251,0.342,0.302,0.644,0.091,0.331,0.25,0.355,0.279,0.285,0.302,0.105,0.345,0.355,0.34,0.34,87.3,28.6,2.7,39.5,94.271990556,22.9
"Brebbia, John",605154,2023,161,144,47,29.2,8.7,0.215,0.403,0.28,0.683,0.188,0.266,0.208,0.389,0.287,0.282,0.274,0.181,0.373,0.365,0.31,0.302,90.7,31.0,7.0,44.0,94.4502274,27.4
"Gray, Josiah",680686,2023,698,605,143,20.5,11.5,0.251,0.412,0.345,0.757,0.161,0.293,0.25,0.435,0.332,0.342,0.346,0.185,0.365,0.38,0.326,0.327,87.6,35.0,4.5,36.7,93.710812694,26.2
"Walker, Taijuan",592836,2023,733,650,138,18.8,9.7,0.238,0.397,0.32,0.717,0.159,0.273,0.245,0.41,0.313,0.322,0.326,0.165,0.339,0.352,0.301,0.309,89.1,33.1,6.6,40.9,94.417705363,20.5
"Gausman, Kevin",592332,2023,763,700,237,31.1,7.2,0.233,0.379,0.291,0.67,0.146,0.324,0.231,0.406,0.292,0.303,0.29,0.176,0.391,0.409,0.351,0.35,89.4,36.9,9.4,43.3,94.803198308,28.9
"Javier, Cristian",664299,2023,687,611,159,23.1,9.0,0.234,0.424,0.309,0.733,0.19,0.273,0.228,0.451,0.317,0.325,0.306,0.222,0.369,0.382,0.312,0.307,89.1,38.1,7.4,38.3,93.876231451,27.1
"Hernández, Carlos",672578,2023,301,266,77,25.6,10.6,0.233,0.425,0.316,0.741,0.192,0.287,0.249,0.438,0.319,0.332,0.33,0.189,0.385,0.405,0.325,0.347,90.2,40.3,6.8,44.5,94.334811799,30.4
"Rodriguez, Eduardo",593958,2023,621,563,143,23.0,7.7,0.227,0.359,0.289,0.648,0.132,0.275,0.243,0.402,0.284,0.311,0.307,0.159,0.329,0.371,0.3,0.329,88.6,31.4,7.5,38.5,94.247869548,23.8
"Floro, Dylan",571670,2023,248,227,58,23.4,6.9,0.308,0.41,0.363,0.773,0.102,0.401,0.252,0.341,0.335,0.286,0.311,0.089,0.413,0.342,0.412,0.337,87.1,32.4,5.9,37.1,93.377427515,24.0
"Lyles, Jordan",543475,2023,748,689,120,16.0,6.0,0.255,0.501,0.305,0.806,0.246,0.256,0.26,0.483,0.34,0.338,0.31,0.223,0.379,0.377,0.307,0.313,89.0,34.6,5.4,35.5,93.749665333,20.1
"Voth, Austin",608723,2023,160,140,34,21.3,9.4,0.279,0.457,0.358,0.815,0.178,0.327,0.241,0.393,0.352,0.315,0.325,0.152,0.408,0.353,0.364,0.315,88.4,31.5,6.5,35.2,93.685382243,24.0
"Gallen, Zac",668678,2023,846,790,220,26.0,5.6,0.238,0.382,0.284,0.666,0.144,0.301,0.25,0.434,0.289,0.315,0.296,0.184,0.362,0.401,0.328,0.346,91.5,36.4,9.2,46.2,95.003873538,26.4
"Jacques, Joe",682175,2023,122,104,20,16.4,8.2,0.308,0.452,0.397,0.849,0.144,0.361,0.24,0.353,0.366,0.313,0.343,0.113,0.396,0.321,0.376,0.3,88.9,22.1,5.8,45.3,94.970907381,17.9
"Kluber, Corey",446372,2023,257,232,42,16.3,8.2,0.297,0.603,0.366,0.969,0.306,0.301,0.268,0.547,0.407,0.375,0.339,0.279,0.458,0.415,0.363,0.327,89.0,40.0,7.4,40.5,94.303880688,20.9
"Bummer, Aaron",607481,2023,267,225,78,29.2,13.5,0.236,0.347,0.352,0.699,0.111,0.34,0.217,0.304,0.313,0.293,0.337,0.088,0.378,0.344,0.358,0.331,89.2,27.0,4.7,44.6,94.916127724,32.5
"Sánchez, Cristopher",650911,2023,396,375,96,24.2,4.0,0.235,0.421,0.271,0.692,0.186,0.273,0.242,0.412,0.296,0.299,0.278,0.171,0.37,0.374,0.314,0.325,88.8,31.0,7.5,40.2,94.726978195,26.4
"Blanco, Ronel",669854,2023,226,195,52,23.0,12.4,0.251,0.462,0.35,0.812,0.211,0.28,0.238,0.447,0.352,0.343,0.339,0.209,0.406,0.394,0.34,0.324,88.5,34.0,3.5,34.7,93.64306021,33.0
"Kauffmann, Karl",666154,2023,158,135,16,10.1,10.1,0.311,0.504,0.392,0.896,0.193,0.316,0.302,0.538,0.384,0.4,0.389,0.236,0.382,0.403,0.344,0.34,93.4,36.1,11.5,49.2,95.724048099,17.2
"Hjelle, Sean",663546,2023,139,120,31,22.3,9.4,0.317,0.458,0.399,0.857,0.141,0.402,0.259,0.385,0.372,0.326,0.349,0.127,0.442,0.371,0.422,0.346,88.6,36.3,2.2,41.8,94.533688778,22.3
"Nogosek, Stephen",668665,2023,118,100,25,21.2,11.9,0.28,0.53,0.373,0.903,0.25,0.31,0.246,0.486,0.382,0.357,0.346,0.239,0.441,0.401,0.364,0.323,89.7,35.1,10.4,42.9,95.05929013,24.0
"Koch, Matt",571863,2023,163,151,27,16.6,5.5,0.272,0.45,0.319,0.769,0.178,0.288,0.255,0.441,0.331,0.325,0.307,0.186,0.37,0.363,0.328,0.312,90.1,31.2,7.2,44.8,94.709539106,22.5
"Steele, Justin",657006,2023,716,666,176,24.6,5.0,0.251,0.371,0.295,0.666,0.12,0.32,0.247,0.368,0.291,0.291,0.293,0.121,0.359,0.359,0.339,0.336,87.8,33.4,4.2,36.6,93.56474102,24.0
"Thompson, Zack",668868,2023,287,256,72,25.1,8.7,0.27,0.422,0.336,0.758,0.152,0.341,0.255,0.422,0.329,0.329,0.328,0.167,0.403,0.403,0.369,0.357,90.3,35.6,5.9,43.6,94.692869126,23.9
"Urquidy, José",664353,2023,275,247,45,16.4,9.1,0.263,0.453,0.335,0.788,0.19,0.281,0.254,0.429,0.34,0.332,0.328,0.175,0.368,0.357,0.32,0.311,86.6,37.9,4.9,34.0,93.081307833,25.0
"Sims, Lucas",608371,2023,258,202,72,27.9,15.1,0.163,0.302,0.32,0.622,0.139,0.215,0.173,0.333,0.287,0.302,0.329,0.16,0.292,0.321,0.244,0.261,87.6,32.1,5.1,32.1,92.659713284,33.1
"Castro, Miguel",612434,2023,268,239,60,22.4,9.3,0.213,0.36,0.296,0.656,0.147,0.251,0.231,0.387,0.286,0.304,0.311,0.156,0.324,0.351,0.285,0.308,86.1,33.3,6.1,28.3,92.77636882,26.9
"Thompson, Keegan",624522,2023,125,103,26,20.8,15.2,0.194,0.291,0.32,0.611,0.097,0.234,0.211,0.369,0.282,0.321,0.338,0.159,0.27,0.331,0.253,0.281,88.9,34.2,13.9,44.3,94.202470779,26.6
"Abreu, Albert",656061,2023,268,225,61,22.8,13.1,0.231,0.404,0.348,0.752,0.173,0.276,0.222,0.397,0.332,0.328,0.342,0.175,0.366,0.36,0.315,0.305,89.0,27.9,6.7,41.8,94.046799387,26.3
"Matz, Steven",571927,2023,449,410,98,21.8,7.1,0.263,0.405,0.32,0.725,0.142,0.32,0.25,0.386,0.316,0.306,0.309,0.136,0.371,0.357,0.344,0.328,89.1,31.3,6.3,38.0,93.875030892,25.3
"Williams, Devin",642207,2023,231,202,87,37.7,12.1,0.129,0.218,0.238,0.456,0.089,0.198,0.168,0.289,0.214,0.255,0.273,0.121,0.257,0.341,0.226,0.297,85.9,35.7,7.8,29.6,92.523990965,41.8
"Ort, Kaleb",672391,2023,107,93,24,22.4,8.4,0.29,0.548,0.356,0.904,0.258,0.328,0.233,0.471,0.379,0.328,0.304,0.239,0.468,0.393,0.386,0.309,90.4,31.5,2.7,39.7,94.882021,19.9
"Wilson, Bryse",669060,2023,314,284,61,19.4,7.0,0.211,0.377,0.271,0.648,0.166,0.236,0.242,0.411,0.281,0.307,0.299,0.169,0.312,0.349,0.267,0.305,88.6,36.7,7.4,35.8,93.617053973,18.5
"Martinez, Seth",661527,2023,195,170,45,23.1,9.7,0.265,0.435,0.359,0.794,0.17,0.333,0.262,0.452,0.345,0.35,0.356,0.191,0.403,0.411,0.36,0.356,90.2,40.8,8.8,45.6,95.292387705,25.4
"Cueto, Johnny",456501,2023,218,199,39,17.9,6.9,0.256,0.543,0.317,0.86,0.287,0.236,0.251,0.492,0.362,0.346,0.313,0.242,0.411,0.39,0.317,0.312,88.2,37.3,6.8,36.6,93.840066352,19.3
"Bickford, Phil",641360,2023,304,257,76,25.0,12.8,0.23,0.393,0.339,0.732,0.163,0.293,0.237,0.431,0.319,0.336,0.346,0.194,0.371,0.399,0.324,0.336,90.9,34.6,6.5,42.2,94.871273202,29.7
"Wells, Tyler",669330,2023,470,429,117,24.9,7.2,0.193,0.413,0.257,0.67,0.22,0.2,0.212,0.441,0.286,0.306,0.275,0.228,0.343,0.373,0.263,0.29,89.0,32.1,6.0,38.7,94.191887404,26.4
"Helsley, Ryan",664854,2023,146,125,52,35.6,11.6,0.176,0.264,0.274,0.538,0.088,0.28,0.155,0.248,0.243,0.237,0.26,0.093,0.308,0.296,0.289,0.262,88.6,27.6,9.2,39.5,93.9362575,35.0
"Ureña, José",570632,2023,203,176,29,14.3,10.8,0.284,0.597,0.361,0.958,0.313,0.27,0.266,0.506,0.398,0.364,0.347,0.24,0.429,0.384,0.333,0.314,90.2,29.8,6.6,39.7,94.5252938,21.8
"Maeda, Kenta",628317,2023,428,394,117,27.3,6.5,0.239,0.429,0.292,0.721,0.19,0.293,0.228,0.411,0.309,0.3,0.283,0.184,0.395,0.381,0.336,0.322,90.4,38.9,9.3,42.1,94.388046123,28.2
"Keller, Mitch",656605,2023,825,752,210,25.5,6.7,0.249,0.404,0.308,0.712,0.155,0.31,0.248,0.406,0.31,0.315,0.31,0.158,0.381,0.389,0.342,0.344,87.7,36.5,4.0,35.6,93.735176239,23.2
"Ashcraft, Graham",668933,2023,624,558,111,17.8,8.3,0.265,0.444,0.338,0.782,0.179,0.293,0.268,0.43,0.339,0.339,0.341,0.162,0.373,0.373,0.33,0.335,88.4,34.0,4.4,38.9,94.143819215,22.3
"Farmer, Buck",571656,2023,309,271,70,22.7,9.4,0.214,0.402,0.296,0.698,0.188,0.244,0.216,0.41,0.303,0.31,0.3,0.195,0.343,0.354,0.284,0.29,87.8,28.2,8.3,35.0,93.628873498,30.3
"Ramsey, Lane",682010,2023,92,80,18,19.6,9.8,0.313,0.4,0.374,0.774,0.087,0.381,0.247,0.341,0.339,0.303,0.322,0.094,0.384,0.333,0.391,0.317,86.4,35.4,9.2,33.8,92.627967188,24.2
"Romano, Jordan",605447,2023,248,220,72,29.0,9.7,0.218,0.35,0.301,0.651,0.132,0.296,0.211,0.361,0.281,0.282,0.294,0.151,0.358,0.361,0.324,0.314,89.0,34.0,8.7,36.7,93.983183716,35.9
"Corbin, Patrick",571578,2023,790,717,124,15.7,7.2,0.293,0.481,0.344,0.825,0.188,0.311,0.298,0.52,0.353,0.373,0.351,0.222,0.391,0.417,0.349,0.358,90.7,37.9,7.4,44.0,94.927415572,21.4
"Carrasco, Carlos",471911,2023,417,371,66,15.8,9.1,0.31,0.531,0.381,0.912,0.221,0.336,0.3,0.52,0.39,0.384,0.374,0.219,0.429,0.422,0.375,0.365,91.5,37.5,7.8,48.2,95.654389642,24.7
"Fulmer, Michael",605242,2023,237,204,65,27.4,11.8,0.235,0.402,0.329,0.731,0.167,0.304,0.236,0.377,0.32,0.319,0.335,0.141,0.387,0.386,0.338,0.349,86.4,37.3,7.0,30.3,92.916518592,33.5
"Cessa, Luis",570666,2023,132,116,11,8.3,9.1,0.397,0.603,0.45,1.053,0.206,0.413,0.371,0.56,0.446,0.432,0.437,0.189,0.461,0.445,0.43,0.413,91.8,44.4,7.4,46.3,95.686700467,14.6
"Neris, Héctor",593576,2023,273,236,77,28.2,11.4,0.174,0.292,0.277,0.569,0.118,0.222,0.192,0.331,0.259,0.283,0.294,0.139,0.291,0.331,0.256,0.285,86.5,29.2,3.1,28.0,93.067123097,30.6
"Manoah, Alek",666201,2023,415,346,79,19.0,14.2,0.269,0.46,0.388,0.848,0.191,0.308,0.262,0.471,0.37,0.373,0.383,0.209,0.397,0.401,0.347,0.34,89.5,33.6,10.1,44.8,94.912594528,21.8
"Cuas, Jose",621016,2023,292,249,71,24.3,12.0,0.253,0.406,0.36,0.766,0.153,0.322,0.251,0.446,0.339,0.352,0.358,0.196,0.389,0.41,0.352,0.349,89.9,36.3,4.5,41.3,94.366915281,29.7
"Kelly, Merrill",518876,2023,721,645,187,25.9,9.4,0.222,0.371,0.299,0.67,0.149,0.279,0.24,0.393,0.294,0.313,0.316,0.153,0.35,0.38,0.31,0.337,89.6,35.1,7.4,41.8,94.559456681,27.0
"Miller, Bobby",676272,2023,505,464,119,23.6,6.3,0.226,0.364,0.283,0.647,0.138,0.277,0.227,0.36,0.283,0.288,0.288,0.133,0.334,0.341,0.302,0.308,88.3,33.3,6.0,37.6,93.812180058,26.8
"Martinez, Nick",607259,2023,461,413,106,23.0,8.7,0.24,0.354,0.311,0.665,0.114,0.294,0.242,0.388,0.294,0.308,0.313,0.146,0.34,0.362,0.321,0.325,84.7,30.5,4.5,29.9,92.400089572,28.6
"Balazovic, Jordan",666364,2023,108,95,17,15.7,11.1,0.274,0.484,0.352,0.836,0.21,0.284,0.268,0.462,0.358,0.353,0.349,0.195,0.384,0.377,0.329,0.325,92.1,30.4,6.3,49.4,95.019168354,18.1
"Duarte, Daniel",650960,2023,136,114,23,16.9,14.7,0.211,0.36,0.331,0.691,0.149,0.218,0.19,0.312,0.31,0.291,0.317,0.123,0.299,0.271,0.261,0.24,85.6,20.7,3.3,32.6,92.683037174,24.5
"Stroman, Marcus",573186,2023,575,519,119,20.7,9.0,0.231,0.335,0.304,0.639,0.104,0.283,0.261,0.389,0.285,0.318,0.331,0.128,0.314,0.361,0.299,0.338,90.3,30.7,6.0,41.4,94.625671429,22.4
"Smyly, Drew",592767,2023,626,554,141,22.5,8.9,0.265,0.478,0.335,0.813,0.213,0.307,0.237,0.404,0.348,0.313,0.312,0.166,0.413,0.361,0.35,0.315,87.6,35.9,5.9,33.6,93.493708582,27.1
"Wittgren, Nick",621295,2023,128,114,18,14.1,8.6,0.263,0.404,0.344,0.748,0.141,0.298,0.255,0.413,0.329,0.33,0.336,0.158,0.337,0.337,0.313,0.302,88.6,34.4,5.2,34.4,93.714724375,15.4
"De Los Santos, Enyel",660853,2023,262,232,62,23.7,9.5,0.216,0.332,0.302,0.634,0.116,0.275,0.234,0.39,0.282,0.313,0.319,0.156,0.316,0.363,0.292,0.319,88.7,36.8,7.0,33.3,93.744391871,27.4
"Brash, Matt",666374,2023,308,269,107,34.7,9.4,0.242,0.323,0.325,0.648,0.081,0.38,0.208,0.306,0.292,0.28,0.3,0.099,0.394,0.373,0.392,0.346,88.1,31.3,6.0,34.3,93.573118788,38.3
"Pagán, Emilio",641941,2023,273,248,65,23.8,7.7,0.181,0.306,0.246,0.552,0.125,0.222,0.216,0.406,0.241,0.296,0.281,0.19,0.276,0.357,0.243,0.294,90.6,34.4,9.7,45.2,94.544762228,24.4
"Waldron, Matt",663362,2023,173,160,31,17.9,6.9,0.244,0.481,0.295,0.776,0.237,0.248,0.25,0.444,0.328,0.321,0.301,0.195,0.372,0.362,0.3,0.308,86.7,33.1,4.6,38.5,93.199644231,18.9
"Lucchesi, Joey",664192,2023,195,175,32,16.4,8.7,0.251,0.394,0.325,0.719,0.143,0.288,0.267,0.476,0.316,0.352,0.339,0.21,0.336,0.385,0.308,0.327,88.8,34.0,4.9,38.2,94.404763813,17.4
"Weems, Jordan",607179,2023,232,196,60,25.9,12.1,0.194,0.393,0.3,0.693,0.199,0.223,0.221,0.43,0.294,0.32,0.325,0.209,0.345,0.388,0.273,0.314,89.9,36.2,6.4,38.3,94.579723551,27.0
"Bird, Jake",656234,2023,381,341,77,20.2,7.1,0.276,0.396,0.336,0.732,0.12,0.333,0.259,0.41,0.32,0.328,0.326,0.152,0.363,0.375,0.348,0.334,89.7,33.0,6.3,43.7,94.68471237,21.1
"Bass, Anthony",542914,2023,88,77,19,21.6,10.2,0.247,0.455,0.318,0.773,0.208,0.281,0.285,0.477,0.32,0.347,0.353,0.192,0.378,0.417,0.317,0.368,90.8,41.7,8.3,46.7,94.312359667,30.8
"Senga, Kodai",673540,2023,694,606,202,29.1,11.1,0.208,0.327,0.301,0.628,0.119,0.279,0.222,0.369,0.282,0.305,0.314,0.146,0.338,0.377,0.309,0.332,89.0,31.5,5.4,40.6,94.284814148,29.7
"Neal, Zach",594943,2023,124,107,25,20.2,11.3,0.28,0.589,0.374,0.963,0.309,0.297,0.296,0.569,0.403,0.405,0.387,0.274,0.472,0.475,0.366,0.386,87.7,49.4,8.4,41.0,94.70369122,23.1
"Velasquez, Vince",592826,2023,162,146,37,22.8,8.6,0.24,0.384,0.311,0.695,0.144,0.295,0.247,0.401,0.305,0.316,0.317,0.155,0.354,0.37,0.321,0.331,88.3,37.3,10.0,39.1,94.173883303,27.2
"Peralta, Wandy",593974,2023,227,189,51,22.5,13.2,0.19,0.323,0.319,0.642,0.133,0.22,0.234,0.371,0.293,0.329,0.356,0.137,0.295,0.353,0.259,0.319,86.8,26.4,4.3,34.3,93.562167037,29.7
"Wesneski, Hayden",669713,2023,379,339,83,21.9,8.4,0.242,0.46,0.311,0.771,0.218,0.261,0.259,0.477,0.33,0.346,0.329,0.218,0.387,0.411,0.318,0.343,88.7,37.3,5.0,38.1,94.21268251,22.7
"Ottavino, Adam",493603,2023,261,221,62,23.8,11.1,0.208,0.339,0.32,0.659,0.131,0.255,0.209,0.329,0.294,0.293,0.322,0.12,0.321,0.319,0.287,0.289,88.6,24.1,4.9,40.7,94.077359188,26.1
"Ramírez, Erasmo",541640,2023,274,250,43,15.7,4.7,0.328,0.52,0.361,0.881,0.192,0.35,0.288,0.494,0.372,0.35,0.328,0.206,0.421,0.393,0.383,0.34,89.7,37.4,7.0,43.5,94.533381831,20.2
"Ginkel, Kevin",656464,2023,255,226,70,27.5,9.4,0.181,0.288,0.263,0.551,0.107,0.244,0.197,0.336,0.246,0.273,0.278,0.14,0.283,0.326,0.258,0.282,88.0,32.1,5.0,37.1,93.68903327,31.2
"López, Pablo",641154,2023,801,738,234,29.2,6.0,0.238,0.385,0.292,0.677,0.147,0.314,0.213,0.343,0.294,0.27,0.269,0.13,0.384,0.346,0.346,0.311,87.1,32.4,5.7,34.8,93.235848194,30.3
"Gomber, Austin",596295,2023,603,552,87,14.4,7.1,0.297,0.513,0.351,0.864,0.216,0.314,0.289,0.505,0.368,0.363,0.343,0.217,0.405,0.398,0.352,0.342,90.5,31.3,6.8,44.3,94.9510922,19.1
"Hollowell, Gavin",668970,2023,154,130,32,20.8,11.7,0.238,0.477,0.357,0.834,0.239,0.256,0.249,0.448,0.36,0.356,0.367,0.199,0.396,0.391,0.316,0.331,86.6,37.8,6.1,35.7,93.405662165,25.5
"Montero, Rafael",606160,2023,298,265,79,26.5,9.7,0.279,0.479,0.356,0.835,0.2,0.358,0.242,0.422,0.359,0.327,0.324,0.18,0.453,0.402,0.396,0.345,87.9,33.7,7.0,41.7,94.495087473,30.1
"Gilbert, Logan",669302,2023,770,724,189,24.5,4.7,0.233,0.409,0.27,0.679,0.176,0.274,0.238,0.411,0.29,0.295,0.275,0.173,0.363,0.371,0.313,0.321,90.5,35.0,6.1,44.6,94.746169145,26.4
"Carlton, Drew",656290,2023,85,74,18,21.2,7.1,0.243,0.378,0.305,0.683,0.135,0.291,0.234,0.416,0.298,0.317,0.307,0.182,0.343,0.371,0.316,0.319,89.8,44.1,3.4,37.3,93.996945893,22.8
"Allen, Logan",671106,2023,537,483,119,22.2,8.9,0.263,0.42,0.33,0.75,0.157,0.317,0.253,0.42,0.326,0.325,0.322,0.167,0.383,0.381,0.347,0.335,88.9,34.2,6.0,39.1,94.245612837,24.0
"Davis, Noah",663562,2023,146,126,26,17.8,10.3,0.341,0.532,0.425,0.957,0.191,0.389,0.25,0.4,0.412,0.335,0.348,0.15,0.464,0.352,0.426,0.315,89.3,29.7,8.9,38.6,93.8069757,19.8
"Soriano, José",667755,2023,185,154,56,30.3,12.4,0.214,0.325,0.342,0.667,0.111,0.309,0.207,0.354,0.303,0.31,0.339,0.146,0.361,0.377,0.337,0.33,92.0,31.3,4.0,44.8,95.226782632,36.2
"Castillo, Luis",622491,2023,802,735,219,27.3,7.0,0.218,0.395,0.276,0.671,0.177,0.268,0.226,0.414,0.289,0.302,0.285,0.188,0.363,0.383,0.307,0.321,90.0,31.0,7.1,41.8,94.709603649,30.6
"Foley, Jason",671345,2023,276,259,55,19.9,5.4,0.251,0.34,0.293,0.633,0.089,0.31,0.259,0.384,0.275,0.299,0.302,0.125,0.32,0.352,0.317,0.329,88.2,29.3,7.3,42.0,94.552937143,17.9
"Anderson, Chase",502624,2023,372,329,64,17.2,8.9,0.274,0.474,0.35,0.824,0.2,0.292,0.253,0.44,0.355,0.337,0.334,0.187,0.389,0.364,0.337,0.314,87.4,39.6,4.5,31.7,93.166581629,21.6
"Bibee, Tanner",676440,2023,585,530,141,24.1,7.7,0.23,0.353,0.295,0.648,0.123,0.287,0.232,0.383,0.285,0.298,0.297,0.15,0.335,0.354,0.31,0.315,88.9,37.8,8.4,38.1,94.070533376,26.3
"Lamet, Dinelson",659275,2023,145,119,32,22.1,15.9,0.353,0.647,0.455,1.102,0.294,0.427,0.256,0.488,0.46,0.377,0.38,0.232,0.561,0.427,0.472,0.35,91.6,34.8,7.9,52.8,95.274111685,24.0
"Selby, Colin",681882,2023,114,98,30,26.3,13.2,0.296,0.439,0.389,0.828,0.143,0.391,0.266,0.457,0.362,0.357,0.364,0.191,0.453,0.445,0.426,0.384,88.1,27.5,7.2,42.0,94.5642975,29.2
"Bednar, David",670280,2023,277,247,80,28.9,7.6,0.215,0.316,0.281,0.597,0.101,0.299,0.192,0.324,0.259,0.263,0.266,0.132,0.329,0.335,0.312,0.287,88.0,29.5,9.2,40.5,93.665319353,32.8
"Bradford, Cody",674003,2023,234,216,51,21.8,5.1,0.259,0.5,0.296,0.796,0.241,0.285,0.24,0.477,0.333,0.325,0.284,0.238,0.406,0.394,0.331,0.314,90.9,37.1,8.8,43.5,95.10417494,22.1
"Brasier, Ryan",518489,2023,239,213,56,23.4,8.4,0.197,0.282,0.272,0.554,0.085,0.248,0.227,0.348,0.248,0.292,0.305,0.122,0.273,0.338,0.263,0.312,89.5,31.3,7.5,42.5,94.120214214,25.1
"Seabold, Connor",657756,2023,408,366,67,16.4,6.9,0.317,0.563,0.372,0.935,0.246,0.34,0.268,0.478,0.393,0.346,0.329,0.21,0.446,0.382,0.382,0.325,89.2,38.6,7.8,40.5,94.395988079,21.5
"Weathers, Ryan",677960,2023,257,223,43,16.7,11.3,0.305,0.543,0.383,0.926,0.238,0.327,0.244,0.421,0.393,0.329,0.331,0.178,0.435,0.346,0.372,0.299,89.2,33.7,4.3,34.8,93.970868889,23.6
"Adon, Joan",672851,2023,240,211,48,20.0,10.0,0.284,0.483,0.364,0.847,0.199,0.333,0.273,0.485,0.361,0.358,0.354,0.212,0.417,0.412,0.366,0.351,91.1,36.4,7.3,48.5,95.621818282,21.8
"Montgomery, Jordan",656756,2023,777,718,166,21.4,6.2,0.247,0.393,0.295,0.688,0.146,0.295,0.249,0.409,0.298,0.308,0.299,0.161,0.35,0.364,0.318,0.323,88.3,36.3,5.7,37.9,93.903178297,26.0
"Nardi, Andrew",677053,2023,237,211,73,30.8,8.9,0.213,0.365,0.297,0.662,0.152,0.29,0.186,0.301,0.289,0.257,0.273,0.115,0.373,0.319,0.326,0.286,84.6,30.2,2.9,27.3,92.483975074,28.7
"Winckowski, Josh",670174,2023,367,333,82,22.3,8.4,0.267,0.393,0.335,0.728,0.126,0.331,0.24,0.373,0.319,0.301,0.311,0.133,0.375,0.349,0.355,0.319,89.4,30.3,3.6,41.0,93.985863,26.2
"Hentges, Sam",656529,2023,223,204,56,25.1,8.1,0.26,0.338,0.318,0.656,0.078,0.347,0.262,0.388,0.292,0.314,0.322,0.126,0.353,0.385,0.356,0.36,91.6,32.9,6.7,49.0,95.57236527,27.4
"Williams, Gavin",668909,2023,345,302,81,23.5,10.7,0.219,0.368,0.31,0.678,0.149,0.27,0.241,0.385,0.299,0.317,0.331,0.144,0.335,0.364,0.296,0.328,88.0,34.1,6.7,38.6,93.71581704,27.8
"Giolito, Lucas",608337,2023,794,705,204,25.7,9.2,0.24,0.482,0.317,0.799,0.242,0.275,0.236,0.449,0.339,0.329,0.314,0.213,0.419,0.403,0.333,0.33,89.2,33.3,6.9,41.6,94.420691621,28.8
"Elder, Bryce",693821,2023,732,654,128,17.5,8.6,0.245,0.39,0.316,0.706,0.145,0.275,0.258,0.414,0.309,0.327,0.33,0.156,0.332,0.356,0.301,0.32,89.9,32.0,5.8,41.0,94.398947273,23.6
"Hoeing, Bryan",663773,2023,304,274,53,17.4,8.2,0.259,0.504,0.322,0.826,0.245,0.275,0.265,0.488,0.347,0.348,0.329,0.223,0.39,0.392,0.317,0.326,90.5,35.3,6.7,44.2,94.647689009,21.9
"Chapman, Aroldis",547973,2023,249,211,103,41.4,14.5,0.175,0.261,0.297,0.558,0.086,0.314,0.169,0.275,0.258,0.26,0.292,0.106,0.361,0.366,0.339,0.328,86.5,34.9,0.9,33.0,93.325749907,42.2
"Campbell, Isaiah",663462,2023,120,105,33,27.5,10.8,0.21,0.314,0.3,0.614,0.104,0.282,0.221,0.378,0.273,0.301,0.311,0.157,0.321,0.367,0.301,0.32,88.3,34.2,6.8,41.1,93.968865479,28.6
"Hernandez, Jose E.",669796,2023,223,197,62,27.8,9.9,0.239,0.462,0.317,0.779,0.223,0.299,0.232,0.419,0.329,0.312,0.311,0.187,0.424,0.399,0.346,0.337,89.2,34.8,5.1,34.8,94.337749185,29.3
"Lee, Dylan",669276,2023,101,91,24,23.8,7.9,0.264,0.429,0.323,0.752,0.165,0.317,0.273,0.499,0.326,0.356,0.332,0.226,0.399,0.443,0.358,0.371,88.5,42.0,1.4,39.1,93.996502687,30.0
"De los Santos, Yerry",660787,2023,104,88,18,17.3,12.5,0.193,0.295,0.298,0.593,0.102,0.225,0.225,0.351,0.257,0.297,0.328,0.126,0.254,0.31,0.236,0.28,88.1,26.4,5.6,30.6,93.19074831,16.6
"Ward, Thaddeus",663658,2023,160,129,30,18.8,17.5,0.225,0.419,0.369,0.788,0.194,0.237,0.233,0.442,0.347,0.361,0.376,0.209,0.349,0.371,0.29,0.302,89.4,31.0,5.0,37.0,94.191185455,23.2
"Akin, Keegan",669211,2023,112,104,27,24.1,6.3,0.337,0.49,0.375,0.865,0.153,0.434,0.273,0.474,0.365,0.331,0.317,0.201,0.47,0.424,0.449,0.366,90.7,42.3,9.0,48.7,95.380623947,25.0
"Ober, Bailey",641927,2023,577,539,146,25.3,5.0,0.232,0.403,0.279,0.682,0.171,0.276,0.222,0.412,0.294,0.293,0.27,0.19,0.365,0.365,0.316,0.303,88.2,33.4,5.8,35.7,93.490782916,28.7
"Lauer, Eric",641778,2023,211,185,43,20.4,11.4,0.292,0.616,0.37,0.986,0.324,0.297,0.299,0.575,0.411,0.405,0.378,0.275,0.486,0.477,0.375,0.387,91.7,41.0,9.0,45.1,95.026071875,22.0
"Underwood Jr., Duane",621249,2023,100,88,14,14.0,11.0,0.273,0.455,0.35,0.805,0.182,0.292,0.308,0.504,0.347,0.385,0.385,0.196,0.361,0.411,0.32,0.367,88.4,37.3,2.7,38.7,94.090015733,20.1
"Wright, Kyle",657140,2023,155,132,34,21.9,11.0,0.303,0.485,0.396,0.881,0.182,0.372,0.25,0.447,0.382,0.351,0.352,0.198,0.446,0.398,0.404,0.335,91.1,32.0,7.0,46.0,95.447128367,23.2
"Hader, Josh",623352,2023,231,196,85,36.8,13.0,0.163,0.224,0.284,0.508,0.061,0.269,0.156,0.234,0.239,0.24,0.278,0.078,0.295,0.295,0.288,0.276,87.0,33.6,4.4,28.3,92.803634545,33.1
"Battenfield, Peyton",685410,2023,146,133,27,18.5,8.2,0.256,0.474,0.315,0.789,0.218,0.27,0.277,0.54,0.336,0.375,0.338,0.264,0.381,0.434,0.318,0.349,93.5,36.4,6.5,50.5,95.86235757,24.7
"Garcia, Luis",677651,2023,115,103,31,27.0,8.7,0.243,0.427,0.316,0.743,0.184,0.319,0.238,0.406,0.322,0.314,0.311,0.169,0.403,0.39,0.347,0.34,86.8,32.9,6.8,32.9,93.173472083,31.0
"Nelson, Kyle",669459,2023,239,221,67,28.0,5.9,0.267,0.484,0.314,0.798,0.217,0.331,0.229,0.416,0.339,0.298,0.278,0.187,0.454,0.391,0.383,0.329,89.6,39.5,6.4,39.5,94.139193179,31.0
"Moreta, Dauri",664294,2023,239,209,76,31.8,10.0,0.187,0.33,0.276,0.606,0.143,0.265,0.183,0.334,0.267,0.269,0.273,0.151,0.334,0.337,0.287,0.282,86.7,36.0,7.4,33.1,93.171127836,33.6
"Flaherty, Jack",656427,2023,650,565,148,22.8,10.2,0.287,0.45,0.37,0.82,0.163,0.357,0.267,0.422,0.356,0.343,0.355,0.155,0.418,0.399,0.383,0.36,87.9,38.5,6.6,38.3,93.759440071,26.6
"Kowar, Jackson",663804,2023,137,116,29,21.2,14.6,0.293,0.457,0.401,0.858,0.164,0.361,0.243,0.361,0.377,0.326,0.359,0.119,0.426,0.346,0.391,0.323,87.9,34.5,2.3,34.5,93.26703,26.3
"Thornton, Trent",663423,2023,125,119,26,20.8,4.8,0.252,0.437,0.288,0.725,0.185,0.284,0.225,0.371,0.31,0.275,0.263,0.146,0.372,0.324,0.323,0.288,85.9,32.3,6.5,29.0,92.718846344,22.0
"Snell, Blake",605483,2023,742,636,234,31.5,13.3,0.181,0.286,0.293,0.579,0.105,0.256,0.205,0.352,0.266,0.301,0.315,0.147,0.312,0.376,0.284,0.326,87.2,37.0,7.9,33.8,93.364914171,37.3
"Hartwig, Grant",701643,2023,158,136,30,19.0,9.5,0.25,0.39,0.348,0.738,0.14,0.298,0.243,0.382,0.325,0.32,0.342,0.139,0.345,0.338,0.318,0.309,87.1,34.6,7.5,36.4,93.473362642,20.5
"Smith, Will",519293,2023,226,209,55,24.3,7.5,0.211,0.344,0.27,0.614,0.133,0.262,0.226,0.379,0.262,0.283,0.284,0.154,0.319,0.349,0.286,0.306,88.2,39.0,4.5,38.3,93.733067105,28.9
"Brieske, Beau",689225,2023,152,139,31,20.4,7.9,0.259,0.41,0.316,0.726,0.151,0.305,0.248,0.393,0.315,0.306,0.308,0.145,0.362,0.353,0.33,0.32,87.2,32.1,7.3,32.4,93.548403173,21.9
"Alexander, Tyler",641302,2023,181,172,44,24.3,2.8,0.256,0.453,0.283,0.736,0.197,0.298,0.232,0.439,0.313,0.298,0.26,0.208,0.399,0.378,0.341,0.31,89.2,38.8,8.5,40.3,93.940287638,18.3
"Mahle, Tyler",641816,2023,102,97,28,27.5,4.9,0.227,0.423,0.265,0.688,0.196,0.266,0.216,0.396,0.294,0.28,0.254,0.181,0.384,0.364,0.319,0.304,87.5,34.8,5.8,39.1,93.509015735,24.0
"Dunning, Dane",641540,2023,722,652,140,19.4,7.6,0.25,0.393,0.316,0.709,0.143,0.288,0.258,0.418,0.31,0.325,0.324,0.16,0.344,0.366,0.315,0.327,88.8,32.5,6.6,40.2,94.06919,22.3
"Thompson, Mason",666168,2023,240,211,44,18.3,9.2,0.294,0.417,0.368,0.785,0.123,0.352,0.254,0.397,0.345,0.328,0.337,0.144,0.38,0.356,0.367,0.323,86.6,30.0,7.1,35.9,93.643920595,21.6
"Cimber, Adam",643256,2023,95,83,12,12.6,7.4,0.301,0.542,0.379,0.921,0.241,0.288,0.291,0.486,0.393,0.374,0.373,0.195,0.41,0.386,0.347,0.339,90.5,36.1,6.9,47.2,95.048769286,14.9
"Gray, Sonny",543243,2023,754,689,183,24.3,7.3,0.226,0.319,0.288,0.607,0.093,0.295,0.24,0.372,0.27,0.298,0.302,0.132,0.316,0.356,0.306,0.327,89.1,32.9,5.9,39.2,94.126464752,26.1
"Johnson, Pierce",572955,2023,277,245,90,32.5,10.8,0.257,0.437,0.337,0.774,0.18,0.363,0.233,0.379,0.335,0.305,0.315,0.147,0.461,0.409,0.404,0.366,90.7,43.9,5.7,47.1,94.529324551,33.1
"Detmers, Reid",672282,2023,644,569,168,26.1,9.3,0.248,0.401,0.332,0.733,0.153,0.318,0.25,0.401,0.321,0.327,0.337,0.151,0.388,0.398,0.35,0.357,89.8,37.2,7.4,41.4,94.457081521,27.1
"Pérez, Cionel",672335,2023,247,212,44,17.8,10.9,0.264,0.34,0.357,0.697,0.076,0.323,0.24,0.342,0.311,0.304,0.336,0.102,0.327,0.318,0.331,0.302,89.2,21.5,5.8,41.9,94.507534048,20.0
"Diekman, Jake",518617,2023,243,202,64,26.3,15.6,0.183,0.267,0.314,0.581,0.084,0.25,0.198,0.287,0.271,0.286,0.328,0.089,0.28,0.306,0.266,0.29,84.6,29.3,2.9,27.1,92.239348613,26.4
"Lodolo, Nick",666157,2023,166,147,47,28.3,6.0,0.34,0.605,0.406,1.011,0.265,0.44,0.237,0.473,0.426,0.337,0.315,0.236,0.58,0.434,0.495,0.346,90.8,36.3,6.9,40.2,95.3382382,30.4
"Morgan, Eli",669212,2023,299,273,75,25.1,8.0,0.267,0.414,0.328,0.742,0.147,0.337,0.24,0.407,0.322,0.309,0.304,0.167,0.398,0.379,0.367,0.331,86.0,32.7,4.5,32.3,93.211532347,28.2
"Patiño, Luis",672715,2023,99,85,18,18.2,14.1,0.247,0.376,0.354,0.73,0.129,0.281,0.278,0.437,0.327,0.361,0.38,0.159,0.338,0.388,0.313,0.353,87.7,34.3,6.0,38.8,93.791748209,21.6
"Hicks, Jordan",663855,2023,285,247,81,28.4,11.2,0.231,0.332,0.326,0.658,0.101,0.323,0.207,0.311,0.296,0.283,0.308,0.104,0.354,0.333,0.339,0.308,86.7,27.4,4.8,35.9,93.860384157,28.2
"Paxton, James",572020,2023,411,372,101,24.6,8.0,0.25,0.452,0.313,0.765,0.202,0.294,0.226,0.396,0.328,0.301,0.293,0.17,0.402,0.362,0.341,0.311,89.3,33.3,5.9,39.9,94.167414449,27.6
"Pressly, Ryan",519151,2023,268,246,74,27.6,6.0,0.22,0.358,0.265,0.623,0.138,0.272,0.234,0.401,0.269,0.292,0.279,0.168,0.34,0.376,0.305,0.326,91.3,27.7,5.1,43.5,95.09487774,31.4
"Machado, Andrés",600921,2023,207,188,43,20.8,6.3,0.282,0.521,0.328,0.849,0.239,0.304,0.283,0.516,0.356,0.356,0.329,0.234,0.432,0.432,0.361,0.362,87.8,38.7,4.7,39.3,94.157285655,24.0
"Puk, A.J.",640462,2023,242,224,78,32.2,5.4,0.241,0.42,0.286,0.706,0.179,0.319,0.208,0.376,0.3,0.273,0.257,0.168,0.422,0.38,0.365,0.318,87.3,27.5,6.0,32.2,93.710062857,33.0
"Cobb, Alex",502171,2023,646,600,131,20.3,5.7,0.272,0.435,0.319,0.754,0.163,0.319,0.273,0.445,0.325,0.333,0.322,0.172,0.382,0.392,0.346,0.349,89.8,33.1,7.0,43.4,94.959257569,21.7
"Milner, Hoby",571948,2023,252,235,59,23.4,5.2,0.209,0.319,0.254,0.573,0.11,0.254,0.212,0.349,0.251,0.267,0.259,0.136,0.297,0.319,0.275,0.283,86.6,33.1,5.6,35.4,92.879613257,20.6
"Buttó, José",676130,2023,179,156,38,21.2,12.8,0.212,0.301,0.313,0.614,0.089,0.261,0.235,0.343,0.281,0.306,0.333,0.108,0.29,0.328,0.28,0.31,90.0,25.4,8.5,44.1,94.803524224,28.8
"Manning, Matt",666159,2023,316,283,50,15.8,6.6,0.212,0.375,0.274,0.649,0.163,0.216,0.262,0.502,0.281,0.353,0.322,0.24,0.294,0.389,0.252,0.316,90.9,33.5,5.9,43.9,94.692669244,18.8
"Wilson, Steven",621051,2023,219,189,57,26.0,12.3,0.185,0.354,0.297,0.651,0.169,0.224,0.179,0.347,0.289,0.284,0.291,0.169,0.324,0.316,0.265,0.256,87.2,28.8,6.1,33.3,93.07623697,26.7
"Winn, Keaton",676775,2023,172,156,35,20.3,4.7,0.231,0.417,0.288,0.705,0.186,0.259,0.236,0.428,0.304,0.317,0.296,0.192,0.348,0.366,0.295,0.306,92.4,26.8,6.5,48.0,95.599386807,30.7
"Marte, Yunior",628708,2023,182,163,38,20.9,9.3,0.288,0.46,0.357,0.817,0.172,0.342,0.255,0.424,0.354,0.33,0.329,0.169,0.411,0.378,0.373,0.332,87.1,28.6,4.8,34.1,93.524892016,25.0
"DeSclafani, Anthony",543101,2023,419,388,79,18.9,4.8,0.271,0.456,0.311,0.767,0.185,0.303,0.282,0.492,0.328,0.347,0.322,0.21,0.382,0.408,0.337,0.351,90.1,34.6,7.9,45.1,95.105318387,20.3
"Ryu, Hyun Jin",547943,2023,224,206,38,17.0,6.3,0.257,0.447,0.306,0.753,0.19,0.275,0.246,0.394,0.323,0.304,0.299,0.149,0.362,0.338,0.314,0.305,87.8,29.2,4.1,36.8,93.399926726,21.1
"Hatch, Thomas",641672,2023,129,113,26,20.2,9.3,0.292,0.425,0.362,0.787,0.133,0.36,0.26,0.4,0.341,0.32,0.334,0.14,0.393,0.363,0.375,0.334,89.9,30.3,10.1,46.1,94.512134205,29.6
"Garrett, Braxton",666129,2023,659,617,156,23.7,4.4,0.25,0.42,0.294,0.714,0.17,0.302,0.271,0.444,0.307,0.328,0.315,0.173,0.377,0.406,0.333,0.362,90.2,32.2,6.0,45.1,95.013758957,25.4
"Cabrera, Edward",665795,2023,434,363,118,27.2,15.2,0.215,0.355,0.341,0.696,0.14,0.285,0.196,0.331,0.315,0.3,0.326,0.136,0.356,0.332,0.317,0.29,87.6,24.0,4.5,35.4,93.597034733,30.9
"Sandoval, Patrick",663776,2023,652,567,128,19.6,11.3,0.256,0.374,0.344,0.718,0.118,0.309,0.256,0.403,0.318,0.331,0.347,0.147,0.345,0.365,0.328,0.332,87.6,38.0,5.6,35.1,93.456079153,27.7
"Cease, Dylan",656302,2023,784,689,214,27.3,10.1,0.25,0.405,0.332,0.737,0.155,0.331,0.238,0.386,0.321,0.314,0.324,0.148,0.397,0.385,0.358,0.345,90.0,36.8,6.9,41.6,94.355014456,31.0
"Armstrong, Shawn",542888,2023,207,191,54,26.1,5.3,0.188,0.272,0.246,0.518,0.084,0.25,0.205,0.315,0.233,0.256,0.262,0.111,0.272,0.307,0.261,0.284,87.5,33.3,8.0,33.3,93.050103478,26.3
"Banks, Tanner",621383,2023,255,232,51,20.0,6.3,0.254,0.474,0.31,0.784,0.22,0.282,0.25,0.453,0.331,0.325,0.307,0.203,0.384,0.376,0.321,0.317,90.3,35.3,6.0,37.0,94.06682612,24.8
"Santos, Gregory",666619,2023,289,267,66,22.8,5.9,0.258,0.318,0.315,0.633,0.06,0.337,0.245,0.319,0.283,0.278,0.303,0.074,0.332,0.325,0.343,0.326,88.9,32.8,4.5,34.8,93.27311196,30.0
"Lorenzen, Michael",547179,2023,624,567,111,17.8,7.5,0.243,0.399,0.302,0.701,0.156,0.268,0.253,0.443,0.304,0.325,0.311,0.191,0.335,0.364,0.3,0.312,90.0,33.9,6.3,40.2,94.295669956,21.7
"Davidson, Tucker",656353,2023,236,209,46,19.5,8.1,0.306,0.478,0.371,0.849,0.172,0.367,0.288,0.449,0.364,0.348,0.354,0.161,0.425,0.402,0.39,0.367,88.5,36.1,6.0,34.3,93.846414233,23.9
"Toussaint, Touki",657053,2023,384,310,85,22.1,14.8,0.223,0.355,0.349,0.704,0.132,0.266,0.247,0.41,0.317,0.351,0.374,0.162,0.328,0.383,0.297,0.338,89.1,34.0,5.5,39.6,94.19691645,25.2
"Fried, Max",608331,2023,311,289,80,25.7,5.8,0.242,0.343,0.29,0.633,0.101,0.31,0.215,0.316,0.279,0.258,0.265,0.101,0.345,0.314,0.333,0.296,86.5,23.7,3.8,32.7,93.124307343,27.2
"Jackson, Jay",543351,2023,116,105,27,23.3,7.8,0.171,0.314,0.243,0.557,0.143,0.189,0.215,0.387,0.239,0.284,0.283,0.172,0.275,0.34,0.231,0.289,87.0,29.1,3.8,35.4,93.151009231,30.4
"Liberatore, Matthew",669461,2023,275,241,46,16.7,9.1,0.274,0.444,0.349,0.793,0.17,0.314,0.285,0.49,0.341,0.37,0.363,0.206,0.368,0.407,0.332,0.351,90.1,35.7,6.5,42.7,94.74873697,18.7
"Loup, Aaron",571901,2023,231,208,45,19.5,8.7,0.313,0.462,0.377,0.839,0.149,0.373,0.257,0.423,0.358,0.321,0.327,0.166,0.419,0.368,0.396,0.327,87.9,39.6,6.7,37.2,93.91056354,20.8
"Covey, Dylan",592229,2023,191,170,30,15.7,8.9,0.282,0.412,0.351,0.763,0.13,0.314,0.285,0.409,0.332,0.338,0.356,0.125,0.355,0.364,0.338,0.345,87.8,31.0,3.5,37.3,93.981446496,15.9
"Luzardo, Jesús",666200,2023,741,677,208,28.1,7.4,0.239,0.409,0.301,0.71,0.17,0.312,0.23,0.416,0.307,0.307,0.293,0.186,0.393,0.394,0.344,0.331,89.5,34.7,8.9,40.0,94.421479593,31.4
"Beck, Tristan",663941,2023,354,330,68,19.2,5.9,0.252,0.388,0.3,0.688,0.136,0.29,0.241,0.4,0.298,0.298,0.29,0.16,0.343,0.344,0.317,0.303,88.1,32.3,4.9,35.7,93.428860725,23.6
"Soto, Gregory",642397,2023,250,224,65,26.0,8.8,0.21,0.335,0.284,0.619,0.125,0.265,0.196,0.305,0.274,0.259,0.272,0.109,0.322,0.299,0.292,0.273,87.4,28.6,3.7,34.8,93.412218924,34.2
"Robertson, Nick",687798,2023,106,95,26,24.5,8.5,0.316,0.526,0.371,0.897,0.21,0.403,0.261,0.417,0.375,0.326,0.327,0.157,0.482,0.41,0.429,0.363,90.4,35.7,8.6,47.1,95.070368571,29.8
"González, Victor",624647,2023,135,121,30,22.2,7.4,0.223,0.331,0.296,0.627,0.108,0.278,0.221,0.333,0.276,0.279,0.295,0.112,0.311,0.314,0.293,0.291,86.6,29.3,0.0,29.3,93.162344891,29.2
"VerHagen, Drew",572403,2023,268,230,60,22.4,9.7,0.226,0.396,0.325,0.721,0.17,0.262,0.216,0.383,0.314,0.308,0.317,0.166,0.349,0.339,0.301,0.288,88.1,30.1,5.2,36.4,93.51544564,30.6
"Woodford, Jake",663765,2023,222,194,29,13.1,9.9,0.314,0.572,0.387,0.959,0.258,0.318,0.298,0.531,0.404,0.392,0.377,0.233,0.43,0.414,0.363,0.35,92.1,35.1,8.9,49.4,95.586837108,15.8
"Gott, Trevor",641627,2023,261,236,62,23.8,7.3,0.267,0.381,0.331,0.712,0.114,0.345,0.238,0.357,0.309,0.29,0.305,0.119,0.374,0.346,0.36,0.322,88.2,33.5,8.5,36.4,93.931318439,23.2
"Barria, Jaime",642545,2023,362,328,62,17.1,8.3,0.277,0.512,0.34,0.852,0.235,0.286,0.276,0.495,0.357,0.352,0.339,0.219,0.406,0.399,0.34,0.338,87.6,34.0,5.2,34.0,93.493041124,22.9
"Phillips, Connor",683175,2023,96,82,26,27.1,13.5,0.22,0.415,0.333,0.748,0.195,0.255,0.216,0.408,0.329,0.327,0.33,0.192,0.39,0.386,0.321,0.316,89.1,33.9,5.4,41.1,94.882857143,23.0
"Garrett, Amir",607237,2023,112,90,28,25.0,17.9,0.244,0.422,0.378,0.8,0.178,0.305,0.212,0.374,0.354,0.338,0.359,0.162,0.402,0.376,0.349,0.314,90.6,31.3,10.9,42.2,95.253748525,26.4
"Chargois, JT",608638,2023,174,151,35,20.1,10.3,0.232,0.377,0.308,0.685,0.145,0.276,0.226,0.366,0.297,0.295,0.306,0.14,0.327,0.325,0.294,0.291,87.7,34.5,7.6,34.5,93.315827241,20.3
"Gipson-Long, Sawyer",687830,2023,82,74,26,31.7,9.8,0.189,0.351,0.268,0.619,0.162,0.261,0.172,0.296,0.272,0.247,0.252,0.125,0.349,0.306,0.292,0.264,86.6,39.6,4.2,27.1,92.267659167,35.0
"Smith-Shawver, AJ",700363,2023,105,93,20,19.0,10.5,0.183,0.419,0.276,0.695,0.236,0.152,0.201,0.396,0.301,0.301,0.292,0.195,0.318,0.317,0.233,0.256,90.3,30.1,6.8,35.6,93.720931507,21.8
"Poche, Colin",621363,2023,246,216,61,24.8,9.8,0.194,0.306,0.275,0.581,0.112,0.247,0.188,0.294,0.258,0.255,0.272,0.107,0.29,0.286,0.266,0.261,87.2,29.4,4.4,31.3,93.019998846,29.0
"Alcantara, Sandy",645261,2023,762,700,151,19.8,6.3,0.251,0.391,0.302,0.693,0.14,0.289,0.26,0.418,0.301,0.319,0.313,0.158,0.345,0.369,0.317,0.332,88.8,31.4,6.6,40.6,94.275894674,25.4
"Abbott, Cory",676265,2023,184,157,40,21.7,10.9,0.306,0.516,0.391,0.907,0.21,0.351,0.251,0.44,0.388,0.345,0.348,0.189,0.455,0.389,0.4,0.334,90.9,38.3,5.0,43.3,94.563149916,26.1
"Payamps, Joel",606303,2023,287,260,77,26.8,5.9,0.219,0.342,0.278,0.62,0.123,0.277,0.223,0.345,0.272,0.278,0.284,0.121,0.336,0.347,0.308,0.317,87.8,34.2,5.9,33.7,93.302298804,26.9
"Wacha, Michael",608379,2023,553,505,124,22.4,7.8,0.224,0.38,0.288,0.668,0.156,0.266,0.246,0.427,0.291,0.319,0.308,0.181,0.336,0.377,0.295,0.325,88.1,38.6,8.1,35.5,93.517212696,24.6
"Kerr, Ray",678061,2023,114,103,35,30.7,7.9,0.243,0.505,0.31,0.815,0.262,0.317,0.251,0.455,0.341,0.331,0.318,0.204,0.469,0.452,0.368,0.381,87.8,39.1,10.1,46.4,94.820858529,32.2
"Romero, JoJo",668941,2023,147,134,42,28.6,6.8,0.216,0.299,0.274,0.573,0.083,0.304,0.226,0.296,0.255,0.262,0.283,0.071,0.318,0.33,0.312,0.326,87.6,31.9,3.2,38.3,93.480358261,36.3
"Ryan, Joe",657746,2023,672,626,197,29.3,5.1,0.248,0.452,0.29,0.742,0.204,0.305,0.22,0.409,0.316,0.292,0.267,0.19,0.423,0.387,0.356,0.32,90.0,34.0,9.0,41.6,94.412337442,26.8
"Stripling, Ross",548389,2023,381,362,70,18.4,4.2,0.287,0.497,0.32,0.817,0.21,0.308,0.287,0.507,0.348,0.356,0.323,0.22,0.409,0.421,0.355,0.358,89.5,39.6,5.8,41.3,94.417360342,23.7
"Rodón, Carlos",607074,2023,286,249,64,22.4,9.8,0.261,0.498,0.34,0.838,0.237,0.287,0.25,0.478,0.357,0.352,0.335,0.228,0.419,0.412,0.344,0.336,91.6,37.6,9.0,41.8,94.827768032,26.3
"Bleier, Richard",542947,2023,132,121,16,12.1,3.8,0.306,0.479,0.346,0.825,0.173,0.317,0.27,0.452,0.352,0.33,0.318,0.182,0.381,0.355,0.349,0.314,88.6,27.8,3.7,39.8,94.60789581,17.9
"Cruz, Fernando",518585,2023,279,246,98,35.1,10.0,0.211,0.366,0.295,0.661,0.155,0.319,0.199,0.37,0.29,0.289,0.285,0.171,0.398,0.396,0.347,0.328,89.1,38.7,7.3,41.3,94.143397162,34.5
"Harvey, Hunter",640451,2023,235,217,67,28.5,5.5,0.203,0.332,0.251,0.583,0.129,0.253,0.22,0.384,0.252,0.284,0.27,0.164,0.322,0.37,0.288,0.316,89.6,32.0,7.2,41.2,94.366785592,26.3
"Taillon, Jameson",592791,2023,655,604,140,21.4,6.3,0.258,0.442,0.308,0.75,0.184,0.292,0.255,0.467,0.322,0.333,0.307,0.212,0.381,0.396,0.333,0.331,88.3,36.2,6.0,38.4,94.064186052,22.0
"Duran, Jhoan",661395,2023,255,222,84,32.9,9.8,0.207,0.324,0.298,0.622,0.117,0.301,0.182,0.289,0.271,0.251,0.276,0.107,0.361,0.324,0.331,0.292,89.2,21.1,3.5,38.0,94.47050942,35.4
"Rogers, Tyler",643511,2023,309,280,60,19.4,6.1,0.236,0.368,0.289,0.657,0.132,0.274,0.218,0.311,0.284,0.259,0.274,0.092,0.324,0.289,0.297,0.276,84.4,26.2,5.3,27.6,92.516102127,22.4
"Jackson, Andre",656578,2023,257,231,57,22.2,8.6,0.225,0.424,0.296,0.72,0.199,0.248,0.264,0.48,0.31,0.351,0.333,0.216,0.357,0.418,0.295,0.35,90.8,39.2,6.8,44.3,94.835657841,24.4
"Sheehan, Emmet",686218,2023,248,219,64,25.8,10.5,0.21,0.416,0.294,0.71,0.206,0.24,0.181,0.381,0.307,0.288,0.271,0.2,0.365,0.334,0.293,0.256,89.7,34.4,9.6,42.0,93.986124459,29.6
"Stewart, Brock",592779,2023,109,97,39,35.8,10.1,0.196,0.268,0.284,0.552,0.072,0.316,0.182,0.287,0.242,0.242,0.273,0.104,0.333,0.335,0.328,0.307,88.3,34.5,8.6,31.0,93.075705179,41.5
"Alexander, Scott",518397,2023,208,195,31,14.9,5.3,0.282,0.369,0.324,0.693,0.087,0.327,0.264,0.38,0.299,0.296,0.307,0.116,0.334,0.329,0.335,0.314,90.4,26.1,5.5,33.9,94.059816564,20.2
"Assad, Javier",665871,2023,449,402,94,20.9,9.1,0.231,0.388,0.306,0.694,0.157,0.269,0.255,0.418,0.303,0.33,0.329,0.163,0.339,0.378,0.3,0.334,87.6,31.2,5.8,41.2,94.258846091,20.8
"Swanson, Erik",657024,2023,262,240,75,28.6,8.0,0.217,0.358,0.28,0.638,0.141,0.28,0.198,0.364,0.28,0.274,0.263,0.165,0.354,0.345,0.315,0.289,89.2,31.3,10.8,40.4,94.143308232,32.6
"Perdomo, Angel",622780,2023,117,101,44,37.6,9.4,0.208,0.366,0.304,0.67,0.158,0.333,0.182,0.322,0.287,0.261,0.282,0.139,0.429,0.378,0.368,0.323,88.2,30.5,5.1,37.3,93.81288625,32.0
"Díaz, Alexis",664747,2023,286,236,86,30.1,12.6,0.186,0.28,0.317,0.597,0.094,0.27,0.19,0.297,0.279,0.288,0.322,0.107,0.309,0.327,0.289,0.298,89.8,29.2,5.2,41.6,94.261263986,34.8
"Greene, Hunter",668881,2023,498,438,152,30.5,9.6,0.253,0.477,0.337,0.814,0.224,0.342,0.213,0.389,0.349,0.303,0.301,0.176,0.465,0.386,0.385,0.324,90.1,34.1,11.7,44.1,94.826537544,30.7
"Phillips, Evan",623465,2023,234,215,66,28.2,5.6,0.177,0.302,0.233,0.535,0.125,0.222,0.224,0.357,0.232,0.275,0.277,0.133,0.29,0.356,0.253,0.321,88.2,29.6,6.6,36.8,93.584796267,29.6
"Wainwright, Adam",425794,2023,484,438,55,11.4,8.5,0.345,0.573,0.4,0.973,0.228,0.359,0.32,0.562,0.414,0.399,0.378,0.242,0.442,0.424,0.392,0.364,89.0,40.6,5.2,38.8,93.997660521,13.1
"Sborz, Josh",622250,2023,215,196,66,30.7,7.9,0.219,0.383,0.285,0.668,0.164,0.287,0.211,0.367,0.291,0.283,0.278,0.156,0.383,0.369,0.331,0.319,89.9,30.8,5.4,40.8,94.555186923,37.2
"Chafin, Andrew",605177,2023,224,195,63,28.1,12.5,0.231,0.41,0.33,0.74,0.179,0.31,0.228,0.399,0.324,0.321,0.328,0.171,0.398,0.391,0.341,0.337,86.8,38.6,6.1,32.6,93.364925462,31.8
"La Sorsa, Joe",686747,2023,145,130,28,19.3,6.2,0.246,0.354,0.324,0.678,0.108,0.293,0.27,0.377,0.304,0.324,0.346,0.107,0.328,0.357,0.314,0.345,85.7,33.3,2.0,30.4,92.374209901,22.5
"Maton, Phil",664208,2023,274,237,74,27.0,9.1,0.207,0.333,0.304,0.637,0.126,0.27,0.187,0.322,0.284,0.273,0.288,0.135,0.329,0.312,0.297,0.27,84.5,31.9,4.8,23.5,91.74159908,32.9
"France, J.P.",641585,2023,581,524,101,17.4,8.1,0.263,0.414,0.322,0.736,0.151,0.29,0.264,0.462,0.319,0.34,0.325,0.198,0.351,0.379,0.321,0.324,89.6,33.9,6.3,38.7,94.108334569,21.9
"Jansen, Kenley",445276,2023,188,169,52,27.7,9.0,0.237,0.379,0.314,0.693,0.142,0.313,0.202,0.355,0.303,0.28,0.283,0.153,0.377,0.34,0.342,0.292,89.8,29.9,7.7,35.9,93.556746609,29.0
"Alzolay, Adbert",640470,2023,253,231,67,26.5,5.1,0.225,0.333,0.278,0.611,0.108,0.29,0.242,0.374,0.269,0.295,0.295,0.132,0.33,0.37,0.311,0.338,89.4,33.3,3.6,36.9,94.263362256,28.1
"Bello, Brayan",678394,2023,668,611,132,19.8,6.7,0.27,0.453,0.324,0.777,0.183,0.307,0.25,0.414,0.334,0.316,0.308,0.164,0.386,0.362,0.341,0.319,89.5,28.0,6.4,44.3,94.760085031,24.4
"Walter, Brandon",687888,2023,106,98,16,15.1,6.6,0.327,0.49,0.377,0.867,0.163,0.367,0.269,0.419,0.375,0.324,0.324,0.151,0.416,0.351,0.39,0.321,85.9,28.0,1.2,24.4,92.356073293,16.0
"Severino, Luis",622663,2023,417,375,79,18.9,8.2,0.301,0.555,0.366,0.921,0.254,0.328,0.281,0.498,0.39,0.365,0.349,0.217,0.454,0.419,0.38,0.357,90.2,37.9,5.0,45.0,94.773724493,20.8
"Wheeler, Zack",554430,2023,787,734,212,26.9,5.0,0.229,0.364,0.274,0.638,0.135,0.292,0.227,0.356,0.277,0.278,0.274,0.129,0.35,0.352,0.319,0.318,86.9,35.1,7.4,36.4,93.267420573,28.6
"Fleming, Josh",676596,2023,221,199,25,11.3,8.6,0.281,0.467,0.339,0.806,0.186,0.28,0.292,0.468,0.342,0.354,0.351,0.177,0.356,0.371,0.316,0.331,90.7,28.8,7.9,48.6,95.259881136,18.2
"Ruiz, José",614179,2023,207,178,39,18.8,10.1,0.292,0.522,0.382,0.904,0.23,0.321,0.265,0.458,0.385,0.353,0.359,0.193,0.433,0.387,0.369,0.336,89.0,39.7,5.7,36.2,93.699931702,29.5
"Heaney, Andrew",571760,2023,641,569,151,23.6,9.4,0.251,0.439,0.332,0.771,0.188,0.302,0.234,0.432,0.335,0.327,0.318,0.198,0.394,0.382,0.34,0.318,90.1,31.4,6.0,38.6,94.263143438,26.5
"Thielbar, Caleb",573204,2023,120,113,36,30.0,5.0,0.204,0.451,0.244,0.695,0.247,0.229,0.22,0.427,0.293,0.293,0.259,0.208,0.398,0.399,0.299,0.322,88.6,37.2,6.4,35.9,93.743461948,24.1
"Stephenson, Robert",596112,2023,201,182,77,38.3,8.0,0.165,0.341,0.23,0.571,0.176,0.222,0.179,0.363,0.243,0.26,0.245,0.184,0.358,0.391,0.28,0.308,87.0,31.5,3.7,32.4,93.543032991,46.6
"Brigham, Jeff",656257,2023,160,136,42,26.3,11.3,0.191,0.419,0.306,0.725,0.228,0.198,0.212,0.424,0.317,0.329,0.325,0.212,0.363,0.384,0.274,0.305,90.0,33.7,3.2,34.7,94.070005851,27.9
"Muñoz, Andrés",662253,2023,211,184,67,31.8,10.4,0.217,0.304,0.318,0.622,0.087,0.33,0.202,0.292,0.279,0.269,0.304,0.089,0.352,0.334,0.342,0.318,88.4,29.9,7.7,35.9,94.025287863,39.4
"Suarez, Robert",663158,2023,108,97,24,22.2,9.3,0.155,0.299,0.231,0.53,0.144,0.157,0.214,0.366,0.222,0.278,0.288,0.152,0.249,0.328,0.203,0.286,88.1,25.7,2.7,36.5,93.165961757,26.2
"Shuster, Jared",694363,2023,230,201,30,13.0,11.3,0.264,0.438,0.348,0.786,0.174,0.277,0.265,0.445,0.341,0.352,0.352,0.18,0.345,0.36,0.306,0.312,89.4,34.7,9.8,38.7,94.197751607,21.6
"Hunter, Tommy",488984,2023,106,98,20,18.9,4.7,0.286,0.541,0.33,0.871,0.255,0.301,0.248,0.525,0.367,0.345,0.296,0.276,0.43,0.401,0.354,0.309,88.6,34.2,8.9,43.0,94.453676203,18.0
"Garcia, Robert",676395,2023,127,111,33,26.0,9.4,0.234,0.333,0.306,0.639,0.099,0.303,0.241,0.362,0.279,0.293,0.312,0.122,0.342,0.364,0.329,0.338,85.1,29.6,4.9,30.9,93.082525769,24.3
"Contreras, Roansy",672710,2023,302,266,55,18.2,10.6,0.282,0.466,0.36,0.826,0.184,0.318,0.274,0.456,0.357,0.354,0.355,0.182,0.398,0.393,0.354,0.346,90.5,37.9,6.5,44.9,94.964421934,26.5
"Moore, Matt",519043,2023,218,198,60,27.5,6.9,0.232,0.399,0.295,0.694,0.167,0.295,0.212,0.372,0.296,0.282,0.278,0.16,0.379,0.359,0.331,0.306,88.4,32.1,5.0,36.7,93.347734296,28.2
"Willingham, Amos",686294,2023,116,104,15,12.9,7.8,0.337,0.625,0.388,1.013,0.288,0.325,0.304,0.584,0.418,0.394,0.361,0.28,0.462,0.432,0.385,0.351,92.5,36.3,9.9,52.7,95.52668956,21.3
"Kuhl, Chad",641771,2023,187,150,31,16.6,15.0,0.313,0.567,0.419,0.986,0.254,0.336,0.306,0.604,0.412,0.43,0.418,0.299,0.447,0.474,0.379,0.377,92.2,44.0,14.4,50.4,95.868107903,26.6
"Soriano, George",666277,2023,228,197,52,22.8,10.1,0.234,0.371,0.326,0.697,0.137,0.284,0.247,0.407,0.308,0.328,0.339,0.16,0.344,0.375,0.313,0.333,89.9,34.5,6.1,38.5,94.351616395,28.8
"Topa, Justin",623437,2023,279,254,61,21.9,6.5,0.24,0.327,0.295,0.622,0.087,0.297,0.23,0.325,0.269,0.271,0.29,0.095,0.316,0.319,0.311,0.305,87.5,26.9,4.1,36.5,93.637479789,19.5
"Ortiz, Luis",682847,2023,400,344,59,14.8,12.0,0.288,0.448,0.372,0.82,0.16,0.309,0.296,0.529,0.356,0.388,0.38,0.234,0.37,0.414,0.34,0.351,92.4,31.6,8.2,49.1,95.88325434,22.6
"Marinaccio, Ron",676760,2023,205,168,56,27.3,13.2,0.208,0.357,0.34,0.697,0.149,0.271,0.199,0.372,0.315,0.322,0.335,0.173,0.355,0.368,0.31,0.301,88.6,42.1,7.9,36.8,94.551514909,28.2
"Keller, Brad",641745,2023,211,162,31,14.7,21.3,0.259,0.364,0.427,0.791,0.105,0.302,0.23,0.388,0.364,0.363,0.405,0.158,0.328,0.326,0.318,0.283,89.2,30.3,1.5,36.4,93.496134167,22.8
"Jax, Griffin",643377,2023,274,250,68,24.8,6.9,0.232,0.344,0.297,0.641,0.112,0.299,0.212,0.315,0.283,0.265,0.279,0.102,0.337,0.311,0.319,0.292,86.8,29.0,4.9,33.3,93.195495722,26.6
"Irvin, Jake",663623,2023,530,462,99,18.7,10.2,0.255,0.431,0.34,0.771,0.176,0.281,0.254,0.45,0.335,0.344,0.341,0.196,0.363,0.377,0.32,0.322,90.4,33.1,5.7,39.6,94.671824251,17.9
"Gonzales, Marco",594835,2023,215,195,34,15.8,8.4,0.282,0.431,0.34,0.771,0.149,0.316,0.285,0.445,0.334,0.349,0.35,0.16,0.363,0.383,0.337,0.351,89.7,37.4,3.7,36.8,93.984348,20.1
"Skubal, Tarik",669373,2023,310,292,102,32.9,4.5,0.199,0.298,0.242,0.54,0.099,0.289,0.194,0.293,0.238,0.237,0.239,0.099,0.323,0.322,0.304,0.299,88.5,24.6,6.3,40.3,94.322965106,31.3
"López, Jorge",605347,2023,266,231,49,18.4,8.3,0.29,0.511,0.366,0.877,0.221,0.316,0.281,0.454,0.37,0.352,0.361,0.173,0.419,0.394,0.36,0.353,90.9,36.9,5.3,45.5,94.963574486,23.2
"Leclerc, José",600917,2023,233,202,67,28.8,12.0,0.183,0.292,0.288,0.58,0.109,0.244,0.183,0.336,0.261,0.277,0.287,0.154,0.3,0.326,0.272,0.272,85.9,29.4,6.6,32.4,92.838483824,35.6
"Winder, Josh",680739,2023,147,131,28,19.0,9.5,0.267,0.435,0.333,0.768,0.168,0.314,0.246,0.447,0.331,0.336,0.32,0.2,0.37,0.377,0.333,0.314,91.0,32.4,7.6,43.8,95.218280857,20.3
"Miller, Bryce",682243,2023,537,501,119,22.2,4.8,0.248,0.427,0.293,0.72,0.179,0.29,0.264,0.473,0.309,0.337,0.31,0.209,0.371,0.409,0.323,0.347,90.7,38.7,6.8,42.1,94.75094644,24.3
"Suarez, José",660761,2023,165,142,28,17.0,12.1,0.324,0.592,0.409,1.001,0.268,0.343,0.269,0.503,0.421,0.369,0.361,0.234,0.476,0.402,0.4,0.333,88.7,34.5,7.8,39.7,93.966659027,28.5
"Lynn, Lance",458681,2023,808,729,191,23.6,8.3,0.259,0.484,0.328,0.812,0.225,0.292,0.247,0.461,0.347,0.336,0.318,0.214,0.421,0.404,0.35,0.335,88.7,35.2,5.9,39.3,94.313936189,28.8
"Williamson, Brandon",682227,2023,491,447,98,20.0,7.9,0.248,0.432,0.311,0.743,0.184,0.28,0.26,0.449,0.321,0.334,0.322,0.189,0.366,0.385,0.317,0.333,90.1,35.8,7.1,41.2,94.384521379,22.1
"Rodriguez, Grayson",680570,2023,515,467,129,25.0,8.2,0.259,0.418,0.321,0.739,0.159,0.323,0.251,0.411,0.32,0.317,0.315,0.16,0.393,0.388,0.355,0.346,89.8,33.4,7.6,43.7,94.422562845,26.3
"Clarke, Taylor",664199,2023,266,234,65,24.4,9.0,0.303,0.513,0.371,0.884,0.21,0.369,0.246,0.474,0.376,0.344,0.325,0.228,0.47,0.421,0.413,0.342,89.6,36.4,4.6,41.6,94.730639942,27.7
"Sale, Chris",519242,2023,425,384,125,29.4,6.8,0.227,0.417,0.292,0.709,0.19,0.291,0.208,0.387,0.306,0.296,0.28,0.179,0.396,0.38,0.332,0.312,87.9,33.5,9.5,34.6,93.229958533,29.7
"Pérez, Eury",691587,2023,374,337,108,28.9,8.3,0.214,0.424,0.282,0.706,0.21,0.264,0.205,0.401,0.303,0.295,0.276,0.196,0.388,0.375,0.312,0.301,89.8,36.1,9.0,40.3,94.443128282,33.7
"Hill, Rich",448179,2023,660,587,129,19.5,8.8,0.281,0.487,0.351,0.838,0.206,0.323,0.275,0.479,0.359,0.357,0.347,0.204,0.411,0.409,0.357,0.352,89.4,37.3,6.7,39.9,94.135267838,19.3
"Pfaadt, Brandon",694297,2023,421,386,94,22.3,6.2,0.282,0.534,0.329,0.863,0.252,0.316,0.249,0.463,0.362,0.326,0.299,0.215,0.444,0.392,0.367,0.326,90.1,37.2,5.7,44.0,94.728173805,25.0
"Muller, Kyle",666205,2023,372,324,56,15.1,10.5,0.346,0.568,0.416,0.984,0.222,0.375,0.31,0.548,0.417,0.401,0.388,0.237,0.461,0.439,0.412,0.373,92.1,35.4,8.4,49.6,95.88538107,21.2
"Adam, Jason",592094,2023,222,193,69,31.1,9.0,0.181,0.342,0.288,0.63,0.161,0.239,0.215,0.407,0.283,0.32,0.317,0.192,0.341,0.408,0.282,0.334,87.2,30.6,7.3,39.5,93.949121626,34.4
"Cecconi, Slade",677944,2023,111,104,20,18.0,3.6,0.26,0.471,0.297,0.768,0.211,0.284,0.257,0.495,0.325,0.335,0.295,0.239,0.375,0.388,0.318,0.315,91.0,35.3,5.9,47.1,94.965638929,18.3
"Harris, Hogan",663687,2023,284,249,56,19.7,9.9,0.269,0.47,0.348,0.818,0.201,0.308,0.252,0.468,0.352,0.345,0.333,0.217,0.398,0.389,0.344,0.322,90.0,35.2,10.2,44.9,94.822451503,23.1
"Darvish, Yu",506433,2023,573,517,141,24.6,7.3,0.259,0.42,0.321,0.741,0.161,0.319,0.239,0.378,0.321,0.302,0.305,0.139,0.39,0.361,0.351,0.327,88.4,33.0,5.0,38.2,93.949118786,25.1
"Yates, Kirby",489446,2023,254,210,80,31.5,14.6,0.167,0.314,0.304,0.618,0.147,0.213,0.203,0.393,0.282,0.327,0.337,0.19,0.324,0.41,0.267,0.329,90.6,34.8,6.8,40.2,94.286388295,30.8
"Beeks, Jalen",656222,2023,192,167,47,24.5,10.9,0.251,0.383,0.335,0.718,0.132,0.322,0.209,0.334,0.317,0.293,0.302,0.125,0.37,0.333,0.344,0.293,88.3,32.5,6.5,35.0,93.43205,31.0
"Ferguson, Caleb",657571,2023,270,238,70,25.9,8.5,0.269,0.366,0.352,0.718,0.097,0.364,0.246,0.334,0.321,0.303,0.332,0.088,0.384,0.354,0.379,0.347,89.3,29.6,4.7,39.1,94.030250667,26.1
"Waldichuk, Ken",686610,2023,639,550,132,20.7,11.1,0.271,0.48,0.36,0.84,0.209,0.313,0.239,0.423,0.361,0.332,0.334,0.183,0.41,0.367,0.351,0.313,88.3,34.7,7.3,38.5,93.79839827,25.1
"Ragans, Cole",666142,2023,392,346,113,28.8,10.5,0.202,0.303,0.288,0.591,0.101,0.275,0.21,0.333,0.266,0.283,0.297,0.124,0.316,0.346,0.297,0.311,87.8,31.8,5.5,36.9,93.330060519,31.0
"Boyd, Matthew",571510,2023,303,276,73,24.1,8.3,0.25,0.424,0.317,0.741,0.174,0.302,0.239,0.419,0.322,0.316,0.307,0.179,0.387,0.378,0.34,0.326,89.3,32.5,6.9,36.0,93.784884876,30.8
"Young, Alex",622065,2023,236,214,50,21.2,8.5,0.248,0.435,0.315,0.75,0.187,0.279,0.244,0.402,0.324,0.313,0.312,0.158,0.375,0.36,0.323,0.319,90.2,28.5,6.1,44.2,94.585088125,30.3
"White, Brendan",686839,2023,177,155,44,24.9,8.5,0.258,0.387,0.341,0.728,0.129,0.333,0.247,0.402,0.322,0.326,0.335,0.155,0.381,0.39,0.357,0.348,90.3,33.6,7.1,41.7,94.842112925,29.2
"Wantz, Andrew",681806,2023,160,142,33,20.6,9.4,0.197,0.352,0.275,0.627,0.155,0.224,0.238,0.399,0.272,0.312,0.313,0.161,0.295,0.352,0.252,0.307,85.1,28.8,5.4,31.5,93.090521532,26.3
"Abreu, Bryan",650556,2023,287,248,100,34.8,10.8,0.177,0.286,0.274,0.56,0.109,0.262,0.191,0.339,0.255,0.28,0.286,0.149,0.323,0.37,0.291,0.315,89.9,36.6,4.6,34.0,93.964533377,39.8
"Marsh, Alec",679525,2023,342,290,85,24.9,11.4,0.266,0.524,0.369,0.893,0.258,0.321,0.254,0.495,0.381,0.369,0.36,0.24,0.463,0.445,0.374,0.36,89.7,40.4,10.1,41.8,94.346829314,29.6
"Hudson, Dakota",641712,2023,354,311,45,12.7,9.6,0.283,0.441,0.363,0.804,0.158,0.305,0.286,0.49,0.35,0.371,0.366,0.205,0.357,0.384,0.328,0.333,90.5,30.9,6.7,45.4,95.239867537,20.2
"Rasmussen, Drew",656876,2023,177,163,47,26.6,6.2,0.221,0.294,0.273,0.567,0.073,0.296,0.225,0.321,0.253,0.265,0.276,0.096,0.309,0.327,0.308,0.313,87.3,29.7,3.4,32.2,92.998889741,23.7
"Falter, Bailey",663559,2023,347,326,60,17.3,5.8,0.288,0.503,0.329,0.832,0.215,0.308,0.276,0.472,0.354,0.339,0.318,0.196,0.408,0.389,0.352,0.338,89.6,34.1,4.5,39.3,94.357570992,18.3
"Megill, Trevor",656730,2023,148,132,52,35.1,8.1,0.265,0.386,0.324,0.71,0.121,0.407,0.209,0.337,0.309,0.275,0.278,0.128,0.442,0.382,0.422,0.339,90.7,43.4,10.8,38.6,94.418573415,32.5
"Stephan, Trevor",663986,2023,294,257,75,25.5,8.8,0.245,0.389,0.323,0.712,0.144,0.318,0.237,0.415,0.311,0.325,0.32,0.178,0.374,0.396,0.341,0.336,89.1,34.0,6.9,38.3,94.214192162,30.6
"Miller, Mason",695243,2023,139,118,38,27.3,11.5,0.203,0.305,0.309,0.614,0.102,0.275,0.185,0.311,0.28,0.279,0.299,0.126,0.312,0.311,0.293,0.275,89.2,35.4,7.3,34.1,93.005963086,26.2
"Kopech, Michael",656629,2023,591,483,134,22.7,15.4,0.238,0.47,0.368,0.838,0.232,0.265,0.236,0.457,0.363,0.363,0.368,0.221,0.404,0.403,0.325,0.325,90.3,31.6,6.8,42.4,94.720039517,26.9
"Faedo, Alex",656412,2023,262,240,58,22.1,7.6,0.2,0.404,0.263,0.667,0.204,0.211,0.222,0.419,0.287,0.303,0.283,0.197,0.331,0.354,0.262,0.291,88.8,34.4,7.1,33.9,93.849851923,23.5
"Bard, Daniel",453268,2023,232,170,47,20.3,21.1,0.206,0.371,0.397,0.768,0.165,0.244,0.222,0.421,0.345,0.372,0.414,0.198,0.321,0.37,0.273,0.305,87.1,30.5,5.5,31.3,93.296090859,21.7
"Graterol, Brusdar",660813,2023,257,240,48,18.7,4.7,0.221,0.296,0.262,0.558,0.075,0.262,0.243,0.335,0.245,0.275,0.284,0.092,0.275,0.315,0.273,0.303,87.0,24.2,1.5,32.5,93.158832328,16.6
"Schreiber, John",670167,2023,204,173,53,26.0,12.3,0.237,0.399,0.343,0.742,0.162,0.302,0.22,0.366,0.324,0.312,0.333,0.147,0.381,0.363,0.336,0.319,89.3,32.8,7.4,39.3,94.188102966,24.5
"Vines, Darius",670241,2023,84,74,14,16.7,8.3,0.203,0.419,0.274,0.693,0.216,0.203,0.217,0.417,0.294,0.307,0.29,0.201,0.307,0.326,0.242,0.264,86.7,30.6,4.8,30.6,92.952157903,25.0
"Yarbrough, Ryan",642232,2023,376,354,67,17.8,3.5,0.271,0.421,0.311,0.732,0.15,0.302,0.266,0.44,0.317,0.322,0.306,0.174,0.362,0.369,0.333,0.326,85.4,32.6,4.5,29.2,92.76774338,22.8
"Kelly, Kevin",687330,2023,276,251,56,20.3,5.4,0.211,0.307,0.283,0.59,0.096,0.264,0.23,0.339,0.264,0.284,0.3,0.109,0.285,0.313,0.272,0.296,87.0,32.3,6.7,32.8,93.190395846,22.2
"Almonte, Yency",622075,2023,207,180,49,23.7,11.1,0.239,0.372,0.338,0.71,0.133,0.296,0.247,0.382,0.314,0.322,0.345,0.136,0.358,0.37,0.328,0.339,87.7,34.4,4.6,31.3,93.181284846,30.5
"Anderson, Nick",623433,2023,141,131,36,25.5,6.4,0.229,0.366,0.277,0.643,0.137,0.29,0.231,0.402,0.279,0.293,0.279,0.17,0.345,0.367,0.313,0.317,90.8,33.3,5.2,41.7,94.446942105,27.8
"Holton, Tyler",663947,2023,324,303,74,22.8,5.6,0.185,0.304,0.232,0.536,0.119,0.213,0.235,0.391,0.234,0.29,0.279,0.156,0.273,0.351,0.243,0.31,86.1,35.5,4.3,32.5,93.193423684,26.8
"Shreve, Chasen",592741,2023,193,173,45,23.3,7.3,0.266,0.445,0.318,0.763,0.179,0.312,0.244,0.422,0.325,0.315,0.303,0.178,0.394,0.38,0.348,0.327,88.3,30.8,3.0,38.2,93.683012077,28.5
"King, John",667463,2023,157,145,20,12.7,6.4,0.31,0.393,0.353,0.746,0.083,0.347,0.281,0.405,0.327,0.324,0.327,0.124,0.35,0.346,0.357,0.326,87.8,22.8,1.6,37.0,93.704773306,21.8
"Snider, Collin",676092,2023,95,81,11,11.6,13.7,0.296,0.469,0.389,0.858,0.173,0.309,0.28,0.431,0.373,0.355,0.376,0.151,0.371,0.348,0.338,0.32,86.6,31.0,4.2,28.2,92.463362143,17.7
"Avila, Pedro",658648,2023,220,187,54,24.5,11.4,0.23,0.337,0.335,0.672,0.107,0.305,0.235,0.346,0.304,0.311,0.339,0.112,0.338,0.349,0.321,0.328,88.5,26.5,5.1,41.9,94.493011298,28.9
"Cordero, Jimmy",622772,2023,132,120,34,25.8,7.6,0.208,0.317,0.28,0.597,0.109,0.274,0.234,0.347,0.267,0.291,0.304,0.113,0.312,0.348,0.291,0.327,88.5,36.0,5.8,38.4,93.868387558,24.5
"Mlodzinski, Carmen",669387,2023,152,131,34,22.4,11.8,0.214,0.313,0.309,0.622,0.099,0.26,0.239,0.361,0.279,0.309,0.332,0.122,0.298,0.344,0.283,0.318,88.7,35.4,7.1,41.4,94.159690808,21.4
"Houser, Adrian",605288,2023,481,443,96,20.0,7.1,0.273,0.406,0.324,0.73,0.133,0.32,0.258,0.416,0.318,0.316,0.311,0.158,0.367,0.365,0.346,0.328,90.5,30.9,6.0,46.3,94.913925072,18.7
"Bradish, Kyle",680694,2023,671,615,168,25.0,6.6,0.215,0.33,0.275,0.605,0.115,0.271,0.235,0.39,0.268,0.3,0.295,0.155,0.318,0.366,0.294,0.324,90.0,33.3,5.6,42.0,94.268400156,26.0
"Abbott, Andrew",671096,2023,459,409,120,26.1,9.6,0.244,0.425,0.316,0.741,0.181,0.302,0.223,0.399,0.32,0.306,0.299,0.176,0.393,0.371,0.34,0.313,91.2,36.7,9.9,42.5,94.483927172,25.6
"Glasnow, Tyler",607192,2023,485,444,162,33.4,7.6,0.209,0.347,0.27,0.617,0.138,0.294,0.213,0.397,0.27,0.292,0.275,0.184,0.367,0.406,0.326,0.336,90.4,33.3,6.3,44.6,95.026014982,35.4
"Middleton, Keynan",641871,2023,212,187,64,30.2,10.8,0.214,0.364,0.303,0.667,0.15,0.278,0.212,0.363,0.296,0.298,0.302,0.151,0.372,0.375,0.325,0.323,85.3,25.0,4.0,31.5,92.84698281,36.0
"Webb, Logan",657277,2023,850,811,194,22.8,3.6,0.248,0.374,0.28,0.654,0.126,0.303,0.251,0.397,0.283,0.295,0.283,0.146,0.348,0.365,0.326,0.33,90.7,28.4,4.2,46.0,95.252167361,20.8
"Mikolas, Miles",571945,2023,860,802,137,15.9,4.5,0.282,0.454,0.319,0.773,0.172,0.309,0.286,0.506,0.33,0.355,0.325,0.22,0.372,0.403,0.336,0.344,90.4,38.9,8.6,43.0,94.593177009,16.7
"Herget, Jimmy",623474,2023,127,117,26,20.5,6.3,0.282,0.547,0.339,0.886,0.265,0.31,0.246,0.465,0.367,0.322,0.305,0.219,0.446,0.384,0.363,0.316,89.3,45.1,13.2,38.5,94.155218462,20.4
"Freeland, Kyle",607536,2023,677,624,94,13.9,6.2,0.3,0.506,0.342,0.848,0.206,0.312,0.29,0.52,0.36,0.364,0.335,0.23,0.396,0.402,0.349,0.34,90.2,35.0,8.7,43.5,94.648559793,17.2
"Oviedo, Johan",670912,2023,781,678,158,20.2,10.6,0.237,0.397,0.33,0.727,0.16,0.281,0.245,0.407,0.319,0.33,0.339,0.162,0.347,0.362,0.307,0.32,88.6,32.2,6.5,40.2,94.173687869,26.0
"Musgrove, Joe",605397,2023,399,365,97,24.3,5.3,0.247,0.375,0.301,0.676,0.128,0.305,0.223,0.345,0.295,0.275,0.279,0.123,0.356,0.327,0.331,0.299,87.5,32.4,5.5,33.5,93.134513137,26.0
"Criswell, Cooper",681867,2023,151,135,27,17.9,7.3,0.296,0.496,0.364,0.86,0.2,0.33,0.277,0.447,0.368,0.348,0.35,0.17,0.415,0.388,0.367,0.347,87.1,38.5,4.6,33.0,93.325528889,18.1
"Lambert, Jimmy",669424,2023,172,150,41,23.8,11.6,0.273,0.56,0.363,0.923,0.287,0.313,0.27,0.497,0.385,0.363,0.36,0.227,0.478,0.445,0.376,0.372,91.1,40.0,6.4,46.4,95.85720963,27.1
"Castillo, Max",666721,2023,89,75,10,11.2,10.1,0.267,0.427,0.364,0.791,0.16,0.281,0.305,0.448,0.342,0.369,0.397,0.143,0.334,0.37,0.303,0.347,88.4,29.9,0.0,40.3,94.361611818,16.2
"Lambert, Peter",663567,2023,375,341,71,18.9,7.5,0.273,0.534,0.336,0.87,0.261,0.296,0.262,0.506,0.367,0.355,0.326,0.245,0.423,0.406,0.343,0.329,90.8,32.1,7.4,45.8,94.866375646,21.6
"Henry, Tommy",674072,2023,381,342,64,16.8,9.2,0.251,0.418,0.328,0.746,0.167,0.278,0.244,0.414,0.324,0.321,0.321,0.17,0.348,0.344,0.309,0.3,87.9,33.8,5.0,32.4,93.325474819,22.3
"Merryweather, Julian",657240,2023,303,265,98,32.3,11.9,0.219,0.332,0.314,0.646,0.113,0.313,0.21,0.35,0.291,0.298,0.308,0.141,0.371,0.385,0.345,0.337,89.8,32.1,4.2,40.5,94.791822866,35.1
"Cosgrove, Tom",676680,2023,205,179,44,21.5,9.3,0.173,0.246,0.27,0.516,0.073,0.211,0.185,0.27,0.238,0.255,0.282,0.086,0.236,0.261,0.228,0.245,83.9,24.8,0.0,25.5,92.164938872,24.9
"Scherzer, Max",453286,2023,621,570,174,28.0,7.2,0.221,0.407,0.282,0.689,0.186,0.265,0.203,0.384,0.298,0.283,0.266,0.181,0.378,0.356,0.317,0.292,88.5,32.2,7.8,36.9,93.790833646,28.6
"Stratton, Chris",608717,2023,338,304,81,24.0,7.4,0.227,0.368,0.285,0.653,0.141,0.276,0.222,0.392,0.283,0.296,0.284,0.17,0.335,0.353,0.301,0.3,89.7,30.4,7.0,39.1,93.99139141,22.0
"Devenski, Chris",606965,2023,173,157,42,24.3,6.4,0.229,0.382,0.279,0.661,0.153,0.268,0.249,0.454,0.283,0.326,0.302,0.205,0.344,0.407,0.305,0.339,90.3,31.1,3.4,42.9,94.765837692,29.3
"Gibaut, Ian",664139,2023,318,282,69,21.7,8.8,0.245,0.365,0.32,0.685,0.12,0.295,0.233,0.367,0.298,0.297,0.312,0.135,0.342,0.34,0.321,0.309,86.7,34.3,4.6,31.9,92.92461385,25.5
"Junis, Jakob",596001,2023,367,335,96,26.2,5.7,0.269,0.451,0.318,0.769,0.182,0.338,0.238,0.404,0.328,0.3,0.291,0.166,0.419,0.378,0.37,0.33,88.5,32.9,6.2,35.4,93.956878724,27.3
"Bido, Osvaldo",674370,2023,236,204,48,20.3,8.9,0.27,0.377,0.356,0.733,0.107,0.329,0.272,0.383,0.326,0.334,0.36,0.111,0.356,0.367,0.346,0.353,87.5,37.1,5.0,37.1,93.273107134,22.7
"Davies, Zach",605200,2023,377,332,72,19.1,10.3,0.295,0.461,0.37,0.831,0.166,0.348,0.28,0.457,0.36,0.355,0.358,0.177,0.405,0.399,0.373,0.356,89.7,35.2,5.3,42.4,94.848384733,22.0
"Stanek, Ryne",592773,2023,213,190,51,23.9,9.9,0.221,0.389,0.3,0.689,0.168,0.258,0.218,0.407,0.3,0.31,0.3,0.189,0.349,0.364,0.3,0.299,90.1,32.9,11.4,44.3,94.168075429,30.7
"Cisnero, José",542585,2023,267,233,70,26.2,9.4,0.27,0.446,0.351,0.797,0.176,0.342,0.247,0.432,0.344,0.332,0.332,0.185,0.429,0.41,0.382,0.352,90.1,31.9,7.2,44.6,95.094546098,25.3
"Cano, Yennier",666974,2023,283,266,65,23.0,4.6,0.226,0.331,0.27,0.601,0.105,0.284,0.243,0.359,0.261,0.282,0.286,0.116,0.315,0.345,0.299,0.323,88.4,30.2,5.9,38.1,94.291122792,25.5
"Fairbanks, Pete",664126,2023,184,159,68,37.0,10.9,0.164,0.233,0.273,0.506,0.069,0.261,0.174,0.259,0.24,0.253,0.283,0.084,0.297,0.324,0.286,0.305,85.7,27.2,4.3,35.9,93.760373889,30.7
"Thompson, Ryan",657044,2023,121,108,21,17.4,6.6,0.185,0.324,0.267,0.591,0.139,0.202,0.197,0.349,0.264,0.279,0.277,0.152,0.266,0.288,0.23,0.245,86.9,17.0,3.4,34.1,93.446035412,17.8
"Raley, Brooks",548384,2023,236,203,61,25.8,10.6,0.217,0.33,0.319,0.649,0.113,0.288,0.209,0.327,0.289,0.286,0.313,0.118,0.331,0.327,0.308,0.297,85.8,31.3,4.9,29.2,92.883279155,29.3
"Kimbrel, Craig",518886,2023,278,243,94,33.8,10.1,0.181,0.337,0.273,0.61,0.156,0.239,0.186,0.339,0.269,0.28,0.283,0.153,0.348,0.367,0.289,0.307,90.1,40.1,8.6,46.7,94.404822434,33.1
"Winans, Allan",642216,2023,141,129,34,24.1,5.7,0.287,0.481,0.333,0.814,0.194,0.348,0.26,0.417,0.344,0.318,0.313,0.157,0.431,0.394,0.381,0.353,89.3,36.1,8.2,39.2,93.888441959,25.2
"Suárez, Andrew",605498,2023,130,115,17,13.1,11.5,0.287,0.557,0.369,0.926,0.27,0.286,0.273,0.493,0.392,0.366,0.357,0.22,0.414,0.379,0.337,0.32,90.4,29.6,4.1,41.8,94.945976939,19.4
"Lawrence, Casey",596271,2023,122,107,20,16.4,8.2,0.299,0.589,0.364,0.953,0.29,0.305,0.236,0.458,0.393,0.321,0.308,0.222,0.446,0.351,0.36,0.284,88.1,32.2,10.0,37.8,93.45089236,21.4
"Gray, Jon",592351,2023,656,582,142,21.6,8.2,0.256,0.4,0.325,0.725,0.144,0.299,0.256,0.419,0.317,0.325,0.327,0.163,0.364,0.377,0.333,0.336,89.4,35.5,5.3,39.5,94.126791486,26.4
"Woo, Bryan",693433,2023,371,331,93,25.1,8.4,0.227,0.393,0.305,0.698,0.166,0.274,0.217,0.352,0.305,0.289,0.297,0.136,0.362,0.338,0.314,0.301,87.4,32.5,6.7,33.8,93.342257722,28.1
"Varland, Louis",686973,2023,283,262,71,25.1,6.0,0.252,0.492,0.299,0.791,0.24,0.284,0.246,0.479,0.335,0.33,0.295,0.233,0.424,0.418,0.344,0.338,91.0,32.0,6.7,43.8,94.965145521,25.9
"Pallante, Andre",669467,2023,302,266,43,14.2,9.9,0.286,0.414,0.362,0.776,0.128,0.32,0.255,0.356,0.341,0.312,0.336,0.101,0.354,0.315,0.338,0.302,89.0,19.5,4.4,41.6,94.411945179,18.2
"Murphy, Chris",669684,2023,212,190,49,23.1,8.0,0.263,0.416,0.324,0.74,0.153,0.326,0.233,0.366,0.321,0.296,0.299,0.133,0.383,0.348,0.35,0.313,87.1,34.5,2.8,33.1,92.992926809,22.6
"Finnegan, Kyle",640448,2023,288,260,63,21.9,8.3,0.254,0.423,0.318,0.741,0.169,0.294,0.26,0.442,0.32,0.33,0.324,0.182,0.377,0.391,0.333,0.341,92.2,34.0,7.0,47.5,95.998433351,24.8
"Martin, Chris",455119,2023,199,190,46,23.1,4.0,0.237,0.3,0.266,0.566,0.063,0.301,0.263,0.348,0.243,0.279,0.295,0.086,0.304,0.353,0.31,0.35,84.5,35.9,3.4,31.0,92.712566434,23.3
"Doval, Camilo",666808,2023,281,244,87,31.0,9.3,0.209,0.287,0.304,0.591,0.078,0.308,0.201,0.306,0.262,0.266,0.297,0.104,0.327,0.335,0.321,0.31,88.9,26.9,6.3,41.3,94.413793228,33.3
"Lugo, Seth",607625,2023,604,563,140,23.2,6.0,0.249,0.412,0.296,0.708,0.163,0.298,0.256,0.447,0.306,0.323,0.304,0.191,0.37,0.395,0.329,0.34,90.7,34.6,7.5,44.2,94.837821229,21.9
"Kershaw, Clayton",477132,2023,523,479,137,26.2,7.6,0.209,0.367,0.273,0.64,0.158,0.25,0.228,0.393,0.28,0.298,0.291,0.166,0.339,0.368,0.292,0.318,89.0,34.7,5.5,39.1,94.209900469,28.1
"Strider, Spencer",675911,2023,763,696,281,36.8,7.6,0.21,0.355,0.279,0.634,0.145,0.316,0.202,0.347,0.279,0.273,0.272,0.146,0.4,0.39,0.352,0.338,88.5,40.2,8.2,36.1,93.784333768,38.6
"Jarvis, Bryce",686826,2023,92,82,12,13.0,9.8,0.171,0.305,0.25,0.555,0.134,0.162,0.271,0.489,0.246,0.356,0.34,0.218,0.231,0.373,0.197,0.313,90.2,33.8,7.0,45.1,94.949333571,18.2
"Barlow, Scott",605130,2023,299,252,79,26.4,11.4,0.242,0.337,0.337,0.674,0.095,0.326,0.233,0.341,0.299,0.3,0.331,0.108,0.35,0.352,0.341,0.332,85.5,39.2,7.2,29.8,92.647788983,31.2
"Pérez, Martín",527048,2023,608,547,93,15.3,8.1,0.274,0.441,0.336,0.777,0.167,0.295,0.267,0.446,0.335,0.336,0.33,0.179,0.362,0.364,0.327,0.32,89.0,33.1,4.8,37.2,93.950532389,17.5
"Estévez, Carlos",608032,2023,281,244,78,27.8,11.0,0.254,0.381,0.35,0.731,0.127,0.346,0.232,0.385,0.32,0.312,0.331,0.153,0.399,0.386,0.373,0.341,90.4,33.5,10.2,44.3,94.71135103,27.5
"Law, Derek",571882,2023,240,209,45,18.8,10.8,0.239,0.364,0.332,0.696,0.125,0.278,0.263,0.397,0.311,0.334,0.353,0.134,0.327,0.361,0.305,0.336,87.0,38.0,5.4,32.5,92.89302625,27.1
"Gore, MacKenzie",669022,2023,582,519,151,25.9,9.8,0.258,0.459,0.33,0.789,0.201,0.31,0.256,0.476,0.339,0.347,0.33,0.22,0.421,0.434,0.36,0.359,89.9,35.1,6.7,43.7,94.967012446,27.9
"Irvin, Cole",608344,2023,336,305,68,20.2,6.3,0.256,0.42,0.315,0.735,0.164,0.293,0.276,0.491,0.318,0.356,0.336,0.216,0.364,0.417,0.325,0.354,88.5,39.6,9.6,34.6,93.945420633,20.8
"Turnbull, Spencer",605513,2023,145,127,24,16.6,10.3,0.291,0.488,0.379,0.867,0.197,0.327,0.284,0.479,0.376,0.372,0.373,0.195,0.407,0.401,0.359,0.351,88.4,35.9,3.9,36.9,93.969568515,21.9
"Rucker, Michael",621074,2023,176,152,40,22.7,10.8,0.257,0.434,0.347,0.781,0.177,0.306,0.237,0.397,0.339,0.324,0.332,0.161,0.389,0.365,0.342,0.32,91.6,32.5,5.3,49.1,95.494645614,27.7
"Baumann, Mike",657508,2023,273,235,61,22.3,12.1,0.221,0.37,0.32,0.69,0.149,0.266,0.253,0.462,0.303,0.351,0.349,0.209,0.334,0.407,0.295,0.341,91.3,31.6,6.8,45.8,95.141209143,25.0
"Smeltzer, Devin",656970,2023,100,92,16,16.0,4.0,0.315,0.609,0.37,0.979,0.294,0.319,0.304,0.613,0.413,0.409,0.36,0.309,0.469,0.464,0.382,0.368,90.9,40.8,11.8,47.4,95.116525,19.3
"Fujinami, Shintaro",660261,2023,357,302,83,23.2,12.6,0.242,0.404,0.35,0.754,0.162,0.3,0.237,0.411,0.332,0.334,0.347,0.175,0.371,0.375,0.329,0.323,90.4,33.3,8.6,44.6,94.937518281,30.1
"Kirby, George",669923,2023,757,727,172,22.7,2.5,0.246,0.395,0.27,0.665,0.149,0.293,0.258,0.427,0.284,0.305,0.282,0.17,0.354,0.381,0.321,0.337,89.2,32.0,5.9,40.9,94.249794794,22.9
"Miley, Wade",489119,2023,490,443,79,16.1,7.8,0.223,0.386,0.287,0.673,0.163,0.236,0.249,0.42,0.293,0.319,0.312,0.17,0.31,0.346,0.27,0.303,87.3,30.0,4.6,31.3,93.147683664,19.1
"Ferrer, José A.",678606,2023,142,128,25,17.6,9.2,0.289,0.422,0.359,0.781,0.133,0.333,0.253,0.361,0.338,0.301,0.327,0.108,0.378,0.328,0.359,0.315,87.8,29.1,8.7,36.9,93.716347451,18.3
"Varland, Gus",681402,2023,103,85,20,19.4,15.5,0.318,0.518,0.431,0.949,0.2,0.387,0.283,0.471,0.408,0.38,0.403,0.188,0.462,0.418,0.415,0.37,93.7,34.8,7.6,57.6,96.4218,26.2
"Tonkin, Michael",543859,2023,325,295,75,23.1,7.1,0.217,0.38,0.276,0.656,0.163,0.243,0.237,0.41,0.283,0.306,0.295,0.174,0.333,0.367,0.287,0.316,89.8,32.0,5.8,40.0,94.129354414,24.8
"Williams, Trevor",592866,2023,658,593,111,16.9,7.9,0.3,0.533,0.358,0.891,0.233,0.316,0.275,0.501,0.377,0.358,0.337,0.226,0.426,0.4,0.364,0.336,88.3,36.9,5.7,38.6,93.997254483,19.0
"Boxberger, Brad",502202,2023,84,72,17,20.2,13.1,0.208,0.403,0.321,0.724,0.195,0.231,0.24,0.429,0.314,0.336,0.349,0.189,0.334,0.368,0.273,0.314,90.5,32.7,9.1,41.8,94.304215636,23.5
"Bassitt, Chris",605135,2023,826,749,186,22.5,7.1,0.235,0.403,0.299,0.702,0.168,0.274,0.238,0.409,0.304,0.31,0.303,0.171,0.355,0.364,0.31,0.315,87.5,36.0,6.0,35.3,93.662809412,21.9
"Nelson, Ryne",669194,2023,619,559,96,15.5,7.4,0.284,0.515,0.334,0.849,0.231,0.301,0.263,0.493,0.357,0.349,0.319,0.23,0.396,0.385,0.336,0.317,90.8,37.1,5.5,42.7,94.897921525,20.3
"Gallegos, Giovanny",606149,2023,229,214,59,25.8,5.2,0.252,0.467,0.291,0.758,0.215,0.297,0.247,0.453,0.322,0.315,0.286,0.206,0.415,0.405,0.346,0.339,90.5,38.6,9.5,46.2,94.854441667,36.2
"Edwards Jr., Carl",605218,2023,142,124,24,16.9,12.0,0.25,0.355,0.345,0.7,0.105,0.303,0.26,0.358,0.309,0.316,0.354,0.098,0.321,0.331,0.31,0.323,86.3,33.0,2.0,29.0,92.2617121,21.6
"Jiménez, Joe",641729,2023,238,219,73,30.7,5.9,0.233,0.42,0.284,0.704,0.187,0.304,0.224,0.42,0.302,0.301,0.279,0.197,0.409,0.408,0.347,0.339,91.1,40.9,8.1,45.0,95.213340748,32.2
"Hendricks, Kyle",543294,2023,578,542,93,16.1,4.7,0.255,0.393,0.293,0.686,0.138,0.284,0.266,0.416,0.296,0.314,0.305,0.15,0.33,0.352,0.305,0.32,85.2,33.7,5.1,31.5,93.059797773,21.1
"Cox, Austin",680735,2023,149,127,33,22.1,11.4,0.22,0.339,0.315,0.654,0.119,0.274,0.255,0.395,0.291,0.337,0.353,0.141,0.311,0.381,0.289,0.346,90.5,35.1,6.2,42.3,94.258560938,27.8
"Richards, Trevor",670950,2023,315,276,105,33.3,11.1,0.228,0.424,0.317,0.741,0.196,0.313,0.198,0.373,0.318,0.293,0.293,0.176,0.437,0.391,0.364,0.321,88.5,38.7,10.4,37.6,93.89933936,37.0
"Hoffman, Jeff",656546,2023,208,183,69,33.2,9.1,0.158,0.257,0.244,0.501,0.099,0.232,0.187,0.281,0.226,0.25,0.27,0.093,0.28,0.321,0.252,0.299,88.1,24.6,6.8,30.5,93.127529652,34.6
"Mantiply, Joe",573009,2023,157,148,28,17.8,5.7,0.236,0.405,0.28,0.685,0.169,0.267,0.245,0.435,0.292,0.309,0.289,0.189,0.333,0.355,0.292,0.303,87.7,28.3,5.0,35.8,93.591291513,23.2
"Holmes, Clay",605280,2023,262,234,71,27.1,8.8,0.218,0.291,0.294,0.585,0.073,0.301,0.206,0.29,0.265,0.262,0.284,0.083,0.31,0.306,0.309,0.294,89.5,23.0,6.1,43.0,94.387747152,26.2
"Robertson, David",502085,2023,269,240,78,29.0,9.3,0.221,0.354,0.302,0.656,0.133,0.297,0.202,0.35,0.289,0.28,0.286,0.148,0.361,0.347,0.327,0.3,89.3,30.1,8.0,37.4,93.988463625,31.2
"Herrin, Tim",682120,2023,121,104,32,26.4,9.9,0.279,0.404,0.361,0.765,0.125,0.371,0.243,0.439,0.338,0.336,0.332,0.196,0.416,0.414,0.397,0.349,87.8,34.7,10.7,37.3,93.583080282,26.9
"Scott, Tanner",656945,2023,307,277,104,33.9,7.8,0.191,0.264,0.264,0.528,0.073,0.291,0.203,0.278,0.236,0.247,0.275,0.075,0.309,0.331,0.303,0.323,85.3,34.3,5.1,26.3,92.600342515,36.2
"Suter, Brent",608718,2023,292,261,55,18.8,8.6,0.249,0.341,0.32,0.661,0.092,0.302,0.228,0.319,0.294,0.28,0.301,0.092,0.318,0.298,0.313,0.287,84.0,28.7,3.3,26.3,92.1555801,22.2
"Crawford, Kutter",676710,2023,527,484,135,25.6,6.8,0.221,0.388,0.281,0.669,0.167,0.269,0.205,0.38,0.29,0.281,0.266,0.175,0.354,0.34,0.305,0.283,87.8,30.5,7.4,35.3,93.712169573,26.8
"López, Reynaldo",625643,2023,278,241,83,29.9,12.2,0.207,0.336,0.307,0.643,0.129,0.278,0.213,0.385,0.286,0.308,0.314,0.172,0.35,0.39,0.314,0.327,88.1,33.3,6.9,38.4,93.973551154,30.5
"McClanahan, Shane",663556,2023,469,428,121,25.8,8.7,0.222,0.388,0.29,0.678,0.166,0.274,0.238,0.411,0.295,0.312,0.305,0.173,0.358,0.385,0.309,0.332,89.7,35.8,5.5,42.3,94.790624079,33.5
"May, Trevor",543507,2023,205,168,40,19.5,14.1,0.208,0.327,0.332,0.659,0.119,0.246,0.242,0.39,0.29,0.328,0.361,0.149,0.294,0.352,0.269,0.315,88.0,33.1,7.5,36.1,93.861652077,23.6
"Anderson, Grant",681982,2023,154,137,30,19.5,9.1,0.277,0.431,0.344,0.775,0.154,0.317,0.231,0.412,0.334,0.312,0.306,0.181,0.379,0.348,0.349,0.295,86.7,33.0,5.5,34.9,93.587271204,21.4
"Canning, Griffin",656288,2023,536,493,139,25.9,6.7,0.245,0.43,0.303,0.733,0.185,0.297,0.233,0.422,0.315,0.308,0.293,0.189,0.395,0.388,0.341,0.327,91.0,31.5,5.1,44.2,94.781038053,29.1
"Walker, Ryan",676254,2023,263,233,78,29.7,9.1,0.262,0.421,0.333,0.754,0.159,0.356,0.209,0.316,0.328,0.273,0.289,0.107,0.43,0.337,0.389,0.314,85.1,32.7,4.4,26.4,92.207661401,32.0
"Márquez, Germán",608566,2023,80,74,17,21.3,3.8,0.257,0.527,0.282,0.809,0.27,0.278,0.265,0.505,0.336,0.334,0.29,0.24,0.416,0.413,0.328,0.339,93.5,32.8,8.6,60.3,96.914913966,22.7
"Morton, Charlie",450203,2023,716,615,183,25.6,11.6,0.244,0.371,0.344,0.715,0.127,0.323,0.244,0.403,0.318,0.33,0.345,0.158,0.37,0.391,0.345,0.347,88.9,36.8,5.5,39.1,94.400073953,32.2
"Wicks, Jordan",696136,2023,147,131,24,16.3,7.5,0.252,0.435,0.306,0.741,0.183,0.269,0.251,0.406,0.317,0.312,0.308,0.156,0.348,0.342,0.303,0.306,88.1,30.4,4.5,33.0,93.112259908,23.3
"Burke, Brock",656271,2023,250,236,52,20.8,3.6,0.271,0.47,0.301,0.771,0.199,0.295,0.267,0.453,0.322,0.316,0.297,0.187,0.397,0.389,0.344,0.339,89.7,31.0,4.3,40.1,94.280314457,22.2
"Rosenberg, Kenny",670046,2023,146,131,29,19.9,9.6,0.267,0.389,0.342,0.731,0.122,0.323,0.222,0.365,0.321,0.293,0.302,0.143,0.361,0.321,0.343,0.285,88.0,29.4,6.9,30.4,93.524386373,23.3
"Ohtani, Shohei",660271,2023,531,463,167,31.5,10.4,0.184,0.333,0.285,0.618,0.149,0.24,0.201,0.375,0.277,0.3,0.301,0.174,0.339,0.38,0.286,0.314,86.4,34.0,5.4,35.0,93.442735912,30.8
"Kremer, Dean",665152,2023,735,673,157,21.4,7.5,0.254,0.416,0.314,0.73,0.162,0.293,0.264,0.458,0.317,0.338,0.324,0.194,0.369,0.398,0.33,0.344,89.7,36.9,7.1,40.3,94.393783895,24.0
"Zerpa, Angel",672582,2023,182,169,36,19.8,4.4,0.272,0.462,0.319,0.781,0.19,0.307,0.26,0.438,0.335,0.322,0.308,0.178,0.391,0.375,0.343,0.329,90.4,30.6,6.0,45.5,94.965371527,19.9
"Ramirez, Nick",598286,2023,172,160,28,16.3,5.2,0.256,0.356,0.298,0.654,0.1,0.303,0.258,0.399,0.286,0.306,0.301,0.141,0.316,0.341,0.308,0.312,85.8,36.6,4.5,28.4,92.475416767,24.1
"Bradley, Taj",671737,2023,460,416,129,28.0,8.5,0.255,0.495,0.317,0.812,0.24,0.31,0.238,0.443,0.344,0.323,0.305,0.205,0.448,0.415,0.364,0.345,91.2,37.5,6.5,46.4,95.264802586,25.0
"Staumont, Josh",622251,2023,89,73,24,27.0,14.6,0.219,0.288,0.352,0.64,0.069,0.313,0.221,0.361,0.301,0.324,0.353,0.141,0.326,0.368,0.327,0.329,89.0,28.6,2.0,36.7,93.830783958,27.4
"Minter, A.J.",621345,2023,260,237,82,31.5,8.1,0.236,0.354,0.296,0.65,0.118,0.331,0.214,0.362,0.283,0.282,0.281,0.147,0.38,0.38,0.357,0.332,87.9,36.9,8.9,36.3,93.554433399,31.4
"Ramírez, Yohan",670990,2023,176,147,35,19.9,9.7,0.265,0.361,0.381,0.742,0.096,0.327,0.236,0.342,0.335,0.318,0.356,0.106,0.35,0.324,0.345,0.307,86.8,24.8,1.8,31.9,92.872536549,20.6
"Anderson, Tyler",542881,2023,629,549,119,18.9,10.2,0.266,0.455,0.346,0.801,0.189,0.302,0.255,0.435,0.345,0.339,0.339,0.18,0.382,0.374,0.334,0.325,87.0,37.6,6.8,32.3,93.084649767,27.8
"Zastryzny, Rob",642239,2023,97,82,15,15.5,13.4,0.293,0.402,0.389,0.791,0.109,0.348,0.26,0.391,0.349,0.333,0.361,0.131,0.365,0.342,0.358,0.318,87.7,33.3,5.8,39.1,93.727955821,25.7
"Bielak, Brandon",656232,2023,353,311,62,17.6,10.2,0.277,0.46,0.361,0.821,0.183,0.312,0.263,0.462,0.357,0.353,0.349,0.2,0.389,0.384,0.345,0.328,90.5,30.0,5.6,48.4,95.15938249,23.7
"Bruihl, Justin",677865,2023,121,105,22,18.2,9.1,0.267,0.41,0.347,0.757,0.143,0.313,0.266,0.418,0.325,0.332,0.35,0.153,0.355,0.366,0.329,0.334,90.2,32.9,12.9,44.7,95.316235412,24.3
"Graveman, Kendall",608665,2023,282,238,66,23.4,12.8,0.214,0.37,0.329,0.699,0.156,0.256,0.231,0.385,0.312,0.328,0.345,0.155,0.339,0.366,0.295,0.321,88.6,32.2,6.3,35.6,93.688025491,29.2
"McArthur, James",663704,2023,90,85,23,25.6,2.2,0.235,0.412,0.256,0.668,0.177,0.29,0.227,0.331,0.28,0.268,0.256,0.104,0.361,0.343,0.313,0.313,89.1,28.1,4.7,43.8,94.783109841,24.8
"Gibson, Kyle",502043,2023,807,732,157,19.5,6.8,0.27,0.437,0.322,0.759,0.167,0.311,0.264,0.445,0.326,0.333,0.319,0.181,0.375,0.384,0.338,0.334,89.7,33.4,8.5,44.5,94.787380789,25.4
"Sands, Cole",663485,2023,99,85,21,21.2,14.1,0.235,0.435,0.343,0.778,0.2,0.267,0.258,0.493,0.34,0.37,0.363,0.235,0.374,0.42,0.313,0.343,91.5,35.9,10.9,54.7,95.878050156,19.3
"García, Yimi",554340,2023,282,257,79,28.0,5.3,0.261,0.405,0.315,0.72,0.144,0.345,0.234,0.366,0.312,0.291,0.292,0.132,0.406,0.373,0.374,0.338,87.0,31.9,6.6,35.2,93.538766798,31.3
"Singer, Brady",663903,2023,702,634,133,18.9,7.0,0.287,0.467,0.341,0.808,0.18,0.33,0.271,0.455,0.346,0.339,0.329,0.184,0.396,0.388,0.356,0.34,91.0,34.8,7.4,48.6,95.275444743,22.7
"Vásquez, Randy",681190,2023,166,142,33,19.9,10.8,0.211,0.366,0.315,0.681,0.155,0.238,0.266,0.445,0.303,0.354,0.363,0.179,0.315,0.391,0.273,0.344,86.9,36.4,4.5,38.2,93.944955505,17.9
"Doyle, Tommy",656382,2023,103,90,18,17.5,12.6,0.256,0.5,0.35,0.85,0.244,0.269,0.275,0.484,0.364,0.368,0.367,0.209,0.394,0.401,0.319,0.344,90.6,33.3,2.8,43.1,95.129142639,29.7
"Quintana, Jose",500779,2023,319,289,60,18.8,7.5,0.26,0.363,0.314,0.677,0.103,0.307,0.273,0.43,0.297,0.33,0.328,0.157,0.331,0.375,0.322,0.34,88.1,36.8,4.3,32.5,93.358287339,21.6
"Cabrera, Génesis",650893,2023,239,211,58,24.3,10.0,0.232,0.408,0.315,0.723,0.176,0.281,0.226,0.42,0.311,0.313,0.31,0.195,0.37,0.373,0.318,0.31,91.4,29.7,8.4,47.7,95.192340519,29.8
"Kelly, Joe",523260,2023,168,148,60,35.7,10.7,0.196,0.331,0.292,0.623,0.135,0.306,0.18,0.303,0.279,0.265,0.278,0.123,0.373,0.348,0.33,0.303,84.9,35.2,6.8,36.4,93.402074253,31.4
"Strahm, Matt",621381,2023,351,320,108,30.8,6.0,0.212,0.375,0.263,0.638,0.163,0.275,0.209,0.367,0.274,0.278,0.264,0.158,0.363,0.369,0.312,0.314,90.2,35.2,10.0,42.0,94.451620791,28.0
"Urías, Julio",628711,2023,482,444,117,24.3,5.0,0.252,0.482,0.296,0.778,0.23,0.285,0.245,0.444,0.328,0.315,0.29,0.2,0.41,0.391,0.336,0.328,87.2,31.2,5.1,34.5,93.506306748,24.2
"Syndergaard, Noah",592789,2023,391,358,56,14.3,4.9,0.291,0.539,0.34,0.879,0.248,0.289,0.296,0.544,0.371,0.381,0.348,0.248,0.407,0.42,0.34,0.349,88.7,38.9,7.8,42.2,94.369710132,17.9
"Barnes, Matt",598264,2023,99,88,20,20.2,10.1,0.284,0.386,0.364,0.75,0.102,0.348,0.275,0.4,0.33,0.331,0.355,0.125,0.373,0.374,0.368,0.356,89.2,30.9,0.0,35.3,93.670061493,20.8
"Llovera, Mauricio",661440,2023,160,139,29,18.1,9.4,0.259,0.374,0.344,0.718,0.115,0.303,0.267,0.439,0.312,0.341,0.354,0.173,0.336,0.378,0.321,0.336,89.5,29.5,5.4,41.1,94.360238018,17.7
"Schmidt, Clarke",657376,2023,694,630,149,21.5,6.6,0.268,0.451,0.326,0.777,0.183,0.313,0.252,0.419,0.334,0.32,0.312,0.168,0.393,0.373,0.346,0.327,89.2,31.1,5.5,41.0,94.39970499,22.8
"Sandlin, Nick",680704,2023,239,209,66,27.6,10.0,0.182,0.388,0.27,0.658,0.206,0.195,0.212,0.411,0.284,0.307,0.297,0.199,0.342,0.38,0.262,0.307,86.7,25.9,6.1,40.1,94.243114653,32.0
"Vesia, Alex",681911,2023,217,198,64,29.5,7.8,0.263,0.414,0.327,0.741,0.151,0.354,0.228,0.394,0.318,0.296,0.296,0.166,0.425,0.389,0.388,0.337,92.1,30.6,9.7,42.5,95.230663712,30.3
"Lynch IV, Daniel",663738,2023,223,204,34,15.2,7.2,0.245,0.426,0.3,0.726,0.181,0.252,0.265,0.467,0.312,0.339,0.32,0.202,0.336,0.37,0.291,0.315,88.2,29.7,6.4,32.0,93.192133964,24.6
"King, Michael",650633,2023,431,390,127,29.5,7.4,0.226,0.346,0.292,0.638,0.12,0.307,0.225,0.367,0.281,0.29,0.291,0.142,0.36,0.373,0.333,0.332,86.8,36.7,4.1,33.3,93.303324394,29.4
"Hernández, Jonathan",642546,2023,147,125,34,23.1,10.2,0.28,0.432,0.37,0.802,0.152,0.348,0.239,0.427,0.348,0.339,0.342,0.189,0.407,0.393,0.376,0.333,88.6,30.9,4.3,40.4,94.607047473,30.0
"Uribe, Abner",682842,2023,127,104,39,30.7,15.7,0.154,0.192,0.291,0.483,0.038,0.239,0.197,0.282,0.238,0.291,0.332,0.086,0.232,0.333,0.239,0.317,89.7,25.4,0.0,43.3,94.597696308,32.9
"Brown, Hunter",686613,2023,665,599,178,26.8,8.3,0.262,0.456,0.332,0.788,0.194,0.33,0.235,0.416,0.34,0.318,0.309,0.181,0.429,0.394,0.371,0.335,90.8,30.0,4.0,44.4,94.872462251,24.8
"Blackburn, Paul",621112,2023,464,409,104,22.4,9.3,0.286,0.435,0.352,0.787,0.149,0.351,0.259,0.414,0.34,0.325,0.331,0.155,0.401,0.38,0.374,0.343,87.2,38.0,6.1,33.2,93.276282179,23.8
"Englert, Mason",669438,2023,253,230,41,16.2,6.7,0.291,0.526,0.343,0.869,0.235,0.307,0.304,0.536,0.368,0.384,0.358,0.232,0.414,0.435,0.351,0.371,91.4,38.9,9.8,44.6,95.155365508,23.6
"Burnes, Corbin",669203,2023,784,704,200,25.5,8.4,0.2,0.324,0.274,0.598,0.124,0.244,0.221,0.347,0.266,0.287,0.295,0.126,0.307,0.339,0.276,0.309,86.4,31.0,4.7,32.4,92.974631594,28.8
"Littell, Zack",641793,2023,379,360,74,19.5,3.2,0.261,0.431,0.291,0.722,0.17,0.295,0.268,0.44,0.308,0.317,0.298,0.173,0.366,0.379,0.326,0.336,89.6,33.9,5.2,41.9,94.340082281,21.0
"Curry, Xzavion",675540,2023,404,367,67,16.6,7.4,0.267,0.436,0.323,0.759,0.169,0.295,0.271,0.474,0.326,0.342,0.327,0.203,0.359,0.381,0.322,0.328,91.7,38.4,9.2,45.2,94.836293069,20.8
"Harrison, Kyle",690986,2023,147,131,35,23.8,7.5,0.221,0.458,0.299,0.757,0.237,0.236,0.234,0.443,0.324,0.326,0.311,0.21,0.382,0.386,0.299,0.316,89.4,42.3,6.2,38.1,93.854538454,23.6
"May, Dustin",669160,2023,187,168,34,18.2,8.6,0.173,0.25,0.251,0.501,0.077,0.209,0.229,0.343,0.229,0.287,0.302,0.113,0.225,0.304,0.215,0.285,89.0,29.6,6.7,40.0,93.811450593,15.8
"Vest, Will",676684,2023,199,185,56,28.1,6.5,0.216,0.324,0.268,0.592,0.108,0.294,0.225,0.364,0.259,0.277,0.276,0.14,0.33,0.359,0.31,0.322,90.2,35.7,8.5,45.0,94.698587132,24.3
"Pivetta, Nick",601713,2023,587,528,183,31.2,8.5,0.208,0.402,0.283,0.685,0.194,0.269,0.218,0.421,0.296,0.309,0.293,0.203,0.388,0.41,0.317,0.333,90.5,40.1,8.4,43.8,94.780976127,29.6
"Domínguez, Seranthony",622554,2023,224,195,48,21.4,9.8,0.246,0.374,0.339,0.713,0.128,0.291,0.243,0.4,0.318,0.33,0.338,0.157,0.349,0.366,0.324,0.322,85.5,35.8,3.4,31.1,93.227442397,28.0
"Bellatti, Andrew",571479,2023,113,100,25,22.1,10.6,0.25,0.44,0.327,0.767,0.19,0.292,0.266,0.432,0.331,0.341,0.344,0.166,0.382,0.397,0.329,0.354,90.9,36.8,3.9,32.9,94.331733733,33.9
"Megill, Tylor",656731,2023,567,500,105,18.5,10.2,0.282,0.44,0.362,0.802,0.158,0.325,0.278,0.479,0.35,0.365,0.36,0.201,0.387,0.407,0.355,0.352,89.8,37.0,6.5,42.6,94.663499746,23.4
"Lively, Ben",594902,2023,383,355,79,20.6,6.5,0.27,0.49,0.324,0.814,0.22,0.297,0.265,0.474,0.348,0.341,0.319,0.209,0.412,0.402,0.348,0.342,89.1,38.4,6.2,36.2,93.973515839,20.7
"Long, Sam",669674,2023,199,174,32,16.1,10.6,0.282,0.437,0.359,0.796,0.155,0.317,0.271,0.43,0.341,0.336,0.35,0.159,0.369,0.363,0.34,0.328,89.1,32.4,4.1,37.9,93.568113566,20.1
"Jameson, Drey",686753,2023,174,154,37,21.3,10.3,0.26,0.416,0.339,0.755,0.156,0.304,0.249,0.506,0.33,0.356,0.329,0.257,0.375,0.412,0.339,0.325,92.0,33.9,5.9,47.5,95.568070763,30.0
"Faucher, Calvin",676534,2023,120,107,25,20.8,10.0,0.29,0.458,0.367,0.825,0.168,0.346,0.286,0.527,0.359,0.382,0.363,0.241,0.414,0.448,0.378,0.373,90.0,35.4,8.5,45.1,95.042678902,23.0
"Okert, Steven",595345,2023,247,218,73,29.6,9.7,0.229,0.427,0.31,0.737,0.198,0.299,0.216,0.398,0.319,0.305,0.299,0.182,0.411,0.388,0.342,0.323,88.2,43.2,6.8,34.5,93.579871042,30.7
"Brazobán, Huascar",623211,2023,257,218,65,25.3,12.1,0.243,0.349,0.344,0.693,0.106,0.318,0.207,0.331,0.308,0.291,0.316,0.124,0.354,0.327,0.34,0.295,85.4,31.2,5.1,28.0,92.863718158,31.7
"Francis, Bowden",670102,2023,136,126,35,25.7,5.9,0.175,0.317,0.228,0.545,0.142,0.195,0.215,0.402,0.238,0.295,0.27,0.187,0.284,0.367,0.239,0.301,90.0,35.9,8.7,41.3,94.268477473,23.2
"Stone, Gavin",694813,2023,152,136,22,14.5,8.6,0.338,0.603,0.401,1.004,0.265,0.355,0.305,0.502,0.423,0.376,0.372,0.197,0.468,0.406,0.4,0.361,88.5,38.3,8.7,37.4,93.906186518,30.9
"deGrom, Jacob",594798,2023,115,111,45,39.1,3.5,0.171,0.324,0.2,0.524,0.153,0.266,0.163,0.29,0.223,0.209,0.192,0.128,0.347,0.323,0.288,0.273,86.2,31.8,4.5,33.3,93.089270152,42.1
"Lange, Alex",656638,2023,288,232,79,27.4,15.6,0.185,0.315,0.328,0.643,0.13,0.245,0.202,0.308,0.294,0.303,0.343,0.107,0.312,0.329,0.274,0.303,88.6,33.1,4.5,36.3,94.166499103,39.1
"Nola, Aaron",605400,2023,793,741,202,25.5,5.7,0.24,0.425,0.283,0.708,0.185,0.286,0.235,0.408,0.303,0.297,0.279,0.173,0.382,0.373,0.328,0.322,89.3,36.3,7.7,38.5,94.143390037,26.0
"Jackson, Luke",592426,2023,143,126,43,30.1,10.5,0.206,0.341,0.294,0.635,0.135,0.284,0.199,0.345,0.276,0.282,0.291,0.146,0.347,0.357,0.31,0.305,88.8,29.8,6.0,40.5,94.044697381,30.4
"Coulombe, Danny",543056,2023,210,195,58,27.6,5.7,0.231,0.323,0.282,0.605,0.092,0.308,0.217,0.343,0.269,0.27,0.27,0.126,0.338,0.341,0.328,0.309,85.6,26.8,5.1,30.4,92.774530741,29.8
"Valdez, Framber",664285,2023,808,728,200,24.8,7.1,0.228,0.365,0.29,0.655,0.137,0.284,0.248,0.411,0.287,0.319,0.313,0.163,0.342,0.391,0.31,0.343,91.5,30.9,6.9,45.6,95.101299868,26.8
"Speier, Gabe",642100,2023,216,200,64,29.6,5.1,0.235,0.375,0.282,0.657,0.14,0.305,0.238,0.387,0.278,0.287,0.287,0.149,0.376,0.391,0.341,0.349,88.5,30.4,2.9,42.0,94.689236667,30.8
"Lawrence, Justin",664875,2023,326,277,78,23.9,11.0,0.235,0.354,0.334,0.688,0.119,0.305,0.218,0.337,0.303,0.299,0.324,0.119,0.343,0.337,0.322,0.305,89.5,32.2,8.3,39.0,94.027269747,24.1
"Whitlock, Garrett",676477,2023,304,285,72,23.7,4.3,0.288,0.502,0.323,0.825,0.214,0.342,0.268,0.466,0.35,0.33,0.305,0.198,0.441,0.413,0.381,0.356,90.0,37.5,6.5,42.6,94.714280791,28.3
"Rutledge, Jackson",671131,2023,88,79,12,13.6,6.8,0.304,0.519,0.364,0.883,0.215,0.313,0.268,0.531,0.376,0.366,0.333,0.262,0.404,0.391,0.353,0.313,91.0,38.2,11.8,50.0,95.414478824,21.3
"Mayers, Mike",594577,2023,119,108,17,14.3,8.4,0.315,0.491,0.37,0.861,0.176,0.341,0.284,0.437,0.369,0.339,0.342,0.153,0.402,0.363,0.37,0.334,91.1,28.3,10.9,35.9,94.420854607,19.5
"Palencia, Daniel",694037,2023,119,102,33,27.7,11.8,0.216,0.353,0.322,0.675,0.137,0.288,0.217,0.354,0.303,0.306,0.324,0.137,0.356,0.363,0.319,0.323,91.4,34.3,11.4,47.1,95.298267463,30.8
"Pearson, Nate",663878,2023,182,159,43,23.6,9.9,0.226,0.409,0.313,0.722,0.183,0.261,0.218,0.4,0.31,0.305,0.307,0.182,0.36,0.353,0.305,0.296,91.6,29.7,5.1,47.5,95.317051864,26.4
"Karinchak, James",675916,2023,171,135,52,30.4,16.4,0.178,0.356,0.322,0.678,0.178,0.22,0.199,0.378,0.3,0.328,0.347,0.179,0.341,0.395,0.273,0.323,90.4,38.6,6.8,38.6,94.233027816,29.8
"Gonsolin, Tony",664062,2023,435,381,82,18.9,9.2,0.226,0.415,0.307,0.722,0.189,0.235,0.268,0.513,0.312,0.365,0.345,0.245,0.338,0.413,0.283,0.337,90.2,35.9,6.2,41.8,94.496690495,21.5
"Headrick, Brent",687396,2023,117,101,30,25.6,8.5,0.267,0.564,0.35,0.914,0.297,0.303,0.234,0.487,0.383,0.352,0.326,0.253,0.478,0.429,0.37,0.33,90.7,47.9,9.6,42.5,94.407670694,24.8
"Hill, Tim",657612,2023,202,178,26,12.9,6.9,0.331,0.511,0.395,0.906,0.18,0.354,0.274,0.429,0.39,0.341,0.347,0.156,0.415,0.352,0.383,0.32,89.9,21.8,5.1,44.2,95.204223377,15.0
"Wentz, Joey",666214,2023,492,444,98,19.9,9.6,0.295,0.532,0.362,0.894,0.237,0.329,0.271,0.504,0.38,0.362,0.341,0.233,0.445,0.419,0.378,0.348,89.9,36.6,4.9,41.5,94.633444798,25.5
"Leiter Jr., Mark",643410,2023,269,233,77,28.6,8.9,0.206,0.365,0.299,0.664,0.159,0.27,0.223,0.387,0.293,0.312,0.316,0.163,0.352,0.385,0.302,0.332,88.2,33.1,5.0,39.4,94.247950314,32.3
"Quantrill, Cal",615698,2023,444,398,58,13.1,7.9,0.279,0.437,0.345,0.782,0.158,0.3,0.284,0.489,0.339,0.364,0.353,0.204,0.352,0.385,0.323,0.334,87.9,37.2,6.7,39.2,94.010311696,18.9
"Shaw, Bryan",543766,2023,190,166,40,21.1,8.9,0.235,0.337,0.326,0.663,0.102,0.29,0.231,0.356,0.299,0.305,0.323,0.125,0.32,0.329,0.307,0.303,88.3,34.6,6.3,36.2,93.371465906,23.4
"Holderman, Colin",670059,2023,240,215,58,24.2,8.3,0.256,0.363,0.322,0.685,0.107,0.329,0.232,0.366,0.299,0.294,0.303,0.134,0.358,0.351,0.346,0.318,89.1,28.1,5.0,43.1,94.453290189,23.2
"Suarez, Ranger",624133,2023,540,483,119,22.0,8.9,0.267,0.414,0.333,0.747,0.147,0.327,0.257,0.408,0.325,0.322,0.326,0.151,0.38,0.375,0.351,0.34,87.8,35.3,5.7,36.1,93.62207436,23.1
"Peralta, Freddy",642547,2023,680,617,210,30.9,7.9,0.212,0.387,0.282,0.669,0.175,0.275,0.211,0.364,0.291,0.284,0.28,0.153,0.381,0.369,0.321,0.319,87.6,32.3,6.8,37.7,93.704981926,33.6
"Martinez, Adrián",661309,2023,241,212,47,19.5,7.9,0.278,0.448,0.344,0.792,0.17,0.315,0.274,0.451,0.341,0.35,0.347,0.178,0.384,0.397,0.347,0.351,88.6,42.4,3.5,37.6,94.169164588,23.1
"Bernardino, Brennan",657514,2023,216,192,58,26.9,8.3,0.25,0.375,0.333,0.708,0.125,0.338,0.239,0.38,0.313,0.311,0.324,0.141,0.382,0.379,0.358,0.343,89.0,35.1,5.2,32.8,94.22936218,24.7
"Soroka, Michael",647336,2023,145,128,29,20.0,8.3,0.281,0.555,0.361,0.916,0.274,0.3,0.267,0.486,0.389,0.361,0.348,0.219,0.452,0.412,0.364,0.345,87.3,38.0,5.0,34.0,93.616636837,23.5
"Strzelecki, Peter",657265,2023,163,141,37,22.7,7.4,0.234,0.355,0.327,0.682,0.121,0.294,0.233,0.391,0.303,0.316,0.326,0.159,0.337,0.357,0.314,0.313,89.1,34.0,7.5,36.8,93.35481381,26.6
"Berríos, José",621244,2023,782,717,184,23.5,6.6,0.241,0.397,0.3,0.697,0.156,0.29,0.257,0.441,0.302,0.326,0.315,0.184,0.363,0.398,0.323,0.345,88.2,39.1,4.8,35.8,93.583561201,25.5
"Greinke, Zack",425844,2023,593,561,97,16.4,3.9,0.282,0.467,0.312,0.779,0.185,0.3,0.286,0.484,0.332,0.344,0.318,0.199,0.379,0.395,0.337,0.344,89.6,32.6,7.2,38.8,94.182767312,17.3
"Borucki, Ryan",621366,2023,152,142,33,21.7,2.6,0.183,0.317,0.227,0.544,0.134,0.21,0.231,0.368,0.238,0.28,0.272,0.137,0.275,0.333,0.239,0.301,85.7,25.2,5.4,29.7,92.658574404,28.1
"McHugh, Collin",543521,2023,268,239,47,17.5,8.2,0.293,0.397,0.362,0.759,0.104,0.348,0.286,0.432,0.335,0.346,0.356,0.147,0.37,0.384,0.365,0.356,88.6,33.5,2.6,35.6,93.630827632,25.7
"Verlander, Justin",434378,2023,669,615,144,21.5,6.7,0.226,0.369,0.283,0.652,0.143,0.265,0.225,0.394,0.284,0.295,0.283,0.169,0.326,0.342,0.293,0.294,90.0,30.5,5.9,41.3,94.269512972,22.5
"Bolton, Cody",675989,2023,107,90,22,20.6,14.0,0.333,0.522,0.434,0.956,0.189,0.415,0.295,0.497,0.414,0.391,0.402,0.203,0.481,0.446,0.441,0.392,92.6,42.0,5.8,43.5,95.150610303,23.3
"Lovelady, Richard",663992,2023,96,80,24,25.0,10.4,0.188,0.375,0.292,0.667,0.187,0.214,0.195,0.388,0.291,0.306,0.303,0.193,0.318,0.343,0.254,0.273,90.5,33.9,10.2,44.1,94.493879831,24.4
"Manaea, Sean",640455,2023,499,444,128,25.7,8.4,0.234,0.394,0.309,0.703,0.16,0.293,0.238,0.401,0.306,0.313,0.313,0.163,0.367,0.378,0.324,0.331,89.4,35.8,5.0,36.4,94.09059224,24.2
"Rea, Colin",607067,2023,517,468,110,21.3,7.4,0.235,0.434,0.296,0.73,0.199,0.257,0.25,0.435,0.313,0.323,0.311,0.185,0.363,0.378,0.304,0.325,90.4,34.5,5.8,43.3,94.82878625,24.0
"Sewald, Paul",623149,2023,249,221,80,32.1,9.6,0.208,0.353,0.287,0.64,0.145,0.284,0.187,0.313,0.281,0.259,0.268,0.126,0.369,0.33,0.324,0.29,85.9,34.0,4.2,29.9,92.696559143,29.3
"Peterson, David",656849,2023,492,432,128,26.0,10.2,0.287,0.456,0.367,0.823,0.169,0.371,0.26,0.429,0.357,0.339,0.343,0.17,0.444,0.415,0.404,0.367,90.0,34.4,6.2,44.5,95.247518383,29.5
"Saucedo, Tayler",642048,2023,207,175,43,20.8,11.1,0.234,0.309,0.343,0.652,0.075,0.3,0.243,0.339,0.298,0.314,0.352,0.096,0.31,0.334,0.311,0.323,85.9,25.9,0.7,31.9,92.829145271,29.6
"Bieber, Shane",669456,2023,533,490,107,20.1,6.4,0.253,0.406,0.303,0.709,0.153,0.295,0.28,0.453,0.307,0.338,0.329,0.173,0.354,0.397,0.32,0.356,91.6,34.4,5.4,47.8,95.361877073,24.3
"Olson, Reese",681857,2023,422,386,103,24.4,7.8,0.215,0.373,0.277,0.65,0.158,0.255,0.251,0.461,0.283,0.333,0.312,0.21,0.336,0.41,0.291,0.343,90.8,36.1,7.0,42.8,95.123164014,27.4
"Pepiot, Ryan",686752,2023,159,151,38,23.9,3.1,0.179,0.364,0.22,0.584,0.185,0.189,0.219,0.374,0.251,0.274,0.258,0.155,0.303,0.336,0.239,0.292,86.7,31.9,3.5,27.4,93.036786789,27.9
"Alvarado, José",621237,2023,172,153,64,37.2,10.5,0.196,0.307,0.281,0.588,0.111,0.314,0.2,0.29,0.262,0.259,0.285,0.09,0.368,0.362,0.337,0.345,91.1,31.1,6.7,45.6,95.266776292,33.5
"Flexen, Chris",623167,2023,466,420,74,15.9,8.2,0.317,0.545,0.376,0.921,0.228,0.333,0.292,0.512,0.392,0.372,0.356,0.22,0.438,0.412,0.381,0.353,89.4,38.6,6.9,41.4,94.275430661,22.3
"Feltner, Ryan",663372,2023,201,170,38,18.9,13.9,0.265,0.359,0.373,0.732,0.094,0.328,0.252,0.367,0.331,0.332,0.365,0.115,0.342,0.344,0.338,0.325,86.1,33.8,5.3,29.3,93.03714053,21.5
"Morán, Jovani",663558,2023,184,155,48,26.1,14.7,0.226,0.342,0.341,0.683,0.116,0.308,0.208,0.327,0.307,0.296,0.326,0.119,0.349,0.332,0.327,0.302,86.2,32.1,4.6,27.5,92.705976923,37.0
"Stripling, Ross",548389,2024,381,353,49,12.9,5.8,0.309,0.453,0.347,0.8,0.144,0.339,0.291,0.45,0.344,0.339,0.333,0.159,0.375,0.37,0.354,0.336,88.3,39.8,7.8,35.3,93.509050131,16.9
"Schmidt, Clarke",657376,2024,353,309,93,26.3,8.5,0.23,0.356,0.312,0.668,0.126,0.296,0.224,0.359,0.296,0.304,0.312,0.136,0.351,0.363,0.321,0.322,89.1,31.7,8.6,38.0,93.864991613,29.4
"Kelly, Kevin",687330,2024,278,261,63,22.7,3.2,0.226,0.352,0.264,0.616,0.126,0.271,0.24,0.372,0.268,0.288,0.278,0.132,0.325,0.353,0.296,0.316,86.9,29.9,4.5,36.8,93.764899289,20.1
"Rodriguez, Grayson",680570,2024,491,449,130,26.5,7.3,0.243,0.405,0.305,0.71,0.162,0.308,0.229,0.396,0.31,0.303,0.293,0.167,0.387,0.376,0.341,0.321,89.2,36.9,7.2,39.7,94.106694844,30.0
"Paredes, Enoli",660600,2024,87,75,16,18.4,11.5,0.173,0.227,0.287,0.514,0.054,0.22,0.227,0.38,0.245,0.324,0.334,0.153,0.22,0.337,0.22,0.289,86.7,30.5,3.4,32.2,93.028081034,28.2
"Gil, Luis",661563,2024,637,550,171,26.8,12.1,0.189,0.345,0.297,0.642,0.156,0.238,0.205,0.363,0.288,0.304,0.312,0.158,0.328,0.354,0.274,0.298,89.3,33.7,6.1,37.4,94.034939077,29.0
"Madden, Ty",680744,2024,101,91,17,16.8,7.9,0.275,0.396,0.337,0.733,0.121,0.315,0.255,0.412,0.322,0.325,0.32,0.158,0.35,0.355,0.333,0.311,90.1,34.7,5.3,37.3,93.670301081,24.4
"Kershaw, Clayton",477132,2024,133,119,24,18.0,6.8,0.303,0.429,0.353,0.782,0.126,0.354,0.285,0.412,0.336,0.332,0.343,0.128,0.382,0.376,0.367,0.353,90.4,38.8,8.2,40.8,94.903124433,21.7
"Littell, Zack",641793,2024,656,618,141,21.5,4.7,0.265,0.426,0.306,0.732,0.161,0.312,0.26,0.449,0.317,0.326,0.301,0.189,0.383,0.395,0.344,0.338,89.3,36.2,6.3,39.2,94.137344568,23.1
"Manoah, Alek",666201,2024,103,90,26,25.2,7.8,0.189,0.378,0.282,0.66,0.189,0.2,0.212,0.414,0.291,0.316,0.302,0.202,0.332,0.371,0.262,0.295,88.6,35.4,10.8,35.4,93.795717077,28.2
"Boyle, Joe",671212,2024,226,179,56,24.8,17.7,0.235,0.346,0.382,0.728,0.111,0.314,0.214,0.33,0.334,0.323,0.366,0.116,0.357,0.338,0.336,0.307,88.2,32.5,4.8,40.5,93.74519008,30.2
"Iglesias, Raisel",628452,2024,259,238,68,26.3,5.0,0.16,0.248,0.211,0.459,0.088,0.202,0.195,0.302,0.2,0.239,0.244,0.107,0.241,0.298,0.221,0.27,86.0,25.7,3.4,30.9,92.798374269,31.5
"Ferguson, Tyler",621053,2024,207,180,62,30.0,11.6,0.178,0.306,0.282,0.588,0.128,0.246,0.209,0.374,0.262,0.301,0.309,0.165,0.313,0.38,0.271,0.318,88.2,31.9,5.0,38.7,94.017449661,26.8
"Lowder, Rhett",695076,2024,128,114,22,17.2,10.9,0.219,0.237,0.305,0.542,0.018,0.272,0.267,0.383,0.253,0.326,0.347,0.116,0.248,0.349,0.272,0.33,90.2,34.8,6.5,41.3,94.310800659,20.1
"King, John",667463,2024,248,225,38,15.3,5.6,0.258,0.351,0.296,0.647,0.093,0.28,0.251,0.388,0.28,0.308,0.298,0.137,0.305,0.341,0.299,0.302,88.5,27.2,5.1,36.9,93.815951302,17.5
"Hudson, Bryan",663542,2024,231,208,62,26.8,7.4,0.135,0.279,0.209,0.488,0.144,0.149,0.195,0.342,0.218,0.273,0.266,0.147,0.244,0.33,0.189,0.278,87.8,35.8,6.1,36.5,93.743675068,21.5
"Nicolas, Kyle",693312,2024,244,205,55,22.5,13.1,0.249,0.341,0.357,0.698,0.092,0.315,0.233,0.366,0.315,0.326,0.348,0.132,0.341,0.359,0.333,0.32,90.0,34.0,3.9,40.5,94.167130662,28.2
"Hudson, Daniel",543339,2024,253,232,63,24.9,7.5,0.198,0.371,0.261,0.632,0.173,0.225,0.213,0.431,0.274,0.305,0.275,0.218,0.329,0.375,0.271,0.292,90.4,30.6,7.1,49.4,94.914381059,32.3
"Sánchez, Sixto",664350,2024,162,142,17,10.5,8.6,0.303,0.43,0.375,0.805,0.127,0.325,0.275,0.431,0.354,0.348,0.352,0.157,0.355,0.348,0.341,0.312,90.0,29.7,4.7,43.8,94.492488254,13.2
"Wentz, Joey",666214,2024,304,262,73,24.0,10.9,0.252,0.378,0.34,0.718,0.126,0.314,0.22,0.353,0.317,0.301,0.314,0.132,0.367,0.341,0.342,0.302,88.1,33.0,4.1,36.1,93.612983281,29.6
"Faedo, Alex",656412,2024,246,210,55,22.4,11.4,0.233,0.405,0.328,0.733,0.172,0.268,0.248,0.391,0.322,0.327,0.342,0.143,0.361,0.37,0.31,0.332,88.3,39.4,4.4,34.4,93.483902692,31.1
"Sale, Chris",519242,2024,702,652,225,32.1,5.6,0.216,0.319,0.269,0.588,0.103,0.315,0.211,0.323,0.26,0.263,0.264,0.112,0.35,0.355,0.329,0.322,86.5,34.9,4.9,31.2,93.046190662,31.0
"Skenes, Paul",694973,2024,514,475,170,33.1,6.2,0.198,0.295,0.257,0.552,0.097,0.284,0.191,0.302,0.247,0.25,0.251,0.111,0.328,0.334,0.307,0.298,87.8,27.8,6.2,36.3,93.629853102,28.7
"Boyd, Matthew",571510,2024,166,150,46,27.7,7.8,0.213,0.347,0.283,0.63,0.134,0.277,0.214,0.336,0.279,0.275,0.284,0.122,0.342,0.335,0.305,0.306,87.6,36.2,7.6,38.1,93.344921238,29.7
"Payamps, Joel",606303,2024,235,212,59,25.1,7.7,0.184,0.34,0.253,0.593,0.156,0.218,0.232,0.431,0.254,0.314,0.3,0.199,0.305,0.394,0.253,0.324,89.4,34.0,9.0,43.6,94.581484248,27.1
"Williams, Gavin",668909,2024,332,293,79,23.8,9.6,0.246,0.396,0.323,0.719,0.15,0.31,0.245,0.394,0.315,0.318,0.325,0.149,0.369,0.374,0.332,0.334,90.8,32.1,6.4,44.0,94.867836636,24.8
"Muller, Kyle",666205,2024,202,188,36,17.8,5.0,0.255,0.404,0.292,0.696,0.149,0.282,0.261,0.417,0.294,0.312,0.303,0.157,0.342,0.365,0.31,0.324,90.2,35.5,7.7,43.2,94.370308258,22.7
"Assad, Javier",665871,2024,638,562,124,19.4,9.9,0.254,0.422,0.333,0.755,0.168,0.291,0.258,0.445,0.33,0.344,0.338,0.186,0.367,0.387,0.324,0.331,89.1,36.0,4.7,39.8,94.272452936,17.9
"González, Victor",624647,2024,97,81,11,11.3,13.4,0.16,0.296,0.299,0.595,0.136,0.149,0.236,0.427,0.277,0.355,0.362,0.191,0.224,0.333,0.186,0.273,89.3,32.9,8.6,44.3,94.344768696,18.1
"Brebbia, John",605154,2024,242,220,67,27.7,7.9,0.255,0.455,0.322,0.777,0.2,0.317,0.26,0.451,0.337,0.339,0.327,0.191,0.433,0.438,0.366,0.374,88.8,39.9,5.2,37.3,94.16101875,25.5
"Blalock, Bradley",687134,2024,147,126,20,13.6,13.6,0.278,0.468,0.381,0.849,0.19,0.304,0.292,0.502,0.371,0.388,0.393,0.21,0.377,0.402,0.33,0.347,90.5,42.5,10.4,47.2,95.306191714,20.6
"Kolek, Stephen",663568,2024,211,195,39,18.5,5.7,0.303,0.41,0.352,0.762,0.107,0.362,0.28,0.416,0.336,0.332,0.331,0.136,0.385,0.381,0.378,0.35,88.1,30.8,5.8,41.0,94.213670921,21.1
"Leasure, Jordan",673929,2024,142,120,26,18.3,12.7,0.267,0.492,0.362,0.854,0.225,0.289,0.241,0.434,0.366,0.339,0.34,0.193,0.401,0.361,0.333,0.302,88.8,34.0,9.3,35.1,93.544683053,26.6
"Howard, Spencer",675921,2024,144,128,27,18.8,9.7,0.344,0.547,0.406,0.953,0.203,0.402,0.27,0.48,0.408,0.357,0.341,0.21,0.477,0.406,0.431,0.341,91.8,35.0,8.7,44.7,95.3186395,24.0
"Houser, Adrian",605288,2024,309,272,45,14.6,10.4,0.272,0.445,0.356,0.801,0.173,0.3,0.265,0.452,0.35,0.352,0.35,0.187,0.365,0.368,0.325,0.317,91.0,29.8,4.8,40.4,94.668829163,18.2
"Bednar, David",670280,2024,262,227,58,22.1,10.7,0.238,0.41,0.327,0.737,0.172,0.278,0.226,0.422,0.319,0.323,0.319,0.196,0.366,0.373,0.316,0.303,90.2,30.8,7.6,39.5,94.462997235,27.6
"Hodge, Porter",687863,2024,164,144,52,31.7,11.6,0.132,0.215,0.238,0.453,0.083,0.189,0.174,0.286,0.214,0.26,0.275,0.112,0.231,0.313,0.207,0.272,88.6,28.3,8.7,35.9,93.994984239,32.8
"Waldron, Matt",663362,2024,625,568,133,21.3,6.4,0.255,0.43,0.315,0.745,0.175,0.297,0.244,0.413,0.323,0.316,0.306,0.17,0.378,0.368,0.331,0.317,88.1,33.9,6.4,35.0,93.585477592,20.8
"Kopech, Michael",656629,2024,279,234,88,31.5,12.2,0.188,0.321,0.299,0.62,0.133,0.246,0.19,0.354,0.277,0.293,0.303,0.164,0.336,0.367,0.291,0.299,89.0,34.2,3.9,40.8,93.879345436,32.8
"Gray, Jon",592351,2024,439,408,86,19.6,6.4,0.262,0.404,0.308,0.712,0.142,0.307,0.272,0.447,0.309,0.332,0.318,0.176,0.359,0.391,0.33,0.343,90.5,34.8,6.5,42.2,94.980957625,23.8
"Bird, Jake",656234,2024,185,154,31,16.8,13.5,0.279,0.448,0.391,0.839,0.169,0.319,0.254,0.453,0.368,0.364,0.371,0.199,0.386,0.38,0.347,0.316,88.3,30.4,7.2,41.6,94.508409587,22.2
"Ort, Kaleb",672391,2024,93,89,26,28.0,4.3,0.18,0.438,0.215,0.653,0.258,0.161,0.206,0.388,0.277,0.275,0.241,0.181,0.366,0.362,0.254,0.292,88.2,23.8,7.9,36.5,94.011532097,26.8
"Morgan, Eli",669212,2024,167,152,34,20.4,6.6,0.197,0.336,0.255,0.591,0.139,0.226,0.203,0.311,0.256,0.254,0.26,0.109,0.289,0.287,0.252,0.259,85.2,28.9,5.8,28.1,92.249199328,24.9
"Wilson, Bryse",669060,2024,442,405,82,18.6,7.0,0.252,0.432,0.311,0.743,0.18,0.27,0.275,0.486,0.323,0.355,0.332,0.212,0.364,0.408,0.315,0.343,89.7,37.5,7.7,44.3,94.771325015,20.8
"Feltner, Ryan",663372,2024,692,628,138,19.9,7.5,0.263,0.408,0.324,0.732,0.145,0.306,0.254,0.423,0.32,0.326,0.318,0.169,0.365,0.373,0.334,0.325,88.1,33.1,7.5,36.8,93.803345297,23.9
"Woodford, Jake",663765,2024,167,153,26,15.6,5.4,0.314,0.529,0.359,0.888,0.215,0.341,0.296,0.493,0.379,0.364,0.347,0.196,0.425,0.407,0.372,0.356,88.9,38.8,8.5,39.5,94.151237656,14.0
"Martin, Chris",455119,2024,180,170,50,27.8,1.7,0.276,0.382,0.298,0.68,0.106,0.359,0.254,0.37,0.293,0.287,0.283,0.116,0.397,0.388,0.385,0.365,88.5,35.8,4.9,35.0,93.925161833,23.9
"Spiers, Carson",686730,2024,410,377,80,19.5,6.6,0.297,0.536,0.351,0.887,0.239,0.331,0.254,0.476,0.379,0.34,0.312,0.222,0.447,0.394,0.376,0.322,88.9,36.2,8.7,38.9,94.295274539,21.4
"Díaz, Yilber",700270,2024,119,105,19,16.0,10.1,0.257,0.429,0.328,0.757,0.172,0.282,0.28,0.428,0.327,0.348,0.351,0.148,0.348,0.376,0.307,0.339,91.3,38.6,5.7,45.5,94.986226782,20.1
"Kelly, Merrill",518876,2024,300,277,63,21.0,6.3,0.242,0.426,0.294,0.72,0.184,0.275,0.262,0.483,0.311,0.345,0.313,0.221,0.366,0.413,0.312,0.338,90.5,33.5,6.0,40.9,94.677066333,21.3
"Honeywell, Brent",641703,2024,150,132,18,12.0,8.0,0.242,0.371,0.311,0.682,0.129,0.257,0.281,0.437,0.3,0.345,0.347,0.156,0.299,0.356,0.276,0.323,88.3,39.0,8.5,39.8,93.884121293,15.3
"Bradley, Taj",671737,2024,578,519,154,26.6,8.1,0.235,0.408,0.3,0.708,0.173,0.287,0.227,0.426,0.308,0.318,0.295,0.199,0.384,0.399,0.33,0.323,91.2,34.9,9.4,42.9,94.766375924,27.4
"Holmes, Grant",656550,2024,282,262,70,24.8,5.3,0.252,0.37,0.294,0.664,0.118,0.314,0.237,0.397,0.287,0.295,0.282,0.159,0.359,0.37,0.338,0.321,88.7,35.9,7.7,38.5,93.754273057,32.4
"Paddack, Chris",663978,2024,384,360,79,20.6,5.5,0.283,0.444,0.323,0.767,0.161,0.327,0.27,0.48,0.332,0.342,0.312,0.21,0.397,0.411,0.36,0.346,90.4,40.6,6.7,43.1,95.101850323,24.0
"Irvin, Jake",663623,2024,769,710,156,20.3,6.8,0.244,0.428,0.299,0.727,0.184,0.274,0.249,0.44,0.314,0.323,0.303,0.191,0.365,0.378,0.312,0.318,88.8,33.0,7.4,39.1,94.341422273,22.3
"Ottavino, Adam",493603,2024,245,213,70,28.6,9.4,0.23,0.362,0.324,0.686,0.132,0.312,0.196,0.322,0.305,0.281,0.294,0.127,0.374,0.333,0.34,0.29,87.1,34.0,5.6,34.7,93.510556364,25.7
"Gomber, Austin",596295,2024,696,653,116,16.7,5.5,0.273,0.482,0.312,0.794,0.209,0.29,0.275,0.501,0.339,0.35,0.315,0.226,0.387,0.401,0.329,0.333,90.2,37.7,8.5,41.2,94.432492071,19.9
"Avila, Pedro",658648,2024,353,306,82,23.2,10.2,0.239,0.369,0.321,0.69,0.13,0.293,0.259,0.412,0.304,0.334,0.343,0.153,0.346,0.392,0.317,0.35,89.6,39.4,9.5,41.6,94.361042314,25.0
"Díaz, Edwin",621242,2024,216,192,84,38.9,9.3,0.188,0.328,0.273,0.601,0.14,0.284,0.164,0.292,0.269,0.249,0.252,0.128,0.386,0.347,0.33,0.289,85.9,32.1,7.3,30.3,92.653119817,38.1
"Black, Mason",696131,2024,169,149,31,18.3,8.9,0.309,0.517,0.381,0.898,0.208,0.348,0.277,0.499,0.387,0.371,0.355,0.222,0.441,0.419,0.387,0.35,89.8,37.5,5.8,40.8,94.468099664,16.4
"Holton, Tyler",663947,2024,354,330,77,21.8,4.8,0.173,0.279,0.222,0.501,0.106,0.202,0.212,0.335,0.221,0.263,0.259,0.122,0.25,0.308,0.224,0.276,86.6,29.3,5.1,32.8,93.076380787,24.5
"Leclerc, José",600917,2024,288,247,89,30.9,11.1,0.227,0.348,0.323,0.671,0.121,0.32,0.212,0.353,0.3,0.297,0.311,0.141,0.381,0.377,0.35,0.329,87.4,36.2,5.5,30.7,93.541971266,36.0
"Garrett, Braxton",666129,2024,161,152,34,21.1,2.5,0.263,0.414,0.304,0.718,0.151,0.31,0.264,0.45,0.313,0.327,0.305,0.186,0.374,0.393,0.339,0.34,92.3,31.4,8.5,48.3,96.042057521,21.8
"Soto, Gregory",642397,2024,244,206,65,26.6,11.1,0.272,0.398,0.374,0.772,0.126,0.374,0.235,0.381,0.34,0.328,0.347,0.147,0.414,0.394,0.392,0.344,88.6,34.7,4.9,43.8,94.261321127,31.0
"Mikolas, Miles",571945,2024,720,683,122,16.9,3.5,0.284,0.485,0.312,0.797,0.201,0.311,0.273,0.468,0.339,0.334,0.303,0.195,0.394,0.386,0.342,0.332,88.8,38.1,8.8,42.3,94.25374515,16.4
"Hudson, Dakota",641712,2024,404,346,49,12.1,12.4,0.286,0.436,0.382,0.818,0.15,0.306,0.288,0.458,0.36,0.374,0.386,0.17,0.359,0.376,0.331,0.336,89.9,31.7,5.7,42.0,94.869387534,18.6
"Montgomery, Jordan",656756,2024,532,478,83,15.6,8.3,0.312,0.496,0.369,0.865,0.184,0.351,0.284,0.452,0.37,0.35,0.347,0.167,0.413,0.386,0.373,0.345,88.6,36.6,8.2,41.0,94.218289135,26.9
"Kremer, Dean",665152,2024,553,493,123,22.2,9.2,0.223,0.371,0.297,0.668,0.148,0.258,0.238,0.435,0.294,0.331,0.314,0.197,0.334,0.388,0.293,0.318,87.4,31.1,4.0,35.4,93.507892033,23.3
"Banda, Anthony",607455,2024,209,185,50,23.9,8.6,0.238,0.351,0.309,0.66,0.113,0.295,0.227,0.368,0.281,0.285,0.3,0.141,0.342,0.348,0.321,0.308,88.3,30.9,3.6,38.8,94.107629851,30.0
"Diekman, Jake",518617,2024,145,114,40,27.6,16.6,0.202,0.447,0.354,0.801,0.245,0.232,0.217,0.4,0.35,0.348,0.37,0.183,0.408,0.405,0.303,0.332,87.0,36.4,6.5,39.0,93.756943733,28.7
"Hanifee, Brenan",669724,2024,120,114,23,19.2,5.0,0.237,0.36,0.275,0.635,0.123,0.281,0.237,0.349,0.277,0.275,0.276,0.112,0.319,0.318,0.297,0.297,86.1,27.5,4.4,36.3,93.210307363,17.7
"Wesneski, Hayden",669713,2024,283,260,67,23.7,7.4,0.215,0.392,0.279,0.671,0.177,0.243,0.232,0.434,0.293,0.318,0.295,0.202,0.348,0.384,0.29,0.313,87.6,32.6,6.2,36.8,93.85465901,25.7
"Corbin, Patrick",571578,2024,764,697,139,18.2,7.1,0.298,0.486,0.348,0.834,0.188,0.338,0.291,0.481,0.357,0.359,0.344,0.19,0.412,0.415,0.367,0.362,90.8,37.3,7.7,46.7,95.30570991,22.4
"Povich, Cade",700249,2024,352,313,69,19.6,9.7,0.256,0.454,0.332,0.786,0.198,0.291,0.229,0.411,0.339,0.316,0.309,0.182,0.383,0.35,0.325,0.292,88.4,32.5,6.1,36.6,93.762288566,22.3
"Burnes, Corbin",669203,2024,784,731,181,23.1,6.1,0.226,0.347,0.274,0.621,0.121,0.269,0.229,0.371,0.273,0.286,0.278,0.142,0.325,0.343,0.298,0.303,87.5,26.8,3.6,31.6,93.206229159,28.6
"Cousins, Jake",664776,2024,155,130,53,34.2,12.9,0.154,0.292,0.29,0.582,0.138,0.208,0.184,0.327,0.268,0.295,0.315,0.144,0.319,0.374,0.26,0.31,86.2,31.2,3.9,33.8,93.3060275,35.8
"Pérez, Martín",527048,2024,590,533,107,18.1,8.3,0.283,0.46,0.349,0.809,0.177,0.319,0.274,0.485,0.351,0.359,0.341,0.211,0.396,0.407,0.354,0.343,89.0,34.3,7.9,41.5,94.749829061,21.0
"Freeland, Kyle",607536,2024,490,460,85,17.3,5.3,0.291,0.507,0.329,0.836,0.216,0.315,0.274,0.488,0.357,0.345,0.314,0.214,0.414,0.398,0.355,0.335,90.3,34.7,7.1,40.7,94.84659904,17.1
"Woods Richardson, Simeon",680573,2024,569,509,117,20.6,8.4,0.246,0.385,0.31,0.695,0.139,0.285,0.236,0.406,0.305,0.315,0.305,0.17,0.344,0.359,0.313,0.306,88.4,35.7,6.5,36.2,93.54377801,22.3
"Snider, Collin",676092,2024,169,156,47,27.8,7.7,0.231,0.378,0.29,0.668,0.147,0.298,0.249,0.41,0.288,0.312,0.307,0.162,0.372,0.409,0.33,0.357,85.7,37.6,4.6,36.7,93.378800187,30.2
"Oller, Adam",670124,2024,189,165,36,19.0,11.6,0.261,0.436,0.354,0.79,0.175,0.295,0.233,0.421,0.347,0.332,0.331,0.188,0.38,0.359,0.333,0.298,90.4,28.7,3.9,38.8,94.207483228,21.5
"Morejon, Adrian",670970,2024,272,246,71,26.1,7.7,0.256,0.39,0.314,0.704,0.134,0.339,0.22,0.349,0.304,0.286,0.285,0.129,0.382,0.355,0.354,0.31,86.6,31.8,3.9,32.4,93.308896384,27.3
"Leiter Jr., Mark",643410,2024,256,231,86,33.6,8.6,0.238,0.39,0.313,0.703,0.152,0.343,0.222,0.352,0.308,0.291,0.298,0.131,0.427,0.397,0.379,0.354,88.8,33.1,6.2,40.0,94.120993819,38.3
"Henry, Tommy",674072,2024,182,157,30,16.5,9.9,0.312,0.586,0.392,0.978,0.274,0.333,0.285,0.52,0.414,0.385,0.371,0.235,0.462,0.422,0.38,0.349,91.3,34.6,6.9,46.2,95.232340698,16.7
"Rodríguez, Yerry",666720,2024,105,88,17,16.2,12.4,0.295,0.602,0.39,0.992,0.307,0.288,0.305,0.61,0.414,0.436,0.411,0.306,0.457,0.488,0.356,0.385,90.8,35.6,12.3,49.3,95.517463099,22.1
"Soroka, Michael",647336,2024,347,294,84,24.2,12.7,0.224,0.415,0.328,0.743,0.191,0.264,0.234,0.407,0.324,0.332,0.338,0.173,0.372,0.384,0.308,0.325,87.6,34.7,6.0,35.2,93.882228531,24.8
"Walker, Taijuan",592836,2024,381,338,58,15.2,9.7,0.317,0.589,0.386,0.975,0.272,0.32,0.291,0.564,0.413,0.398,0.366,0.273,0.459,0.438,0.378,0.352,91.4,37.8,6.7,46.3,95.427069787,16.7
"Megill, Tylor",656731,2024,337,298,91,27.0,9.5,0.235,0.372,0.315,0.687,0.137,0.308,0.233,0.399,0.304,0.318,0.316,0.166,0.37,0.393,0.335,0.337,88.9,36.4,5.7,42.6,94.285350976,28.6
"Bivens, Spencer",702352,2024,202,188,37,18.3,5.4,0.25,0.431,0.294,0.725,0.181,0.266,0.242,0.438,0.311,0.314,0.287,0.196,0.359,0.363,0.309,0.3,88.7,28.1,6.5,36.6,93.736214211,18.7
"Springs, Jeffrey",605488,2024,142,129,37,26.1,7.7,0.264,0.419,0.324,0.743,0.155,0.33,0.227,0.385,0.324,0.303,0.294,0.158,0.405,0.373,0.366,0.32,89.3,38.7,8.6,46.2,94.027314674,29.9
"Funderburk, Kody",681892,2024,161,136,32,19.9,9.3,0.301,0.478,0.381,0.859,0.177,0.356,0.277,0.422,0.37,0.354,0.369,0.145,0.419,0.395,0.38,0.361,87.8,35.8,4.6,34.9,93.786688333,25.0
"Finnegan, Kyle",640448,2024,271,245,60,22.1,8.9,0.249,0.4,0.315,0.715,0.151,0.294,0.259,0.43,0.309,0.327,0.325,0.171,0.365,0.392,0.328,0.343,91.3,31.6,8.0,48.1,95.621577135,23.1
"Hancock, Emerson",676106,2024,266,239,39,14.7,7.1,0.259,0.456,0.327,0.783,0.197,0.263,0.286,0.5,0.339,0.372,0.356,0.213,0.36,0.404,0.307,0.345,88.5,39.6,8.4,46.0,94.375983366,21.9
"Hentges, Sam",656529,2024,91,85,27,29.7,5.5,0.212,0.388,0.256,0.644,0.176,0.273,0.207,0.328,0.278,0.257,0.252,0.121,0.373,0.34,0.31,0.306,89.1,32.8,5.2,36.2,94.071008214,29.2
"Cano, Yennier",666974,2024,249,223,65,26.1,9.6,0.242,0.372,0.317,0.689,0.13,0.314,0.232,0.368,0.303,0.303,0.31,0.137,0.369,0.369,0.34,0.328,89.9,25.8,5.7,43.4,94.694487325,27.7
"Duran, Jhoan",661395,2024,228,204,66,28.9,6.6,0.235,0.363,0.305,0.668,0.128,0.326,0.207,0.291,0.292,0.265,0.282,0.084,0.375,0.332,0.345,0.307,87.0,28.4,3.5,36.2,93.699657153,32.9
"Walker, Ryan",676254,2024,308,279,99,32.1,5.8,0.179,0.265,0.251,0.516,0.086,0.256,0.191,0.299,0.233,0.255,0.262,0.109,0.294,0.331,0.276,0.295,86.4,31.3,4.4,30.2,93.372112011,28.6
"Leahy, Kyle",681517,2024,191,178,33,17.3,5.2,0.225,0.354,0.267,0.621,0.129,0.252,0.257,0.455,0.27,0.327,0.3,0.199,0.3,0.373,0.272,0.315,89.9,33.3,10.9,43.5,94.532200616,22.3
"Estévez, Carlos",608032,2024,212,198,50,23.6,5.7,0.192,0.313,0.241,0.554,0.121,0.229,0.217,0.404,0.235,0.283,0.265,0.186,0.286,0.353,0.255,0.29,90.3,38.9,5.4,42.3,94.476650872,25.6
"Stone, Gavin",694813,2024,580,537,116,20.0,6.4,0.248,0.402,0.297,0.699,0.154,0.283,0.252,0.406,0.304,0.312,0.302,0.154,0.351,0.363,0.314,0.32,88.2,32.5,4.5,36.2,93.702925548,24.7
"Civale, Aaron",650644,2024,689,627,149,21.6,7.5,0.252,0.44,0.314,0.754,0.188,0.286,0.241,0.408,0.327,0.315,0.306,0.166,0.385,0.367,0.329,0.317,89.4,36.5,9.8,39.4,94.002413711,21.9
"Blach, Ty",621389,2024,330,301,36,10.9,5.5,0.342,0.585,0.387,0.972,0.243,0.343,0.312,0.575,0.413,0.402,0.362,0.264,0.443,0.43,0.384,0.353,90.7,37.8,5.6,42.6,94.980568206,14.8
"Ashcraft, Graham",668933,2024,350,316,57,16.3,7.7,0.282,0.434,0.349,0.783,0.152,0.313,0.275,0.443,0.342,0.349,0.344,0.169,0.373,0.382,0.342,0.336,90.6,31.9,5.8,42.7,94.586504314,22.1
"Ross, Joe",605452,2024,321,287,66,20.6,9.0,0.251,0.359,0.319,0.678,0.108,0.3,0.238,0.395,0.299,0.312,0.309,0.157,0.337,0.356,0.321,0.308,88.7,30.8,3.1,38.8,93.973218468,27.1
"Martinez, Nick",607259,2024,570,539,116,20.4,3.2,0.237,0.377,0.267,0.644,0.14,0.278,0.242,0.373,0.279,0.282,0.271,0.131,0.332,0.337,0.3,0.306,86.4,34.0,4.0,30.5,92.978959505,23.1
"Meyer, Max",676974,2024,248,225,46,18.5,7.7,0.276,0.56,0.339,0.899,0.284,0.289,0.239,0.461,0.381,0.335,0.307,0.221,0.44,0.376,0.344,0.301,90.6,27.2,5.0,47.8,95.543548944,23.9
"Englert, Mason",669438,2024,93,87,16,17.2,5.4,0.264,0.529,0.312,0.841,0.265,0.284,0.271,0.533,0.353,0.361,0.318,0.263,0.409,0.42,0.324,0.332,89.9,35.2,7.0,47.9,95.296691429,27.4
"Bielak, Brandon",656232,2024,140,125,14,10.0,9.3,0.312,0.52,0.386,0.906,0.208,0.321,0.294,0.527,0.391,0.39,0.37,0.233,0.399,0.398,0.351,0.331,89.2,36.0,4.5,38.7,94.021383243,17.2
"Martinez, Seth",661527,2024,222,199,36,16.2,8.1,0.246,0.422,0.321,0.743,0.176,0.269,0.243,0.397,0.323,0.316,0.319,0.154,0.347,0.337,0.301,0.298,88.4,31.1,7.3,40.2,93.891014214,23.0
"Smith, Will",519293,2024,186,165,29,15.6,8.1,0.273,0.467,0.342,0.809,0.194,0.292,0.278,0.484,0.347,0.358,0.348,0.206,0.379,0.394,0.328,0.336,87.0,40.3,8.6,30.9,93.165260584,23.7
"Nola, Aaron",605400,2024,820,764,197,24.0,6.1,0.247,0.421,0.295,0.716,0.174,0.294,0.242,0.398,0.31,0.304,0.292,0.156,0.382,0.373,0.332,0.327,88.5,35.4,7.4,38.2,94.038174053,25.2
"Elder, Bryce",693821,2024,226,206,46,20.4,7.5,0.311,0.49,0.367,0.857,0.179,0.366,0.281,0.441,0.37,0.342,0.34,0.161,0.438,0.399,0.398,0.359,89.9,31.1,3.7,45.3,94.476407875,25.5
"Miller, Erik",669062,2024,284,244,87,30.6,13.4,0.205,0.344,0.313,0.657,0.139,0.285,0.189,0.304,0.296,0.28,0.3,0.115,0.361,0.332,0.316,0.293,89.5,25.3,3.2,41.1,94.208134167,30.6
"Ryan, River",689981,2024,81,72,18,22.2,11.1,0.208,0.278,0.296,0.574,0.07,0.264,0.231,0.373,0.263,0.307,0.317,0.142,0.28,0.346,0.278,0.308,84.3,35.2,1.9,27.8,92.271069074,23.9
"Keller, Mitch",656605,2024,773,697,166,21.5,6.5,0.261,0.446,0.321,0.767,0.185,0.308,0.246,0.415,0.331,0.322,0.311,0.169,0.388,0.375,0.338,0.323,88.8,38.0,6.1,39.3,94.078079089,21.5
"Saucedo, Tayler",642048,2024,166,146,38,22.9,10.8,0.24,0.356,0.331,0.687,0.116,0.305,0.211,0.308,0.301,0.276,0.307,0.097,0.345,0.308,0.324,0.287,85.2,25.9,2.8,27.8,92.556282336,28.1
"Brooks, Aaron",605156,2024,119,107,12,10.1,6.7,0.308,0.486,0.353,0.839,0.178,0.309,0.304,0.534,0.358,0.391,0.357,0.231,0.371,0.411,0.337,0.342,91.5,31.6,8.2,48.0,95.233301959,19.9
"Means, John",607644,2024,80,76,16,20.0,2.5,0.211,0.368,0.237,0.605,0.157,0.237,0.26,0.479,0.259,0.333,0.291,0.219,0.306,0.402,0.262,0.332,90.9,39.3,16.4,52.5,95.433425167,26.3
"Farmer, Buck",571656,2024,299,260,70,23.4,9.7,0.215,0.369,0.309,0.678,0.154,0.265,0.236,0.404,0.293,0.317,0.327,0.168,0.336,0.373,0.292,0.32,88.3,36.8,6.7,35.8,93.605760895,26.1
"Yarbrough, Ryan",642232,2024,398,348,65,16.3,8.0,0.201,0.325,0.289,0.614,0.124,0.215,0.243,0.395,0.273,0.322,0.329,0.152,0.275,0.341,0.246,0.301,86.0,33.6,3.8,29.4,92.615066512,21.1
"Harvey, Hunter",640451,2024,219,197,55,25.1,7.3,0.259,0.442,0.33,0.772,0.183,0.336,0.276,0.465,0.333,0.349,0.345,0.19,0.413,0.438,0.359,0.382,90.4,37.8,9.8,48.3,95.304975106,27.1
"Stratton, Hunter",676702,2024,158,145,33,20.9,4.4,0.255,0.372,0.303,0.675,0.117,0.312,0.23,0.363,0.297,0.286,0.28,0.133,0.349,0.333,0.33,0.298,87.3,32.2,3.5,31.3,93.397733694,27.4
"Roberts, Ethan",681799,2024,118,107,26,22.0,8.5,0.29,0.421,0.356,0.777,0.131,0.359,0.252,0.396,0.341,0.319,0.322,0.144,0.403,0.371,0.383,0.333,91.0,40.7,7.4,43.2,94.862840247,27.2
"Houck, Tanner",656557,2024,743,674,154,20.7,6.5,0.231,0.32,0.296,0.616,0.089,0.283,0.256,0.394,0.276,0.318,0.319,0.139,0.306,0.366,0.298,0.33,89.4,30.2,6.1,41.8,94.430703969,22.6
"Smyly, Drew",592767,2024,257,226,56,21.8,9.7,0.252,0.416,0.333,0.749,0.164,0.292,0.232,0.373,0.325,0.302,0.316,0.141,0.377,0.344,0.333,0.307,89.2,34.1,6.9,38.2,94.083570476,25.2
"Montero, Keider",672456,2024,412,378,77,18.7,7.5,0.265,0.463,0.325,0.788,0.198,0.287,0.282,0.464,0.341,0.352,0.341,0.183,0.389,0.403,0.332,0.354,88.9,34.6,5.3,37.9,93.862829269,21.5
"Wicks, Jordan",696136,2024,212,189,42,19.8,9.4,0.291,0.497,0.365,0.862,0.206,0.333,0.265,0.465,0.373,0.352,0.342,0.2,0.432,0.402,0.374,0.341,89.4,35.8,7.4,39.9,94.331509178,23.4
"Roupp, Landen",694738,2024,217,190,47,21.7,12.0,0.226,0.326,0.323,0.649,0.1,0.291,0.238,0.363,0.294,0.313,0.333,0.125,0.315,0.345,0.301,0.316,89.0,35.0,9.1,39.2,94.250249085,25.3
"Junis, Jakob",596001,2024,253,241,51,20.2,3.2,0.203,0.361,0.237,0.598,0.158,0.224,0.25,0.43,0.259,0.309,0.282,0.18,0.302,0.369,0.257,0.316,90.0,35.1,6.3,42.4,94.199237487,24.6
"Soriano, George",666277,2024,131,112,29,22.1,9.9,0.241,0.509,0.336,0.845,0.268,0.256,0.286,0.535,0.36,0.389,0.375,0.249,0.416,0.461,0.318,0.379,89.0,51.8,10.6,45.9,95.011721786,25.5
"Anderson, Justin",605121,2024,243,205,57,23.5,13.6,0.234,0.351,0.347,0.698,0.117,0.299,0.236,0.431,0.314,0.343,0.349,0.195,0.346,0.393,0.322,0.325,87.3,39.3,9.3,35.3,93.849010203,29.7
"Gallegos, Giovanny",606149,2024,94,84,21,22.3,10.6,0.286,0.607,0.362,0.969,0.321,0.316,0.25,0.434,0.409,0.337,0.329,0.184,0.5,0.394,0.381,0.333,86.9,30.2,7.9,41.3,93.934264444,26.7
"López, Reynaldo",625643,2024,543,492,148,27.3,7.7,0.22,0.333,0.28,0.613,0.113,0.288,0.238,0.402,0.271,0.31,0.301,0.163,0.333,0.394,0.309,0.341,89.8,37.3,4.8,42.2,94.317767471,27.5
"Scott, Tayler",605463,2024,282,239,71,25.2,12.4,0.188,0.31,0.299,0.609,0.122,0.232,0.215,0.32,0.275,0.294,0.323,0.105,0.297,0.327,0.263,0.303,88.0,33.3,8.8,35.7,93.408071,29.5
"Criswell, Cooper",681867,2024,424,377,73,17.2,7.3,0.273,0.422,0.333,0.755,0.149,0.308,0.259,0.409,0.327,0.324,0.324,0.149,0.359,0.355,0.33,0.317,89.3,33.2,7.0,37.4,94.249624744,17.2
"Bender, Anthony",669622,2024,228,204,59,25.9,7.9,0.245,0.353,0.317,0.67,0.108,0.329,0.228,0.341,0.296,0.289,0.303,0.113,0.359,0.348,0.342,0.32,87.7,32.0,6.1,40.8,93.922491164,22.2
"Woo, Bryan",693433,2024,472,454,101,21.4,2.8,0.211,0.337,0.237,0.574,0.126,0.24,0.22,0.351,0.249,0.263,0.246,0.131,0.3,0.318,0.27,0.283,88.8,29.9,6.2,35.2,93.508315157,23.6
"Montas, Frankie",593423,2024,655,576,148,22.6,10.1,0.243,0.42,0.325,0.745,0.177,0.284,0.244,0.437,0.325,0.336,0.327,0.193,0.376,0.392,0.323,0.327,89.3,36.2,7.4,43.1,94.576313396,24.9
"Kelly, Joe",523260,2024,143,119,35,24.5,11.2,0.261,0.412,0.369,0.781,0.151,0.333,0.233,0.417,0.344,0.345,0.35,0.184,0.403,0.405,0.365,0.334,88.7,33.7,4.7,43.0,94.621151294,22.4
"Nardi, Andrew",677053,2024,210,188,70,33.3,8.6,0.234,0.426,0.301,0.727,0.192,0.327,0.194,0.332,0.312,0.265,0.266,0.138,0.437,0.357,0.367,0.306,88.2,33.9,5.8,34.7,93.378505085,31.1
"Imanaga, Shota",684007,2024,694,662,174,25.1,4.0,0.225,0.385,0.259,0.644,0.16,0.264,0.231,0.398,0.279,0.288,0.265,0.167,0.352,0.365,0.305,0.313,88.6,36.0,5.7,39.3,93.931424733,28.3
"Bowman, Matt",621199,2024,132,117,24,18.2,9.8,0.222,0.41,0.311,0.721,0.188,0.239,0.245,0.46,0.314,0.342,0.331,0.215,0.337,0.377,0.28,0.308,89.3,36.6,9.7,40.9,94.413392903,18.6
"Hill, Tim",657612,2024,291,266,31,10.7,6.5,0.289,0.338,0.338,0.676,0.049,0.318,0.261,0.328,0.299,0.297,0.317,0.067,0.306,0.304,0.324,0.298,88.0,20.1,5.0,40.6,94.298682979,12.8
"Hader, Josh",623352,2024,278,251,105,37.8,9.0,0.171,0.343,0.248,0.591,0.172,0.23,0.173,0.339,0.261,0.261,0.25,0.166,0.371,0.371,0.293,0.295,89.7,33.3,4.8,38.8,94.450776,40.5
"Ortiz, Luis",682847,2024,556,500,107,19.2,7.6,0.218,0.372,0.288,0.66,0.154,0.243,0.238,0.433,0.287,0.324,0.308,0.194,0.315,0.367,0.274,0.303,89.0,34.9,6.5,37.7,94.10121864,21.0
"Crouse, Hans",668968,2024,107,87,34,31.8,15.9,0.161,0.276,0.311,0.587,0.115,0.235,0.164,0.346,0.273,0.297,0.315,0.182,0.305,0.355,0.264,0.271,85.4,31.5,9.3,29.6,92.614194231,35.4
"Marsh, Alec",679525,2024,548,493,123,22.4,7.1,0.249,0.434,0.316,0.75,0.185,0.293,0.261,0.461,0.325,0.343,0.328,0.201,0.383,0.41,0.329,0.346,89.7,38.0,8.6,40.9,94.623945041,23.5
"Erceg, Lucas",668674,2024,253,231,72,28.5,6.3,0.212,0.303,0.281,0.584,0.091,0.295,0.221,0.342,0.259,0.281,0.289,0.121,0.322,0.356,0.308,0.321,85.9,31.4,4.4,33.3,92.89598956,31.0
"Heaney, Andrew",571760,2024,693,634,159,22.9,5.9,0.251,0.41,0.307,0.717,0.159,0.299,0.251,0.442,0.312,0.328,0.309,0.191,0.374,0.397,0.333,0.336,89.6,37.4,7.9,40.1,94.388347616,26.3
"Sandlin, Nick",680704,2024,246,207,68,27.6,11.0,0.222,0.435,0.325,0.76,0.213,0.262,0.221,0.425,0.328,0.33,0.327,0.205,0.405,0.408,0.324,0.327,91.3,29.0,5.5,42.8,95.121476028,33.7
"Guenther, Sean",674944,2024,73,69,12,16.4,2.7,0.13,0.188,0.178,0.366,0.058,0.158,0.199,0.278,0.167,0.236,0.243,0.079,0.165,0.253,0.158,0.241,88.6,21.1,3.5,31.6,93.011526667,19.0
"Shuster, Jared",694363,2024,321,283,56,17.4,10.3,0.261,0.41,0.333,0.743,0.149,0.291,0.265,0.428,0.324,0.334,0.337,0.163,0.35,0.365,0.319,0.324,87.5,37.9,3.9,31.9,93.046398952,23.4
"Devenski, Chris",606965,2024,122,108,24,19.7,11.5,0.259,0.583,0.344,0.927,0.324,0.253,0.247,0.538,0.392,0.371,0.334,0.291,0.454,0.424,0.333,0.318,91.0,33.3,9.5,44.0,95.02254,27.1
"McFarland, T.J.",519008,2024,235,210,39,16.6,7.2,0.252,0.367,0.316,0.683,0.115,0.288,0.238,0.352,0.293,0.291,0.306,0.114,0.321,0.319,0.305,0.291,87.5,26.3,7.4,34.9,93.452573471,19.2
"Morton, Charlie",450203,2024,701,613,167,23.8,9.3,0.251,0.427,0.339,0.766,0.176,0.307,0.242,0.415,0.335,0.331,0.332,0.174,0.394,0.388,0.342,0.331,88.7,33.0,5.5,38.4,93.929105313,26.1
"Vest, Will",676684,2024,289,261,63,21.8,6.2,0.234,0.31,0.285,0.595,0.076,0.289,0.261,0.384,0.261,0.31,0.316,0.123,0.301,0.369,0.299,0.343,88.4,36.6,8.3,38.0,93.836313088,24.3
"Aguiar, Julian",687924,2024,140,123,19,13.6,8.6,0.244,0.488,0.336,0.824,0.244,0.229,0.228,0.462,0.354,0.34,0.322,0.233,0.366,0.346,0.288,0.27,88.9,31.7,7.7,35.6,94.014541373,18.6
"Priester, Quinn",682990,2024,221,202,33,14.9,6.3,0.277,0.421,0.33,0.751,0.144,0.299,0.269,0.414,0.327,0.328,0.326,0.145,0.354,0.356,0.327,0.321,89.3,28.1,7.0,46.2,94.649414226,22.2
"Germán, Domingo",593334,2024,100,84,18,18.0,13.0,0.298,0.464,0.404,0.868,0.166,0.339,0.266,0.447,0.379,0.361,0.377,0.181,0.416,0.389,0.379,0.339,88.9,34.8,4.5,36.4,93.518192273,20.3
"Hernández, Jonathan",642546,2024,192,160,39,20.3,14.6,0.256,0.431,0.366,0.797,0.175,0.299,0.239,0.407,0.348,0.337,0.353,0.169,0.381,0.363,0.333,0.312,89.2,33.9,6.5,39.5,94.181991138,30.1
"Pivetta, Nick",601713,2024,595,554,172,28.9,6.1,0.231,0.439,0.277,0.716,0.208,0.279,0.217,0.412,0.306,0.292,0.265,0.196,0.407,0.385,0.332,0.312,89.4,38.9,8.0,38.9,93.96201671,25.6
"Cecconi, Slade",677944,2024,338,313,64,18.9,5.0,0.294,0.527,0.335,0.862,0.233,0.322,0.252,0.461,0.366,0.33,0.3,0.209,0.433,0.385,0.365,0.318,89.0,36.0,7.9,36.4,94.005374217,19.6
"Suarez, José",660761,2024,240,208,56,23.3,11.3,0.274,0.495,0.367,0.862,0.221,0.342,0.254,0.413,0.371,0.341,0.351,0.16,0.442,0.394,0.373,0.348,89.0,37.3,9.8,47.7,94.970841176,27.5
"Staumont, Josh",622251,2024,102,85,18,17.6,13.7,0.2,0.212,0.314,0.526,0.012,0.246,0.248,0.326,0.252,0.325,0.36,0.078,0.223,0.33,0.246,0.315,86.8,29.0,4.3,34.8,93.140265294,25.9
"Scott, Christian",681035,2024,197,180,39,19.8,6.1,0.25,0.433,0.303,0.736,0.183,0.276,0.244,0.443,0.318,0.321,0.298,0.2,0.369,0.372,0.317,0.31,89.2,37.1,6.3,35.7,94.142890704,21.6
"Herz, DJ",687792,2024,382,340,106,27.7,9.4,0.224,0.359,0.303,0.662,0.135,0.29,0.207,0.352,0.294,0.286,0.288,0.145,0.36,0.348,0.323,0.3,89.4,30.9,5.9,34.7,93.635577013,29.3
"Moore, Matt",519043,2024,210,179,41,19.5,12.4,0.218,0.436,0.324,0.76,0.218,0.22,0.214,0.424,0.329,0.324,0.32,0.21,0.358,0.351,0.283,0.277,88.8,38.3,8.5,35.5,93.797852941,26.7
"Bellozo, Valente",678368,2024,295,270,44,14.9,7.1,0.256,0.481,0.312,0.793,0.225,0.254,0.247,0.496,0.338,0.347,0.308,0.249,0.37,0.381,0.303,0.297,90.0,34.2,7.0,42.1,94.499034159,19.5
"Wilson, Steven",621051,2024,163,128,34,20.9,16.0,0.227,0.469,0.362,0.831,0.242,0.236,0.243,0.445,0.347,0.354,0.379,0.202,0.387,0.397,0.299,0.327,86.6,34.0,4.0,31.0,92.836285052,24.7
"Nelson, Ryne",669194,2024,630,583,126,20.0,5.4,0.266,0.446,0.308,0.754,0.18,0.309,0.262,0.419,0.322,0.316,0.307,0.157,0.38,0.372,0.334,0.333,90.1,34.5,5.8,41.6,94.487586272,18.2
"Hjelle, Sean",663546,2024,337,314,75,22.3,4.2,0.268,0.398,0.308,0.706,0.13,0.322,0.247,0.385,0.306,0.297,0.29,0.138,0.374,0.361,0.35,0.324,88.7,29.6,4.5,37.4,93.88649477,21.4
"Stanek, Ryne",592773,2024,241,212,67,27.8,10.4,0.226,0.387,0.315,0.702,0.161,0.29,0.202,0.368,0.307,0.292,0.295,0.165,0.379,0.354,0.329,0.294,90.2,34.2,7.5,41.8,94.146185862,33.2
"Yamamoto, Yoshinobu",808967,2024,368,340,105,28.5,6.0,0.229,0.365,0.275,0.64,0.136,0.306,0.232,0.367,0.278,0.292,0.281,0.135,0.361,0.382,0.326,0.336,88.4,34.2,7.1,41.3,94.490868143,27.0
"Ginn, J.T.",669372,2024,142,131,29,20.4,6.3,0.275,0.405,0.331,0.736,0.13,0.327,0.267,0.434,0.321,0.331,0.324,0.167,0.375,0.389,0.353,0.343,90.3,34.3,3.9,45.1,94.82273402,28.3
"Romero, JoJo",668941,2024,243,220,51,21.0,6.6,0.236,0.395,0.302,0.697,0.159,0.272,0.267,0.465,0.305,0.346,0.329,0.198,0.349,0.407,0.306,0.346,89.9,34.5,4.7,39.8,94.412021758,25.4
"Soriano, José",667755,2024,468,407,97,20.7,9.6,0.224,0.329,0.311,0.64,0.105,0.27,0.24,0.379,0.287,0.319,0.328,0.14,0.307,0.354,0.289,0.314,89.9,28.5,7.3,44.3,94.75069,23.7
"Robertson, David",502085,2024,297,262,99,33.3,9.4,0.202,0.282,0.291,0.573,0.08,0.302,0.21,0.331,0.257,0.28,0.298,0.121,0.334,0.377,0.323,0.337,88.7,31.1,4.9,37.8,93.895541534,29.5
"Nance, Tommy",667297,2024,93,81,19,20.4,9.7,0.222,0.37,0.304,0.674,0.148,0.262,0.248,0.418,0.288,0.329,0.334,0.171,0.324,0.383,0.286,0.329,87.3,39.1,4.7,35.9,93.384388871,26.4
"Sears, JP",676664,2024,758,685,137,18.1,6.5,0.251,0.439,0.311,0.75,0.188,0.273,0.239,0.454,0.324,0.328,0.301,0.215,0.362,0.367,0.31,0.297,89.3,32.7,7.9,40.2,94.379787855,21.8
"Brito, Jhony",666745,2024,185,173,29,15.7,5.4,0.283,0.387,0.321,0.708,0.104,0.319,0.261,0.416,0.308,0.315,0.302,0.154,0.345,0.355,0.338,0.314,87.3,30.1,6.2,35.6,93.492310966,19.0
"Fitts, Richard",690916,2024,85,76,9,10.6,8.2,0.25,0.289,0.313,0.602,0.039,0.284,0.261,0.389,0.273,0.316,0.324,0.128,0.267,0.319,0.284,0.296,88.5,33.3,10.1,33.3,93.454070896,15.2
"Rodríguez, Yariel",684320,2024,368,323,85,23.1,10.9,0.229,0.387,0.319,0.706,0.158,0.276,0.228,0.372,0.312,0.31,0.319,0.144,0.355,0.351,0.31,0.309,87.8,28.9,3.8,37.2,93.720160549,25.7
"Sandoval, Patrick",663776,2024,353,312,81,22.9,9.9,0.272,0.401,0.349,0.75,0.129,0.342,0.257,0.399,0.329,0.325,0.336,0.142,0.387,0.381,0.365,0.345,87.9,32.9,4.7,36.3,93.645202078,26.5
"Miller, Bryce",682243,2024,704,654,171,24.3,6.4,0.2,0.338,0.254,0.592,0.138,0.237,0.226,0.414,0.26,0.301,0.279,0.188,0.309,0.37,0.27,0.306,90.3,32.8,6.6,41.2,94.328141625,24.4
"Coulombe, Danny",543056,2024,107,102,32,29.9,4.7,0.147,0.265,0.187,0.452,0.118,0.179,0.213,0.365,0.199,0.271,0.25,0.153,0.255,0.366,0.214,0.311,90.3,27.1,7.1,47.1,95.036747681,24.0
"Crochet, Garrett",676979,2024,595,555,209,35.1,5.5,0.222,0.371,0.271,0.642,0.149,0.318,0.201,0.35,0.28,0.266,0.252,0.149,0.403,0.38,0.353,0.323,88.3,34.5,5.5,38.8,94.146127471,33.1
"Alexander, Tyler",641302,2024,455,419,90,19.8,5.3,0.263,0.48,0.307,0.787,0.217,0.28,0.256,0.474,0.335,0.335,0.304,0.218,0.395,0.395,0.329,0.325,88.4,36.6,7.4,37.2,93.866581333,20.1
"Speier, Gabe",642100,2024,104,84,33,31.7,13.5,0.226,0.345,0.34,0.685,0.119,0.327,0.193,0.307,0.304,0.282,0.315,0.115,0.381,0.339,0.352,0.304,88.2,23.6,1.8,36.4,93.482290566,31.0
"Crawford, Kutter",676710,2024,759,695,175,23.1,6.7,0.223,0.419,0.284,0.703,0.196,0.247,0.222,0.422,0.304,0.307,0.283,0.2,0.361,0.366,0.296,0.296,88.4,33.4,5.9,36.3,93.646279363,25.3
"Schreiber, John",670167,2024,224,198,46,20.5,8.9,0.242,0.318,0.321,0.639,0.076,0.307,0.227,0.317,0.287,0.288,0.31,0.09,0.311,0.314,0.312,0.295,89.0,25.3,3.2,37.0,94.1672988,21.6
"Luzardo, Jesús",666200,2024,274,248,58,21.2,8.0,0.246,0.411,0.311,0.722,0.165,0.286,0.252,0.44,0.315,0.331,0.318,0.187,0.364,0.386,0.319,0.329,90.4,33.3,5.2,41.1,94.572347196,29.6
"Garabito, Gerson",642520,2024,115,96,22,19.1,10.4,0.24,0.396,0.342,0.738,0.156,0.264,0.273,0.519,0.326,0.388,0.375,0.246,0.343,0.436,0.303,0.351,87.7,44.2,6.5,35.1,93.825125867,20.8
"Pagán, Emilio",641941,2024,158,144,44,27.8,7.0,0.278,0.444,0.323,0.767,0.166,0.351,0.243,0.429,0.33,0.317,0.297,0.186,0.432,0.413,0.388,0.349,90.4,36.9,11.7,50.5,95.238884216,29.6
"Cole, Gerrit",543037,2024,390,355,99,25.4,7.4,0.22,0.358,0.29,0.648,0.138,0.273,0.223,0.385,0.286,0.3,0.293,0.162,0.342,0.363,0.305,0.31,89.7,31.6,7.4,39.5,94.074448672,24.8
"McKenzie, Triston",663474,2024,340,288,74,21.8,14.4,0.24,0.479,0.351,0.83,0.239,0.255,0.237,0.488,0.359,0.36,0.349,0.251,0.407,0.409,0.321,0.318,90.7,31.6,4.2,41.9,94.829605352,23.1
"Tyler, Kyle",667725,2024,142,123,25,17.6,12.7,0.301,0.423,0.394,0.817,0.122,0.351,0.293,0.469,0.363,0.379,0.388,0.176,0.392,0.415,0.378,0.368,88.7,32.7,7.1,45.9,94.751034286,26.1
"Cabrera, Edward",665795,2024,417,361,107,25.7,11.8,0.227,0.391,0.326,0.717,0.164,0.278,0.241,0.423,0.317,0.337,0.338,0.183,0.371,0.402,0.32,0.34,89.7,32.4,8.6,45.7,94.921917421,28.0
"Chargois, JT",608638,2024,146,131,30,20.5,8.9,0.183,0.344,0.267,0.611,0.161,0.189,0.232,0.427,0.269,0.321,0.311,0.195,0.29,0.365,0.238,0.301,89.7,38.6,8.9,41.6,94.218045545,23.7
"Basso, Brady",669620,2024,93,87,19,20.4,5.4,0.264,0.379,0.301,0.68,0.115,0.303,0.248,0.396,0.297,0.298,0.286,0.148,0.35,0.351,0.333,0.314,89.6,33.3,2.9,42.0,93.402275362,24.1
"Domínguez, Seranthony",622554,2024,255,231,68,26.7,8.2,0.225,0.424,0.294,0.718,0.199,0.263,0.208,0.414,0.312,0.303,0.279,0.207,0.388,0.374,0.317,0.293,86.9,35.4,4.3,32.9,93.230323272,26.4
"Marinaccio, Ron",676760,2024,99,83,25,25.3,10.1,0.217,0.41,0.316,0.726,0.193,0.25,0.213,0.387,0.317,0.32,0.322,0.174,0.367,0.373,0.3,0.309,89.2,27.9,4.9,39.3,94.376782586,27.9
"Moll, Sam",594580,2024,152,134,38,25.0,9.2,0.201,0.313,0.283,0.596,0.112,0.253,0.194,0.328,0.261,0.269,0.28,0.134,0.301,0.313,0.276,0.271,88.8,27.6,6.1,36.7,93.818633125,25.6
"Falter, Bailey",663559,2024,589,531,97,16.5,7.6,0.26,0.424,0.315,0.739,0.164,0.287,0.264,0.465,0.32,0.34,0.321,0.201,0.353,0.38,0.314,0.323,90.1,36.6,7.4,41.3,94.430660482,19.6
"Burke, Brock",656271,2024,154,135,41,26.6,10.4,0.274,0.467,0.357,0.824,0.193,0.363,0.224,0.335,0.352,0.292,0.318,0.111,0.447,0.35,0.389,0.326,90.1,30.5,5.3,41.1,94.312216211,29.1
"Ragans, Cole",666142,2024,762,685,223,29.3,8.8,0.213,0.334,0.289,0.623,0.121,0.292,0.213,0.344,0.277,0.284,0.289,0.13,0.346,0.358,0.315,0.317,88.3,31.8,6.7,35.4,93.553010853,32.0
"Rea, Colin",607067,2024,714,656,135,18.9,6.0,0.258,0.447,0.311,0.758,0.189,0.282,0.269,0.463,0.327,0.342,0.323,0.194,0.374,0.395,0.322,0.338,90.4,36.3,6.8,42.0,94.594415173,19.3
"Megill, Trevor",656730,2024,183,165,50,27.3,7.7,0.2,0.291,0.264,0.555,0.091,0.257,0.208,0.344,0.239,0.268,0.274,0.136,0.298,0.343,0.282,0.299,91.2,36.4,6.8,42.4,94.490318205,29.7
"Bido, Osvaldo",674370,2024,259,224,63,24.3,10.0,0.192,0.286,0.295,0.581,0.094,0.252,0.18,0.279,0.265,0.26,0.284,0.1,0.283,0.274,0.265,0.249,85.6,32.5,6.1,27.0,92.559819136,26.4
"Baz, Shane",669358,2024,319,285,69,21.6,8.5,0.2,0.319,0.276,0.595,0.119,0.229,0.217,0.381,0.266,0.3,0.293,0.164,0.289,0.338,0.26,0.285,90.5,28.3,5.0,42.0,94.212895936,24.6
"Winckowski, Josh",670174,2024,336,298,60,17.9,7.7,0.272,0.423,0.334,0.757,0.151,0.306,0.26,0.41,0.327,0.322,0.325,0.15,0.366,0.361,0.335,0.322,88.5,34.1,6.1,43.1,94.343318208,20.9
"Floro, Dylan",571670,2024,279,258,48,17.2,6.1,0.252,0.349,0.299,0.648,0.097,0.29,0.259,0.397,0.285,0.311,0.307,0.138,0.315,0.349,0.307,0.317,90.2,34.3,6.1,39.0,94.144938798,18.4
"Bubic, Kris",663460,2024,121,112,39,32.2,4.1,0.232,0.348,0.261,0.609,0.116,0.329,0.189,0.279,0.252,0.215,0.222,0.09,0.371,0.314,0.347,0.286,83.4,26.0,6.5,28.6,92.231484384,30.5
"Kuhl, Chad",641771,2024,240,205,54,22.5,10.4,0.273,0.41,0.367,0.777,0.137,0.347,0.241,0.382,0.343,0.325,0.34,0.141,0.395,0.367,0.368,0.327,88.4,33.8,4.5,38.3,93.761976026,27.1
"Abreu, Bryan",650556,2024,325,285,103,31.7,9.8,0.207,0.344,0.299,0.643,0.137,0.287,0.196,0.337,0.288,0.284,0.291,0.141,0.366,0.359,0.322,0.307,90.4,32.1,6.0,38.0,94.097664645,34.0
"Pérez, Cionel",672335,2024,238,203,46,19.3,11.8,0.232,0.31,0.338,0.648,0.078,0.297,0.218,0.318,0.296,0.297,0.326,0.099,0.3,0.301,0.297,0.281,88.3,29.6,6.3,34.0,93.832232308,23.7
"Ryan, Ryder",656924,2024,93,78,17,18.3,9.7,0.269,0.436,0.359,0.795,0.167,0.311,0.266,0.457,0.346,0.36,0.361,0.191,0.372,0.393,0.333,0.336,90.2,36.5,4.8,44.4,94.773042295,23.5
"Roycroft, Chris",688297,2024,155,130,33,21.3,11.0,0.238,0.354,0.338,0.692,0.116,0.296,0.219,0.304,0.309,0.292,0.323,0.085,0.329,0.304,0.31,0.287,86.9,25.7,5.9,33.7,93.446520825,22.1
"Booser, Cam",592155,2024,183,164,43,23.5,8.7,0.25,0.39,0.311,0.701,0.14,0.303,0.227,0.388,0.304,0.298,0.293,0.162,0.362,0.354,0.331,0.304,88.6,38.7,5.6,36.3,93.842475574,28.9
"Phillips, Evan",623465,2024,228,207,63,27.6,7.5,0.232,0.372,0.291,0.663,0.14,0.3,0.223,0.354,0.288,0.284,0.285,0.131,0.366,0.36,0.329,0.32,85.9,36.1,4.1,32.7,92.767791301,27.7
"Davis, Noah",663562,2024,96,88,15,15.6,7.3,0.352,0.523,0.4,0.923,0.171,0.4,0.268,0.418,0.399,0.324,0.322,0.15,0.453,0.356,0.425,0.323,88.1,29.7,4.1,33.8,93.898810411,16.5
"Alvarado, José",621237,2024,258,228,63,24.4,10.9,0.215,0.346,0.302,0.648,0.131,0.269,0.234,0.374,0.288,0.311,0.32,0.141,0.329,0.365,0.295,0.322,89.5,31.3,6.6,41.0,94.479599877,28.4
"Lodolo, Nick",666157,2024,493,437,122,24.7,7.5,0.231,0.38,0.316,0.696,0.149,0.29,0.223,0.361,0.309,0.301,0.309,0.138,0.361,0.348,0.32,0.309,89.2,32.6,5.7,38.0,94.164027252,28.1
"Gallen, Zac",668678,2024,621,561,156,25.1,8.7,0.237,0.376,0.308,0.684,0.139,0.305,0.242,0.39,0.301,0.311,0.313,0.148,0.361,0.376,0.327,0.335,90.0,34.9,7.6,41.0,94.40298237,26.0
"Rodríguez, Manuel",655889,2024,158,137,34,21.5,7.0,0.212,0.307,0.292,0.599,0.095,0.257,0.234,0.334,0.268,0.289,0.312,0.1,0.294,0.324,0.279,0.308,88.7,30.2,4.7,34.9,94.094053077,26.6
"Mayza, Tim",641835,2024,195,175,28,14.4,7.7,0.309,0.486,0.359,0.845,0.177,0.336,0.282,0.474,0.358,0.349,0.339,0.192,0.393,0.382,0.358,0.332,88.3,42.4,6.6,38.4,93.76203585,17.5
"Peralta, Wandy",593974,2024,162,143,22,13.6,8.0,0.231,0.378,0.315,0.693,0.147,0.233,0.264,0.445,0.307,0.355,0.347,0.182,0.305,0.369,0.27,0.313,89.1,32.0,5.7,43.4,94.761495126,19.1
"Mize, Casey",663554,2024,452,417,78,17.3,6.4,0.29,0.436,0.336,0.772,0.146,0.331,0.283,0.44,0.335,0.338,0.331,0.158,0.378,0.383,0.353,0.345,90.6,32.4,6.1,44.6,95.082817876,22.0
"Schwellenbach, Spencer",680885,2024,500,468,127,25.4,4.6,0.226,0.391,0.271,0.662,0.165,0.28,0.238,0.38,0.286,0.291,0.282,0.142,0.359,0.367,0.31,0.326,87.6,35.2,7.3,39.8,93.853559824,27.4
"Poche, Colin",621363,2024,153,138,33,21.6,8.5,0.217,0.391,0.281,0.672,0.174,0.23,0.231,0.412,0.287,0.301,0.293,0.181,0.334,0.354,0.28,0.298,91.1,28.0,4.7,42.1,94.799158095,23.4
"Buttó, José",676130,2024,294,246,79,26.9,12.9,0.167,0.276,0.287,0.563,0.109,0.212,0.19,0.334,0.26,0.294,0.309,0.144,0.272,0.33,0.24,0.278,88.7,30.2,6.4,37.8,93.911438421,32.0
"Beeks, Jalen",656222,2024,312,276,55,17.6,8.7,0.279,0.388,0.346,0.734,0.109,0.326,0.241,0.38,0.322,0.305,0.313,0.139,0.354,0.332,0.344,0.298,87.2,30.4,4.0,33.0,93.31572095,23.2
"Olson, Reese",681857,2024,465,421,101,21.7,7.1,0.238,0.347,0.295,0.642,0.109,0.291,0.245,0.366,0.282,0.299,0.304,0.121,0.323,0.347,0.306,0.319,90.2,31.2,3.4,43.7,94.564723498,28.7
"Lorenzen, Michael",547179,2024,535,468,97,18.1,11.0,0.216,0.372,0.31,0.682,0.156,0.236,0.24,0.423,0.303,0.332,0.332,0.183,0.314,0.356,0.271,0.302,88.5,32.2,8.6,39.4,94.185249946,22.8
"Adam, Jason",592094,2024,282,251,81,28.7,8.2,0.159,0.259,0.245,0.504,0.1,0.21,0.204,0.35,0.224,0.283,0.287,0.146,0.26,0.357,0.233,0.302,88.5,29.7,8.1,37.8,94.095814556,38.4
"Cannon, Jonathan",686563,2024,522,475,91,17.4,7.7,0.263,0.44,0.324,0.764,0.177,0.291,0.256,0.425,0.332,0.328,0.319,0.169,0.369,0.364,0.324,0.316,89.0,38.3,6.5,36.3,93.823911325,21.8
"Little, Luke",681432,2024,109,86,28,25.7,16.5,0.174,0.256,0.339,0.595,0.082,0.241,0.186,0.273,0.282,0.296,0.349,0.087,0.269,0.294,0.254,0.271,87.4,15.3,3.4,40.7,93.68350431,26.8
"Varland, Gus",681402,2024,115,106,27,23.5,7.0,0.283,0.406,0.339,0.745,0.123,0.364,0.242,0.364,0.324,0.292,0.302,0.122,0.397,0.352,0.38,0.326,89.5,38.0,6.3,39.2,93.923339351,24.5
"Jax, Griffin",643377,2024,276,256,95,34.4,5.4,0.184,0.281,0.234,0.515,0.097,0.272,0.186,0.312,0.227,0.243,0.236,0.126,0.314,0.342,0.29,0.294,88.2,23.9,3.7,38.7,93.862430186,37.8
"Kirby, George",669923,2024,778,740,179,23.0,3.0,0.245,0.393,0.272,0.665,0.148,0.292,0.232,0.403,0.287,0.29,0.263,0.171,0.356,0.36,0.32,0.307,89.0,30.5,5.8,36.3,93.753520357,24.1
"Gilbert, Logan",669302,2024,803,756,220,27.4,4.6,0.196,0.353,0.236,0.589,0.157,0.237,0.22,0.373,0.255,0.276,0.26,0.152,0.326,0.358,0.274,0.309,89.6,33.0,5.7,39.3,94.386132799,31.7
"Wilson, Justin",458677,2024,209,192,51,24.4,6.2,0.286,0.495,0.335,0.83,0.209,0.338,0.239,0.446,0.354,0.317,0.294,0.207,0.447,0.394,0.385,0.325,88.6,35.7,7.7,41.3,94.558569007,25.1
"Quantrill, Cal",615698,2024,656,571,110,16.8,10.5,0.273,0.461,0.361,0.822,0.188,0.302,0.271,0.444,0.358,0.355,0.36,0.174,0.384,0.381,0.336,0.335,89.1,37.1,7.7,41.2,94.354738243,21.6
"Clase, Emmanuel",661403,2024,270,253,66,24.4,3.7,0.154,0.202,0.19,0.392,0.048,0.197,0.212,0.305,0.175,0.247,0.248,0.093,0.205,0.307,0.205,0.286,86.5,31.8,4.2,29.7,92.771488368,27.1
"Bernardino, Brennan",657514,2024,226,195,56,24.8,9.7,0.256,0.405,0.347,0.752,0.149,0.326,0.231,0.388,0.322,0.31,0.327,0.156,0.391,0.373,0.355,0.323,88.0,33.8,8.5,37.3,93.716571825,21.8
"Helsley, Ryan",664854,2024,266,238,79,29.7,8.6,0.21,0.273,0.275,0.548,0.063,0.294,0.212,0.305,0.243,0.26,0.279,0.094,0.306,0.333,0.307,0.313,89.4,36.6,7.9,35.4,93.657122945,36.1
"Smith, Cade",671922,2024,289,268,103,35.6,5.9,0.19,0.28,0.246,0.526,0.09,0.303,0.189,0.306,0.235,0.25,0.246,0.117,0.325,0.351,0.307,0.309,90.4,39.2,4.2,42.8,94.869903354,30.2
"Cruz, Fernando",518585,2024,288,250,109,37.8,12.2,0.216,0.388,0.314,0.702,0.172,0.338,0.219,0.387,0.307,0.311,0.317,0.168,0.451,0.459,0.38,0.388,88.7,41.3,5.6,44.1,94.842768058,38.2
"Severino, Luis",622663,2024,761,684,161,21.2,7.9,0.243,0.383,0.313,0.696,0.14,0.285,0.239,0.381,0.308,0.307,0.31,0.142,0.35,0.349,0.317,0.312,87.1,30.4,4.0,35.6,93.515669191,22.0
"Phillips, Tyler",663969,2024,160,150,28,17.5,4.4,0.3,0.527,0.338,0.865,0.227,0.316,0.289,0.53,0.369,0.372,0.33,0.241,0.429,0.434,0.366,0.356,88.9,38.2,5.7,40.7,94.808056748,21.7
"Fairbanks, Pete",664126,2024,185,166,44,23.8,9.2,0.217,0.313,0.288,0.601,0.096,0.269,0.253,0.396,0.265,0.313,0.321,0.143,0.308,0.379,0.293,0.342,89.1,31.5,4.8,41.1,94.449698443,21.8
"Hoeing, Bryan",663773,2024,210,196,43,20.5,6.7,0.219,0.316,0.271,0.587,0.097,0.262,0.283,0.46,0.259,0.344,0.331,0.177,0.295,0.411,0.281,0.362,90.9,36.6,6.5,45.8,95.228734768,22.5
"Vásquez, Randy",681190,2024,431,391,62,14.4,6.7,0.304,0.473,0.36,0.833,0.169,0.333,0.301,0.499,0.36,0.371,0.358,0.197,0.393,0.407,0.36,0.357,88.7,38.7,6.3,39.6,94.432349758,18.9
"Mantiply, Joe",573009,2024,243,225,53,21.8,7.4,0.231,0.342,0.288,0.63,0.111,0.298,0.227,0.384,0.265,0.284,0.285,0.157,0.32,0.346,0.302,0.297,88.1,26.2,8.1,41.9,94.272291557,27.5
"Snell, Blake",605483,2024,418,373,145,34.7,10.5,0.174,0.263,0.263,0.526,0.089,0.266,0.177,0.283,0.241,0.252,0.266,0.106,0.306,0.327,0.285,0.29,86.5,32.9,5.7,28.9,92.772378489,37.7
"Scherzer, Max",453286,2024,177,165,40,22.6,5.6,0.242,0.436,0.288,0.724,0.194,0.277,0.241,0.407,0.312,0.307,0.289,0.166,0.377,0.371,0.317,0.319,87.9,40.5,4.8,34.9,93.48110123,29.2
"Ginkel, Kevin",656464,2024,291,270,77,26.5,5.2,0.256,0.389,0.3,0.689,0.133,0.333,0.229,0.367,0.3,0.283,0.277,0.138,0.382,0.357,0.354,0.319,89.8,35.2,7.7,40.8,94.349364691,27.9
"Bibee, Tanner",676440,2024,710,651,187,26.3,6.2,0.23,0.406,0.285,0.691,0.176,0.286,0.235,0.401,0.299,0.304,0.291,0.167,0.374,0.381,0.319,0.328,88.4,37.4,9.1,36.9,93.719329103,26.9
"Anderson, Tyler",542881,2024,765,681,142,18.6,9.5,0.232,0.394,0.311,0.705,0.162,0.258,0.244,0.423,0.308,0.326,0.322,0.179,0.334,0.358,0.291,0.307,87.2,34.1,5.9,33.0,93.1219435,27.8
"Burr, Ryan",621114,2024,140,127,47,33.6,8.6,0.228,0.402,0.3,0.702,0.174,0.329,0.221,0.379,0.307,0.296,0.294,0.158,0.425,0.406,0.362,0.351,91.3,43.8,12.5,47.5,95.358148,31.9
"Ferguson, Caleb",657571,2024,249,219,67,26.9,10.0,0.256,0.388,0.341,0.729,0.132,0.34,0.244,0.38,0.322,0.317,0.332,0.136,0.395,0.387,0.366,0.351,88.2,35.9,3.3,37.3,93.769485329,26.6
"Wacha, Michael",608379,2024,685,625,145,21.2,6.6,0.246,0.387,0.3,0.687,0.141,0.293,0.249,0.415,0.3,0.314,0.303,0.166,0.35,0.37,0.318,0.322,86.9,32.7,4.1,32.5,93.109005646,23.3
"Singer, Brady",663903,2024,762,693,170,22.3,7.1,0.253,0.405,0.315,0.72,0.152,0.305,0.265,0.437,0.316,0.336,0.327,0.172,0.372,0.401,0.334,0.351,88.9,35.6,5.9,41.7,94.431135896,25.1
"Hicks, Jordan",663855,2024,481,423,96,20.0,9.8,0.265,0.414,0.349,0.763,0.149,0.315,0.251,0.425,0.336,0.338,0.338,0.174,0.373,0.376,0.34,0.324,89.6,34.7,8.2,42.2,94.634853364,24.6
"Puk, A.J.",640462,2024,294,262,88,29.9,9.5,0.195,0.324,0.276,0.6,0.129,0.271,0.198,0.301,0.265,0.262,0.28,0.103,0.331,0.325,0.291,0.297,86.2,35.2,6.3,33.5,92.955833678,31.8
"Vieira, Thyago",600986,2024,177,147,39,22.0,14.7,0.252,0.469,0.367,0.836,0.217,0.284,0.236,0.441,0.361,0.349,0.355,0.205,0.408,0.388,0.336,0.317,89.6,35.5,4.5,45.5,94.877831101,24.8
"Weems, Jordan",607179,2024,196,170,35,17.9,12.2,0.288,0.482,0.383,0.865,0.194,0.328,0.254,0.442,0.376,0.351,0.353,0.188,0.413,0.376,0.363,0.319,89.7,33.3,6.7,43.0,94.783032331,20.3
"Muñoz, Andrés",662253,2024,232,202,77,33.2,11.2,0.153,0.257,0.259,0.516,0.104,0.208,0.177,0.312,0.233,0.269,0.282,0.135,0.281,0.347,0.246,0.289,86.3,31.0,2.4,33.3,92.94803352,39.8
"Brieske, Beau",689225,2024,282,246,69,24.5,10.6,0.224,0.354,0.31,0.664,0.13,0.286,0.215,0.342,0.291,0.287,0.303,0.127,0.336,0.33,0.306,0.296,89.0,31.5,6.6,35.9,93.940923898,23.9
"Strahm, Matt",621381,2024,237,217,79,33.3,4.6,0.166,0.276,0.224,0.5,0.11,0.234,0.186,0.321,0.221,0.248,0.242,0.135,0.29,0.335,0.255,0.286,89.2,36.2,8.5,37.6,93.952678214,26.7
"Glasnow, Tyler",607192,2024,522,484,168,32.2,6.7,0.19,0.347,0.244,0.591,0.157,0.255,0.193,0.332,0.258,0.257,0.247,0.138,0.347,0.346,0.29,0.296,89.0,32.5,5.0,40.1,94.139426422,30.9
"Uceta, Edwin",670955,2024,159,149,57,35.8,5.0,0.174,0.255,0.222,0.477,0.081,0.267,0.184,0.263,0.213,0.222,0.231,0.078,0.299,0.314,0.283,0.299,87.3,32.3,4.3,31.2,93.000901648,34.0
"Hendricks, Kyle",543294,2024,567,514,87,15.3,7.6,0.286,0.442,0.34,0.782,0.156,0.305,0.273,0.431,0.339,0.338,0.332,0.159,0.37,0.369,0.339,0.328,85.9,36.4,5.1,33.4,93.098027796,18.9
"France, J.P.",641585,2024,121,107,22,18.2,9.9,0.29,0.505,0.364,0.869,0.215,0.321,0.268,0.495,0.373,0.363,0.345,0.227,0.42,0.406,0.36,0.335,87.9,39.5,9.3,32.6,93.960344767,25.5
"Gray, Sonny",543243,2024,671,623,203,30.3,5.8,0.228,0.401,0.275,0.676,0.173,0.301,0.235,0.401,0.292,0.3,0.283,0.167,0.393,0.405,0.336,0.347,89.6,38.1,4.2,37.9,94.211961253,29.8
"Arrighetti, Spencer",681293,2024,632,557,171,27.1,10.3,0.25,0.424,0.334,0.758,0.174,0.321,0.227,0.393,0.332,0.314,0.315,0.166,0.411,0.382,0.357,0.327,88.9,38.3,8.2,39.8,94.124621851,27.7
"Gausman, Kevin",592332,2024,756,693,162,21.4,7.4,0.238,0.392,0.296,0.688,0.154,0.282,0.253,0.46,0.3,0.336,0.312,0.206,0.349,0.401,0.309,0.332,90.2,35.5,7.5,42.4,94.740771683,23.4
"Wood, Alex",622072,2024,186,158,33,17.7,10.2,0.323,0.519,0.408,0.927,0.196,0.372,0.297,0.492,0.398,0.388,0.392,0.195,0.447,0.433,0.402,0.379,92.3,41.1,5.4,48.8,95.94021792,20.7
"Irvin, Cole",608344,2024,492,450,78,15.9,5.9,0.293,0.498,0.34,0.838,0.205,0.317,0.285,0.519,0.357,0.366,0.334,0.235,0.4,0.412,0.349,0.341,89.9,38.8,5.5,40.9,94.409981813,17.0
"Chavez, Jesse",445926,2024,264,241,55,20.8,7.2,0.249,0.427,0.304,0.731,0.178,0.281,0.26,0.419,0.315,0.321,0.315,0.159,0.369,0.378,0.319,0.335,87.3,37.6,6.3,35.4,93.66962262,17.0
"Gore, MacKenzie",669022,2024,731,649,181,24.8,8.9,0.263,0.398,0.339,0.737,0.135,0.341,0.249,0.383,0.324,0.317,0.327,0.135,0.389,0.379,0.362,0.344,88.0,36.2,4.7,38.1,93.73951438,28.6
"Brasier, Ryan",518489,2024,110,101,25,22.7,4.5,0.218,0.376,0.248,0.624,0.158,0.25,0.246,0.414,0.265,0.295,0.276,0.168,0.322,0.364,0.278,0.317,90.7,35.0,6.3,43.8,94.554402051,22.3
"Javier, Cristian",664299,2024,150,129,27,18.0,12.7,0.233,0.411,0.329,0.74,0.178,0.263,0.232,0.41,0.324,0.329,0.331,0.178,0.342,0.348,0.291,0.294,88.9,41.3,7.7,30.8,93.250004078,26.3
"Otañez, Michel",671305,2024,151,126,55,36.4,13.2,0.214,0.302,0.331,0.633,0.088,0.352,0.147,0.23,0.291,0.251,0.28,0.083,0.384,0.3,0.37,0.265,86.3,35.6,12.3,32.9,92.549203014,39.9
"Miller, Bobby",676272,2024,258,226,52,20.2,11.6,0.305,0.571,0.391,0.962,0.266,0.331,0.293,0.535,0.411,0.396,0.382,0.242,0.483,0.461,0.397,0.382,91.5,34.5,5.7,47.7,95.547014269,23.7
"Bazardo, Eduard",660825,2024,108,98,33,30.6,8.3,0.204,0.296,0.271,0.567,0.092,0.286,0.185,0.279,0.255,0.244,0.254,0.094,0.324,0.306,0.308,0.28,87.3,21.2,1.5,33.3,92.956859077,29.0
"Grove, Michael",675627,2024,216,191,54,25.0,7.4,0.241,0.382,0.316,0.698,0.141,0.301,0.218,0.366,0.308,0.298,0.298,0.149,0.366,0.35,0.331,0.303,87.6,30.9,5.8,33.8,93.625837194,26.6
"Poteet, Cody",547001,2024,96,87,16,16.7,8.3,0.207,0.31,0.281,0.591,0.103,0.232,0.277,0.444,0.266,0.343,0.345,0.167,0.272,0.377,0.254,0.34,91.6,33.8,8.5,42.3,94.319656479,15.7
"Suarez, Robert",663158,2024,258,240,59,22.9,6.2,0.217,0.333,0.265,0.598,0.116,0.257,0.216,0.365,0.262,0.275,0.265,0.149,0.311,0.33,0.286,0.286,89.0,30.6,4.4,40.4,94.082984222,24.3
"Cortes, Nestor",641482,2024,710,661,162,22.8,5.5,0.245,0.421,0.29,0.711,0.176,0.288,0.233,0.407,0.307,0.298,0.279,0.174,0.372,0.36,0.322,0.308,89.7,35.0,7.9,43.6,94.470879177,24.2
"Rogers, Taylor",573124,2024,249,224,64,25.7,8.8,0.237,0.397,0.309,0.706,0.16,0.299,0.213,0.338,0.309,0.282,0.29,0.125,0.376,0.333,0.329,0.299,86.7,32.3,4.3,32.9,93.4377415,23.3
"Tonkin, Michael",543859,2024,340,297,85,25.0,8.8,0.236,0.35,0.318,0.668,0.114,0.303,0.251,0.399,0.296,0.324,0.333,0.148,0.344,0.388,0.323,0.346,88.0,35.9,7.8,35.0,93.662756111,23.7
"Allen, Logan",663531,2024,128,114,21,16.4,7.8,0.281,0.412,0.344,0.756,0.131,0.315,0.302,0.453,0.33,0.36,0.365,0.15,0.357,0.397,0.337,0.366,89.3,41.1,3.2,40.0,94.108398632,19.7
"Ruiz, José",614179,2024,217,196,52,24.0,7.8,0.26,0.423,0.318,0.741,0.163,0.309,0.252,0.419,0.32,0.317,0.313,0.167,0.39,0.387,0.347,0.339,90.7,28.6,6.1,42.2,94.637615655,27.6
"Hoffman, Jeff",656546,2024,265,244,89,33.6,6.0,0.197,0.324,0.253,0.577,0.127,0.278,0.2,0.362,0.252,0.27,0.258,0.162,0.345,0.375,0.306,0.314,88.3,32.5,8.3,42.0,94.532854103,35.3
"Neris, Héctor",593576,2024,260,225,64,24.6,10.8,0.244,0.418,0.331,0.749,0.174,0.303,0.233,0.41,0.324,0.32,0.322,0.177,0.389,0.382,0.337,0.323,88.6,35.2,6.7,40.6,94.159873625,25.9
"Turnbull, Spencer",605513,2024,222,197,58,26.1,9.0,0.188,0.325,0.279,0.604,0.137,0.233,0.228,0.385,0.272,0.314,0.315,0.157,0.309,0.377,0.266,0.324,87.8,33.1,5.8,42.4,93.732989209,25.4
"Lambert, Peter",663567,2024,280,242,50,17.9,10.4,0.302,0.471,0.374,0.845,0.169,0.347,0.261,0.4,0.362,0.327,0.342,0.139,0.405,0.357,0.371,0.325,88.1,38.9,6.6,36.9,93.391432335,22.0
"Kittredge, Andrew",552640,2024,287,263,67,23.3,7.0,0.228,0.395,0.28,0.675,0.167,0.265,0.247,0.424,0.289,0.313,0.299,0.177,0.351,0.384,0.302,0.329,88.9,33.0,5.5,39.5,94.033771218,27.8
"Law, Derek",571882,2024,365,333,76,20.8,6.6,0.246,0.348,0.294,0.642,0.102,0.293,0.257,0.368,0.282,0.303,0.308,0.111,0.324,0.353,0.312,0.332,88.2,34.5,4.5,35.2,93.340480649,28.6
"Lawrence, Justin",664875,2024,279,233,45,16.1,11.8,0.313,0.485,0.408,0.893,0.172,0.35,0.296,0.463,0.387,0.38,0.396,0.168,0.415,0.406,0.38,0.363,90.0,32.5,5.2,42.3,94.88308445,22.6
"Fulmer, Carson",608334,2024,379,329,81,21.4,10.6,0.246,0.419,0.334,0.753,0.173,0.292,0.247,0.442,0.326,0.338,0.337,0.196,0.371,0.39,0.323,0.327,90.6,34.1,7.1,44.4,94.852082088,25.8
"Leiter, Jack",683004,2024,173,148,31,17.9,9.8,0.297,0.527,0.374,0.901,0.23,0.327,0.278,0.514,0.384,0.377,0.361,0.236,0.431,0.423,0.367,0.347,91.2,35.5,9.1,44.6,95.264334831,27.9
"Slaten, Justin",686580,2024,224,211,58,25.9,4.0,0.223,0.318,0.259,0.577,0.095,0.285,0.234,0.359,0.253,0.284,0.273,0.126,0.316,0.361,0.303,0.324,87.8,30.3,7.1,36.8,93.741672403,29.0
"Kimbrel, Craig",518886,2024,232,192,73,31.5,13.4,0.208,0.365,0.329,0.694,0.157,0.287,0.216,0.39,0.309,0.323,0.336,0.174,0.383,0.411,0.328,0.342,91.1,37.4,4.9,43.1,94.92765877,30.9
"Jiménez, Joe",641729,2024,277,248,82,29.6,8.3,0.181,0.242,0.26,0.502,0.061,0.259,0.182,0.292,0.23,0.253,0.264,0.109,0.27,0.308,0.268,0.274,87.8,29.8,6.5,32.7,92.99504479,32.9
"Muñoz, Roddery",682610,2024,379,327,70,18.5,11.1,0.272,0.575,0.359,0.934,0.303,0.267,0.275,0.555,0.393,0.393,0.365,0.28,0.445,0.445,0.34,0.348,90.8,41.2,8.4,45.0,94.738415878,23.6
"Suárez, Albert",544150,2024,565,510,108,19.1,7.6,0.255,0.425,0.314,0.739,0.17,0.29,0.241,0.42,0.32,0.316,0.303,0.179,0.363,0.358,0.319,0.305,88.8,38.0,7.8,38.4,93.664169109,24.6
"Williams, Trevor",592866,2024,260,238,59,22.7,6.9,0.214,0.294,0.265,0.559,0.08,0.267,0.215,0.357,0.248,0.284,0.272,0.141,0.285,0.336,0.279,0.288,89.4,31.7,8.7,39.3,93.835962143,22.5
"Sammons, Bryan",676614,2024,104,94,18,17.3,8.7,0.17,0.383,0.25,0.633,0.213,0.143,0.213,0.474,0.277,0.328,0.289,0.261,0.288,0.358,0.211,0.264,87.4,36.8,7.9,31.6,92.844556533,23.3
"García, Luis",472610,2024,254,235,53,20.9,5.9,0.26,0.417,0.311,0.728,0.157,0.303,0.234,0.385,0.314,0.296,0.289,0.151,0.371,0.346,0.333,0.303,88.7,33.9,6.0,39.3,94.284691093,24.0
"De Los Santos, Enyel",660853,2024,278,248,66,23.7,9.0,0.262,0.544,0.342,0.886,0.282,0.291,0.244,0.491,0.377,0.352,0.326,0.247,0.463,0.426,0.357,0.333,89.3,35.2,9.9,42.3,94.634968833,29.3
"Lynch IV, Daniel",663738,2024,175,154,39,22.3,8.6,0.188,0.344,0.274,0.618,0.156,0.207,0.207,0.389,0.274,0.305,0.295,0.182,0.298,0.343,0.248,0.279,90.2,30.8,6.8,47.9,94.734464444,28.3
"Kelly, Zack",677161,2024,241,212,61,25.3,11.2,0.208,0.387,0.303,0.69,0.179,0.241,0.224,0.416,0.3,0.319,0.317,0.192,0.354,0.384,0.291,0.314,87.2,35.1,4.6,31.1,93.197603267,28.1
"Ray, Robbie",592662,2024,129,106,43,33.3,11.6,0.189,0.387,0.32,0.707,0.198,0.241,0.179,0.361,0.316,0.304,0.313,0.182,0.402,0.379,0.313,0.297,86.8,34.4,10.9,35.9,93.415278906,36.0
"Ashby, Aaron",676879,2024,119,107,33,27.7,8.4,0.187,0.299,0.254,0.553,0.112,0.247,0.198,0.33,0.247,0.274,0.269,0.132,0.296,0.342,0.267,0.291,90.2,31.6,6.6,36.8,93.954311528,26.3
"Stroman, Marcus",573186,2024,675,603,113,16.7,8.9,0.277,0.431,0.349,0.78,0.154,0.312,0.268,0.437,0.341,0.342,0.341,0.169,0.371,0.373,0.339,0.329,89.3,35.5,6.5,40.2,94.344487814,20.4
"Wheeler, Zack",554430,2024,787,723,224,28.5,6.6,0.192,0.328,0.253,0.581,0.136,0.247,0.194,0.333,0.256,0.262,0.256,0.139,0.319,0.328,0.277,0.281,86.5,32.6,5.4,33.6,93.046728036,27.5
"Manaea, Sean",640455,2024,738,662,184,24.9,8.5,0.202,0.338,0.28,0.618,0.136,0.246,0.224,0.388,0.275,0.304,0.3,0.164,0.318,0.362,0.279,0.31,88.6,37.0,7.7,37.8,93.857812243,26.1
"Vesia, Alex",681911,2024,263,223,87,33.1,12.5,0.148,0.291,0.26,0.551,0.143,0.2,0.153,0.324,0.246,0.26,0.264,0.171,0.302,0.328,0.241,0.25,87.5,29.3,3.6,35.0,93.468041029,31.3
"Baumann, Mike",657508,2024,264,228,58,22.0,10.6,0.259,0.456,0.345,0.801,0.197,0.303,0.239,0.426,0.344,0.337,0.331,0.188,0.397,0.386,0.339,0.319,91.1,33.9,4.6,43.7,94.547312543,24.5
"Manning, Matt",666159,2024,123,108,23,18.7,9.8,0.287,0.426,0.35,0.776,0.139,0.329,0.264,0.428,0.336,0.333,0.333,0.164,0.375,0.372,0.352,0.329,88.1,36.4,5.7,35.2,93.351234432,23.6
"Contreras, Roansy",672710,2024,298,259,56,18.8,10.4,0.243,0.425,0.33,0.755,0.182,0.267,0.257,0.452,0.322,0.345,0.344,0.196,0.357,0.39,0.306,0.327,89.8,32.9,6.3,43.5,94.473753971,20.9
"Taillon, Jameson",592791,2024,675,633,125,18.5,4.9,0.243,0.387,0.28,0.667,0.144,0.271,0.254,0.428,0.289,0.314,0.292,0.174,0.333,0.366,0.301,0.316,89.7,32.2,5.6,38.8,94.067909961,19.5
"Garrett, Reed",657585,2024,247,212,83,33.6,12.1,0.236,0.363,0.333,0.696,0.127,0.352,0.199,0.312,0.31,0.28,0.303,0.112,0.416,0.361,0.382,0.324,87.5,28.0,4.5,37.1,93.735074385,37.6
"Spence, Mitch",687765,2024,651,598,126,19.4,6.8,0.276,0.455,0.331,0.786,0.179,0.319,0.248,0.419,0.34,0.318,0.306,0.171,0.393,0.363,0.348,0.314,89.5,30.9,5.1,41.7,94.185021142,22.5
"Kochanowicz, Jack",686799,2024,266,247,25,9.4,3.8,0.275,0.417,0.325,0.742,0.142,0.284,0.287,0.461,0.323,0.348,0.336,0.173,0.33,0.36,0.306,0.32,90.3,29.1,4.5,44.4,94.989052248,15.2
"King, Michael",650633,2024,726,653,201,27.7,8.7,0.221,0.346,0.296,0.642,0.125,0.291,0.223,0.364,0.284,0.295,0.298,0.141,0.349,0.366,0.318,0.322,85.7,35.2,5.1,30.3,92.671656987,29.3
"Green, Chad",643338,2024,210,190,46,21.9,6.7,0.216,0.379,0.271,0.65,0.163,0.236,0.232,0.447,0.276,0.308,0.286,0.215,0.325,0.37,0.277,0.298,91.3,35.1,10.8,45.9,95.150588986,23.3
"Swanson, Erik",657024,2024,168,153,37,22.0,8.3,0.235,0.516,0.304,0.82,0.281,0.238,0.268,0.479,0.349,0.351,0.333,0.212,0.417,0.419,0.31,0.353,92.0,38.8,7.8,50.0,95.443421034,23.5
"Ellard, Fraser",686642,2024,101,85,26,25.7,11.9,0.212,0.353,0.307,0.66,0.141,0.254,0.238,0.377,0.28,0.307,0.335,0.14,0.331,0.374,0.29,0.337,90.1,35.5,0.0,40.3,94.274328387,25.5
"Rosenberg, Kenny",670046,2024,104,96,17,16.3,7.7,0.292,0.51,0.346,0.856,0.218,0.311,0.283,0.531,0.365,0.371,0.338,0.248,0.415,0.422,0.354,0.344,90.3,36.7,5.1,38.0,94.176632179,22.2
"Latz, Jacob",656641,2024,192,162,40,20.8,14.1,0.241,0.377,0.349,0.726,0.136,0.28,0.24,0.433,0.318,0.342,0.351,0.194,0.346,0.383,0.315,0.318,88.0,30.6,5.6,40.3,93.997906281,28.3
"Matthews, Zebby",805673,2024,177,164,43,24.3,6.2,0.311,0.567,0.362,0.929,0.256,0.364,0.275,0.538,0.397,0.371,0.328,0.264,0.506,0.469,0.421,0.372,90.5,38.0,5.8,42.1,94.314896529,24.0
"Paxton, James",572020,2024,437,379,73,16.7,11.4,0.251,0.404,0.336,0.74,0.153,0.278,0.253,0.416,0.324,0.339,0.341,0.164,0.341,0.36,0.305,0.312,90.5,32.6,7.0,43.1,94.558863072,21.1
"Estes, Joey",683155,2024,543,501,92,16.9,5.0,0.259,0.473,0.308,0.781,0.214,0.274,0.243,0.467,0.333,0.328,0.294,0.225,0.376,0.369,0.314,0.296,89.5,37.2,9.4,39.6,94.154264829,19.2
"McGough, Scott",543518,2024,150,124,25,16.7,14.0,0.274,0.532,0.373,0.905,0.258,0.289,0.256,0.506,0.382,0.37,0.361,0.25,0.409,0.392,0.33,0.312,90.8,34.0,7.8,41.7,94.634885049,25.5
"Long, Sam",669674,2024,176,156,44,25.0,9.7,0.218,0.353,0.297,0.65,0.135,0.269,0.236,0.409,0.286,0.316,0.314,0.173,0.337,0.383,0.301,0.327,87.5,30.7,4.4,33.3,93.262469911,27.8
"Cease, Dylan",656302,2024,762,684,224,29.4,8.5,0.2,0.332,0.269,0.601,0.132,0.266,0.209,0.367,0.266,0.286,0.278,0.158,0.333,0.366,0.294,0.308,89.0,32.4,7.2,38.6,94.084709267,32.4
"Hall, DL",669084,2024,197,170,44,22.3,10.7,0.282,0.418,0.372,0.79,0.136,0.347,0.236,0.397,0.35,0.327,0.333,0.162,0.403,0.368,0.378,0.317,87.3,28.3,3.9,37.8,93.863195285,23.6
"Cleavinger, Garrett",664076,2024,266,225,71,26.7,11.7,0.231,0.342,0.338,0.68,0.111,0.305,0.229,0.38,0.308,0.325,0.34,0.151,0.353,0.383,0.331,0.334,86.9,35.0,1.9,33.8,93.391283766,30.3
"Rodríguez, Randy",678495,2024,221,196,53,24.0,8.1,0.24,0.372,0.311,0.683,0.132,0.305,0.209,0.355,0.301,0.285,0.284,0.146,0.353,0.33,0.324,0.284,88.1,26.0,3.4,37.7,93.790205,29.6
"Anderson, Chase",502624,2024,255,227,42,16.5,8.2,0.242,0.449,0.315,0.764,0.207,0.246,0.239,0.443,0.329,0.332,0.317,0.205,0.356,0.359,0.294,0.296,86.5,33.0,7.4,33.0,93.132957701,23.8
"Koenig, Jared",657649,2024,265,236,63,23.8,8.7,0.229,0.309,0.308,0.617,0.08,0.296,0.225,0.373,0.273,0.298,0.304,0.148,0.317,0.353,0.312,0.307,87.5,28.2,4.0,35.6,93.584806294,22.4
"Detmers, Reid",672282,2024,391,348,109,27.9,9.7,0.282,0.511,0.353,0.864,0.229,0.357,0.226,0.408,0.37,0.315,0.306,0.182,0.484,0.395,0.405,0.328,89.9,34.3,7.9,39.3,94.042631125,29.2
"Díaz, Alexis",664747,2024,242,204,55,22.7,12.8,0.206,0.338,0.326,0.664,0.132,0.25,0.204,0.334,0.3,0.3,0.325,0.131,0.316,0.315,0.28,0.277,88.5,31.3,6.0,38.0,93.632788904,26.6
"Lynn, Lance",458681,2024,511,458,109,21.3,8.6,0.247,0.402,0.316,0.718,0.155,0.288,0.257,0.461,0.314,0.342,0.325,0.204,0.359,0.4,0.32,0.334,88.9,37.0,6.5,39.3,94.259379457,24.1
"Lovelady, Richard",663992,2024,147,132,26,17.7,7.5,0.258,0.371,0.322,0.693,0.113,0.298,0.264,0.42,0.304,0.329,0.327,0.156,0.334,0.368,0.318,0.325,89.5,31.5,2.8,46.3,95.201703019,23.6
"McCaughan, Darren",670766,2024,195,171,28,14.4,7.7,0.31,0.532,0.379,0.911,0.222,0.321,0.27,0.488,0.39,0.361,0.346,0.218,0.42,0.382,0.363,0.318,89.1,37.0,6.8,39.0,94.275604437,15.5
"Bello, Brayan",678394,2024,702,622,153,21.8,9.1,0.252,0.394,0.33,0.724,0.142,0.303,0.254,0.405,0.319,0.331,0.334,0.151,0.363,0.38,0.331,0.337,88.5,34.2,5.5,41.1,94.524067665,25.9
"Treinen, Blake",595014,2024,184,170,56,30.4,6.0,0.194,0.335,0.25,0.585,0.141,0.255,0.187,0.304,0.257,0.246,0.245,0.117,0.333,0.316,0.287,0.279,87.6,23.5,4.3,33.9,93.467248053,27.9
"Pop, Zach",647315,2024,209,185,33,15.8,9.1,0.243,0.422,0.317,0.739,0.179,0.248,0.264,0.429,0.315,0.335,0.338,0.165,0.34,0.368,0.292,0.32,88.9,25.2,3.2,44.5,94.457844503,22.1
"Santillan, Tony",663574,2024,122,113,46,37.7,7.4,0.186,0.319,0.246,0.565,0.133,0.27,0.183,0.304,0.25,0.245,0.244,0.121,0.363,0.354,0.313,0.309,90.2,29.9,4.5,40.3,94.230051538,30.0
"Festa, David",701581,2024,277,251,77,27.8,8.3,0.247,0.434,0.314,0.748,0.187,0.319,0.235,0.411,0.324,0.314,0.303,0.176,0.414,0.398,0.354,0.337,89.5,41.1,7.4,38.9,93.969638218,28.4
"Jarvis, Bryce",686826,2024,258,218,38,14.7,12.8,0.239,0.362,0.349,0.711,0.123,0.261,0.269,0.442,0.314,0.357,0.376,0.173,0.309,0.368,0.286,0.324,90.5,34.1,6.6,40.1,94.194507845,21.8
"Stratton, Chris",608717,2024,257,214,44,17.1,12.8,0.248,0.397,0.348,0.745,0.149,0.281,0.251,0.411,0.326,0.345,0.357,0.16,0.334,0.363,0.301,0.315,87.1,39.0,7.9,37.9,93.608085455,20.6
"Young, Danny",664849,2024,165,138,48,29.1,10.9,0.21,0.319,0.331,0.65,0.109,0.299,0.247,0.389,0.297,0.34,0.364,0.142,0.348,0.427,0.322,0.381,88.9,29.3,2.2,39.1,94.178702584,30.7
"Allard, Kolby",663465,2024,117,109,23,19.7,6.8,0.312,0.523,0.359,0.882,0.211,0.358,0.245,0.437,0.378,0.319,0.297,0.192,0.45,0.369,0.395,0.311,88.9,27.9,4.7,40.7,94.426629767,21.6
"Yates, Kirby",489446,2024,237,203,85,35.9,11.8,0.113,0.182,0.225,0.407,0.069,0.169,0.146,0.218,0.186,0.215,0.253,0.073,0.212,0.267,0.19,0.246,87.5,16.5,2.5,33.1,93.213497355,33.6
"Miller, Tyson",668338,2024,235,217,54,23.0,4.7,0.18,0.313,0.235,0.548,0.133,0.204,0.218,0.396,0.242,0.29,0.27,0.179,0.278,0.346,0.238,0.288,88.2,33.3,5.5,34.5,93.500990798,26.5
"Maeda, Kenta",628317,2024,485,442,96,19.8,6.4,0.281,0.491,0.331,0.822,0.21,0.309,0.254,0.431,0.351,0.325,0.311,0.177,0.412,0.377,0.352,0.325,88.4,36.9,3.7,36.1,93.470683011,23.9
"Anderson, Grant",681982,2024,120,109,29,24.2,8.3,0.303,0.615,0.367,0.982,0.312,0.319,0.259,0.506,0.409,0.35,0.327,0.247,0.529,0.442,0.412,0.353,89.0,28.7,7.5,41.3,94.5979725,25.7
"Jones, Jared",683003,2024,504,456,132,26.2,7.7,0.232,0.432,0.298,0.73,0.2,0.284,0.229,0.409,0.314,0.312,0.298,0.18,0.391,0.388,0.323,0.323,89.6,36.9,6.7,44.5,94.534128685,30.2
"Cimber, Adam",643256,2024,107,85,19,17.8,13.1,0.235,0.306,0.377,0.683,0.071,0.288,0.253,0.401,0.313,0.364,0.397,0.149,0.297,0.377,0.299,0.329,88.3,42.6,4.4,35.3,93.678002836,16.3
"Bradish, Kyle",680694,2024,163,144,53,32.5,9.2,0.188,0.299,0.278,0.577,0.111,0.281,0.177,0.295,0.261,0.259,0.269,0.118,0.327,0.325,0.297,0.281,84.8,31.9,5.5,28.6,92.295026556,26.9
"Medina, Luis",665622,2024,180,156,32,17.8,11.1,0.276,0.417,0.356,0.773,0.141,0.317,0.254,0.415,0.336,0.335,0.34,0.161,0.365,0.364,0.339,0.317,89.5,31.5,4.7,44.9,94.833622677,19.2
"Blanco, Ronel",669854,2024,676,599,166,24.6,10.1,0.19,0.354,0.273,0.627,0.164,0.221,0.224,0.398,0.276,0.311,0.305,0.174,0.315,0.369,0.26,0.309,88.7,30.1,4.8,35.5,93.702377385,29.0
"Sánchez, Cristopher",650911,2024,754,706,153,20.3,5.8,0.258,0.358,0.301,0.659,0.1,0.315,0.255,0.371,0.29,0.298,0.299,0.116,0.338,0.349,0.329,0.326,87.4,30.2,4.1,34.5,93.870693047,24.3
"Allen, Logan",671106,2024,432,383,79,18.3,9.5,0.295,0.551,0.367,0.918,0.256,0.319,0.27,0.502,0.39,0.369,0.346,0.232,0.447,0.416,0.368,0.34,91.0,36.0,8.1,46.4,95.493760921,21.2
"Johnson, Pierce",572955,2024,236,209,67,28.4,10.6,0.23,0.364,0.318,0.682,0.134,0.309,0.221,0.375,0.302,0.304,0.31,0.154,0.373,0.376,0.338,0.325,89.4,33.8,6.3,39.4,94.027184296,28.1
"Banks, Tanner",621383,2024,310,277,78,25.2,7.7,0.249,0.361,0.311,0.672,0.112,0.318,0.229,0.35,0.293,0.288,0.296,0.12,0.356,0.349,0.338,0.316,87.5,30.2,4.4,34.1,93.296796305,26.1
"Richards, Trevor",670950,2024,277,234,62,22.4,12.6,0.188,0.308,0.295,0.603,0.12,0.219,0.205,0.346,0.273,0.301,0.313,0.142,0.282,0.326,0.25,0.28,88.3,31.1,5.6,37.9,93.442446193,23.4
"Matsui, Yuki",673513,2024,257,226,69,26.8,10.5,0.204,0.381,0.284,0.665,0.177,0.248,0.201,0.335,0.283,0.271,0.284,0.134,0.346,0.327,0.286,0.285,88.5,30.4,5.6,37.3,93.964574969,31.9
"Gordon, Tanner",685299,2024,160,149,26,16.3,3.8,0.356,0.658,0.386,1.044,0.302,0.377,0.306,0.514,0.44,0.368,0.34,0.208,0.515,0.424,0.427,0.369,90.2,34.4,4.0,36.8,94.303805328,18.8
"Fedde, Erick",607200,2024,726,661,154,21.2,7.2,0.233,0.381,0.291,0.672,0.148,0.271,0.242,0.403,0.293,0.309,0.301,0.162,0.337,0.359,0.3,0.313,88.6,32.4,6.0,37.7,93.941632164,21.6
"Sands, Cole",663485,2024,292,267,85,29.1,4.1,0.221,0.326,0.265,0.591,0.105,0.291,0.223,0.388,0.259,0.29,0.271,0.165,0.334,0.383,0.314,0.325,89.0,32.8,6.9,37.0,93.957956183,26.6
"Little, Brendon",663893,2024,193,172,36,18.7,9.8,0.238,0.39,0.318,0.708,0.152,0.264,0.25,0.383,0.309,0.318,0.329,0.133,0.34,0.353,0.301,0.317,87.9,21.9,2.2,38.0,93.614875414,29.7
"Suarez, Ranger",624133,2024,626,575,145,23.2,6.5,0.243,0.379,0.299,0.678,0.136,0.302,0.247,0.371,0.297,0.3,0.303,0.123,0.355,0.36,0.325,0.331,86.9,32.9,6.0,34.3,93.618829764,21.9
"McArthur, James",663704,2024,246,228,49,19.9,5.3,0.298,0.456,0.343,0.799,0.158,0.349,0.268,0.435,0.344,0.327,0.316,0.167,0.41,0.388,0.378,0.342,90.2,34.3,5.5,40.3,94.577994078,28.3
"Barlow, Scott",605130,2024,241,204,68,28.2,12.9,0.216,0.358,0.328,0.686,0.142,0.288,0.23,0.367,0.306,0.317,0.341,0.137,0.362,0.381,0.319,0.341,86.2,33.3,2.9,32.6,93.298851159,33.6
"Martinez, Justin",679885,2024,308,267,91,29.5,11.7,0.221,0.288,0.316,0.604,0.067,0.324,0.216,0.288,0.269,0.277,0.317,0.072,0.33,0.345,0.331,0.333,86.4,27.9,5.0,31.8,93.228166034,34.5
"Strickland, Hunter",519326,2024,294,266,57,19.4,8.2,0.211,0.376,0.28,0.656,0.165,0.23,0.211,0.395,0.286,0.294,0.28,0.185,0.315,0.327,0.267,0.267,88.9,30.3,5.7,35.5,93.43494201,22.8
"Lugo, Seth",607625,2024,836,773,181,21.7,5.7,0.229,0.353,0.281,0.634,0.124,0.278,0.24,0.4,0.278,0.304,0.292,0.16,0.323,0.36,0.297,0.314,88.5,32.8,6.2,39.0,93.994017356,22.5
"Gaddis, Hunter",683769,2024,278,259,66,23.7,5.0,0.166,0.282,0.219,0.501,0.116,0.205,0.198,0.343,0.22,0.26,0.25,0.145,0.254,0.311,0.222,0.266,88.5,29.9,7.2,36.6,93.411744536,25.0
"Okert, Steven",595345,2024,160,139,33,20.6,10.0,0.266,0.46,0.352,0.812,0.194,0.307,0.226,0.399,0.347,0.313,0.321,0.173,0.401,0.353,0.346,0.299,85.5,37.0,6.5,29.6,92.501172981,23.6
"Peralta, Freddy",642547,2024,725,639,200,27.6,9.4,0.224,0.387,0.307,0.694,0.163,0.281,0.221,0.386,0.305,0.307,0.306,0.165,0.375,0.378,0.323,0.322,87.6,35.3,7.6,36.9,93.640809751,31.1
"Ramírez, Erasmo",541640,2024,85,73,15,17.6,11.8,0.164,0.384,0.271,0.655,0.22,0.13,0.197,0.442,0.282,0.322,0.302,0.245,0.285,0.341,0.203,0.249,88.0,32.2,1.7,32.2,92.818081525,23.4
"Bradford, Cody",674003,2024,308,293,70,22.7,4.2,0.218,0.379,0.253,0.632,0.161,0.252,0.23,0.409,0.273,0.292,0.264,0.18,0.332,0.358,0.286,0.301,88.8,35.3,4.9,34.8,93.938793468,23.6
"Abbott, Andrew",671096,2024,586,529,114,19.5,8.9,0.24,0.439,0.309,0.748,0.199,0.26,0.231,0.411,0.323,0.312,0.302,0.181,0.365,0.349,0.305,0.294,88.2,36.6,5.5,33.5,93.177609095,22.6
"Estrada, Jeremiah",669093,2024,252,224,94,37.3,9.1,0.188,0.277,0.259,0.536,0.089,0.292,0.186,0.286,0.239,0.253,0.263,0.1,0.333,0.359,0.313,0.322,89.2,35.8,6.0,37.3,93.81656194,36.0
"Ferrer, José A.",678606,2024,129,119,25,19.4,4.7,0.227,0.277,0.271,0.548,0.05,0.274,0.23,0.296,0.245,0.263,0.281,0.066,0.271,0.296,0.281,0.294,90.7,21.9,3.1,47.9,95.012319895,22.0
"Harrison, Kyle",690986,2024,532,476,118,22.2,7.9,0.263,0.433,0.328,0.761,0.17,0.309,0.255,0.444,0.33,0.341,0.325,0.19,0.388,0.404,0.343,0.34,90.7,34.2,6.3,44.1,94.933663315,23.6
"Milner, Hoby",571948,2024,268,244,64,23.9,5.2,0.258,0.393,0.299,0.692,0.135,0.32,0.245,0.348,0.297,0.282,0.289,0.103,0.37,0.349,0.342,0.328,87.7,30.9,7.4,36.2,93.945962541,19.3
"Matz, Steven",571927,2024,190,171,33,17.4,7.9,0.287,0.468,0.349,0.817,0.181,0.318,0.266,0.429,0.352,0.333,0.332,0.163,0.396,0.371,0.353,0.329,87.6,44.3,5.0,30.7,93.058805109,18.1
"Webb, Jacob",657097,2024,237,208,58,24.5,11.4,0.192,0.303,0.287,0.59,0.111,0.245,0.207,0.351,0.266,0.29,0.3,0.145,0.292,0.33,0.265,0.285,87.4,33.8,6.6,34.4,93.4304094,27.4
"Keller, Brad",641745,2024,192,175,32,16.7,7.8,0.274,0.491,0.339,0.83,0.217,0.291,0.246,0.457,0.358,0.337,0.313,0.211,0.398,0.371,0.336,0.301,88.6,30.1,3.5,39.2,94.317402908,21.1
"Harris, Hogan",663687,2024,305,266,61,20.0,10.8,0.244,0.391,0.333,0.724,0.147,0.291,0.26,0.441,0.32,0.347,0.348,0.182,0.35,0.389,0.316,0.337,88.9,36.5,8.7,39.4,93.788121268,21.1
"Wrobleski, Justin",680736,2024,154,137,26,16.9,10.4,0.248,0.511,0.331,0.842,0.263,0.245,0.276,0.534,0.361,0.381,0.356,0.258,0.395,0.423,0.306,0.341,90.0,44.1,5.4,36.9,94.253606727,22.3
"Scott, Tanner",656945,2024,294,251,84,28.6,12.2,0.179,0.243,0.285,0.528,0.064,0.256,0.2,0.298,0.241,0.272,0.303,0.098,0.274,0.328,0.269,0.301,84.3,30.4,4.7,27.5,92.406937563,32.7
"McGreevy, Michael",700241,2024,86,83,18,20.9,2.3,0.193,0.289,0.221,0.51,0.096,0.234,0.258,0.383,0.223,0.296,0.284,0.125,0.263,0.36,0.246,0.329,87.3,30.8,4.6,33.8,93.186303281,22.9
"Peguero, Elvis",665625,2024,227,197,47,20.7,11.9,0.264,0.36,0.357,0.717,0.096,0.327,0.247,0.364,0.317,0.316,0.343,0.117,0.352,0.35,0.344,0.323,90.1,29.1,5.3,40.4,94.532881216,27.7
"Cantillo, Joey",676282,2024,163,147,44,27.0,9.2,0.238,0.435,0.307,0.742,0.197,0.296,0.221,0.396,0.321,0.303,0.293,0.175,0.404,0.376,0.337,0.314,89.1,30.8,6.7,40.4,93.98513835,31.1
"Buehler, Walker",621111,2024,344,308,64,18.6,8.1,0.289,0.506,0.356,0.862,0.217,0.317,0.259,0.431,0.37,0.336,0.331,0.172,0.423,0.376,0.362,0.327,88.3,36.2,5.7,37.8,93.883231162,19.4
"Francis, Bowden",670102,2024,408,377,92,22.5,5.4,0.196,0.371,0.253,0.624,0.175,0.212,0.217,0.391,0.272,0.291,0.272,0.175,0.317,0.343,0.259,0.286,89.1,35.5,6.3,36.2,93.806003811,21.2
"Flexen, Chris",623167,2024,707,635,123,17.4,8.9,0.283,0.476,0.349,0.825,0.193,0.318,0.256,0.452,0.355,0.339,0.325,0.197,0.399,0.377,0.35,0.317,88.7,37.0,7.7,37.4,93.935523035,22.7
"Jiménez, Dany",666204,2024,117,94,25,21.4,16.2,0.223,0.5,0.35,0.85,0.277,0.227,0.199,0.441,0.361,0.347,0.34,0.242,0.395,0.373,0.292,0.274,87.2,29.2,1.4,31.9,92.987702143,29.3
"Santana, Dennis",642701,2024,287,259,69,24.0,7.3,0.22,0.351,0.287,0.638,0.131,0.282,0.222,0.347,0.281,0.284,0.289,0.125,0.328,0.332,0.297,0.3,86.3,37.3,6.7,32.6,92.748697016,28.2
"Peterson, David",656849,2024,510,453,101,19.8,9.0,0.243,0.349,0.32,0.669,0.106,0.294,0.259,0.407,0.299,0.333,0.337,0.148,0.325,0.374,0.31,0.333,89.3,35.7,6.5,42.7,94.426613853,25.6
"Jansen, Kenley",445276,2024,218,194,62,28.4,9.2,0.196,0.304,0.271,0.575,0.108,0.26,0.207,0.368,0.253,0.286,0.284,0.161,0.308,0.36,0.281,0.303,90.4,36.3,4.4,37.0,94.007212015,27.0
"Holmes, Clay",605280,2024,271,242,68,25.1,8.1,0.248,0.347,0.315,0.662,0.099,0.324,0.223,0.335,0.292,0.284,0.295,0.112,0.351,0.338,0.339,0.308,88.8,24.2,2.8,36.5,94.037651657,30.2
"Pfaadt, Brandon",694297,2024,760,707,185,24.3,5.5,0.259,0.421,0.302,0.723,0.162,0.316,0.243,0.402,0.312,0.303,0.289,0.159,0.389,0.377,0.347,0.329,89.4,33.0,4.7,39.4,94.224942476,25.4
"Brewer, Colten",605155,2024,95,82,22,23.2,9.5,0.293,0.427,0.358,0.785,0.134,0.371,0.249,0.388,0.339,0.321,0.326,0.138,0.401,0.374,0.381,0.332,87.2,31.7,4.8,30.2,92.861118852,26.3
"Núñez, Dedniel",673380,2024,135,127,48,35.6,5.9,0.189,0.299,0.237,0.536,0.11,0.276,0.182,0.322,0.234,0.242,0.23,0.14,0.336,0.35,0.304,0.293,88.7,26.6,1.3,38.0,94.547358974,34.7
"Dunning, Dane",641540,2024,421,373,91,21.6,9.5,0.26,0.461,0.34,0.801,0.201,0.297,0.257,0.47,0.347,0.349,0.337,0.213,0.403,0.406,0.342,0.338,90.4,33.8,6.7,45.8,95.254082242,23.7
"Jackson, Luke",592426,2024,235,204,59,25.1,11.1,0.255,0.402,0.342,0.744,0.147,0.321,0.227,0.382,0.328,0.316,0.32,0.156,0.39,0.371,0.354,0.318,89.2,31.8,5.4,39.9,94.024388356,29.7
"Cabrera, Génesis",650893,2024,271,235,50,18.5,10.7,0.268,0.443,0.348,0.791,0.175,0.296,0.244,0.401,0.338,0.324,0.332,0.157,0.377,0.358,0.333,0.31,89.8,33.7,5.8,41.1,94.189379412,26.1
"Kinley, Tyler",641755,2024,285,246,72,25.3,11.6,0.248,0.455,0.338,0.793,0.207,0.301,0.241,0.422,0.341,0.329,0.333,0.181,0.414,0.397,0.345,0.337,87.5,37.6,5.1,33.1,93.748627829,33.1
"Gibson, Kyle",502043,2024,722,641,151,20.9,9.4,0.251,0.418,0.324,0.742,0.167,0.292,0.259,0.435,0.323,0.34,0.334,0.176,0.369,0.394,0.325,0.339,88.2,34.3,5.2,39.1,94.071640304,25.9
"Thielbar, Caleb",573204,2024,216,188,53,24.5,11.1,0.266,0.41,0.344,0.754,0.144,0.333,0.233,0.398,0.327,0.316,0.319,0.165,0.395,0.378,0.362,0.322,88.3,34.5,5.0,33.8,93.819488613,24.7
"Alexander, Scott",518397,2024,160,139,31,19.4,9.4,0.223,0.338,0.304,0.642,0.115,0.262,0.241,0.412,0.268,0.314,0.324,0.172,0.304,0.369,0.282,0.31,89.2,36.6,6.3,44.6,94.843086055,19.8
"Cronin, Declan",686539,2024,307,274,72,23.5,8.5,0.274,0.35,0.346,0.696,0.076,0.366,0.238,0.354,0.308,0.298,0.315,0.117,0.364,0.349,0.369,0.322,89.5,29.9,3.9,41.7,94.675264406,26.6
"Montero, Rafael",606160,2024,164,141,23,14.0,11.6,0.248,0.461,0.348,0.809,0.213,0.243,0.266,0.482,0.352,0.368,0.363,0.216,0.356,0.379,0.294,0.315,89.8,36.1,6.7,42.0,94.228808319,17.9
"Kerr, Ray",678061,2024,103,92,27,26.2,6.8,0.315,0.533,0.379,0.912,0.218,0.403,0.25,0.448,0.39,0.346,0.328,0.198,0.503,0.436,0.439,0.36,90.6,50.0,9.1,45.5,95.36998746,35.5
"Tate, Dillon",622253,2024,164,147,27,16.5,7.3,0.286,0.381,0.354,0.735,0.095,0.336,0.243,0.363,0.326,0.306,0.316,0.12,0.35,0.323,0.347,0.296,87.5,32.2,4.1,30.6,93.004608833,19.3
"Valdez, Framber",664285,2024,703,634,169,24.0,7.8,0.221,0.323,0.287,0.61,0.102,0.277,0.232,0.349,0.272,0.291,0.299,0.117,0.315,0.344,0.297,0.315,90.2,26.0,5.1,45.0,94.620557662,27.2
"Williams, Devin",642207,2024,88,75,38,43.2,12.5,0.133,0.227,0.261,0.488,0.094,0.25,0.143,0.213,0.228,0.229,0.27,0.07,0.31,0.313,0.27,0.29,84.2,29.7,5.4,32.4,91.882778649,40.0
"Alcala, Jorge",660896,2024,235,210,58,24.7,8.5,0.19,0.352,0.269,0.621,0.162,0.221,0.191,0.347,0.273,0.277,0.271,0.155,0.316,0.321,0.261,0.264,86.6,32.0,6.5,32.7,92.994573289,28.1
"Ureña, José",570632,2024,463,414,70,15.1,8.4,0.254,0.399,0.321,0.72,0.145,0.275,0.256,0.42,0.314,0.327,0.325,0.165,0.332,0.35,0.302,0.306,89.0,26.0,5.7,39.7,94.465225677,23.1
"Curry, Xzavion",675540,2024,172,164,28,16.3,4.1,0.232,0.476,0.262,0.738,0.244,0.233,0.27,0.516,0.309,0.346,0.3,0.246,0.356,0.402,0.277,0.325,89.9,38.0,10.2,43.1,94.509368321,21.1
"Hamilton, Ian",641656,2024,163,142,41,25.2,8.6,0.261,0.373,0.331,0.704,0.112,0.34,0.248,0.359,0.31,0.304,0.323,0.111,0.368,0.36,0.352,0.339,89.5,34.3,2.9,37.1,93.768760381,36.5
"Baker, Bryan",641329,2024,93,85,23,24.7,7.5,0.235,0.435,0.29,0.725,0.2,0.283,0.224,0.369,0.311,0.295,0.287,0.146,0.382,0.361,0.317,0.313,90.6,28.6,11.1,47.6,95.776148525,23.9
"Salazar, Eduardo",674285,2024,133,118,27,20.3,10.5,0.288,0.39,0.368,0.758,0.102,0.36,0.278,0.402,0.338,0.341,0.359,0.124,0.38,0.385,0.374,0.36,88.4,28.6,8.8,42.9,95.377835385,23.2
"Brazobán, Huascar",623211,2024,217,189,51,23.5,11.5,0.201,0.28,0.304,0.584,0.079,0.265,0.224,0.323,0.269,0.3,0.324,0.099,0.283,0.331,0.275,0.307,82.3,33.3,5.1,24.6,91.723285328,30.0
"Chirinos, Yonny",630023,2024,144,127,25,17.4,9.0,0.339,0.591,0.41,1.001,0.252,0.375,0.243,0.438,0.425,0.335,0.327,0.195,0.487,0.361,0.417,0.302,87.6,33.0,9.7,35.0,93.547245743,20.7
"Castillo, Luis",622491,2024,719,663,175,24.3,6.5,0.238,0.412,0.293,0.705,0.174,0.286,0.243,0.422,0.305,0.313,0.298,0.179,0.374,0.387,0.322,0.329,89.7,37.0,6.7,41.9,94.546516728,25.9
"Kahnle, Tommy",592454,2024,179,158,46,25.7,10.6,0.19,0.342,0.285,0.627,0.152,0.234,0.201,0.335,0.278,0.285,0.295,0.134,0.318,0.33,0.268,0.284,86.2,24.1,3.6,32.1,93.096771,36.0
"Ober, Bailey",641927,2024,709,655,191,26.9,6.1,0.208,0.391,0.261,0.652,0.183,0.247,0.209,0.384,0.282,0.284,0.264,0.175,0.354,0.357,0.291,0.294,87.5,34.8,7.5,34.3,93.270078151,29.0
"Zerpa, Angel",672582,2024,240,216,49,20.4,8.3,0.273,0.403,0.339,0.742,0.13,0.327,0.259,0.419,0.323,0.328,0.327,0.161,0.373,0.38,0.351,0.335,90.3,27.8,2.4,43.8,94.736351394,16.0
"Verlander, Justin",434378,2024,396,358,74,18.7,6.8,0.274,0.45,0.331,0.781,0.176,0.303,0.229,0.396,0.337,0.304,0.293,0.166,0.383,0.337,0.339,0.288,88.6,39.1,8.0,32.5,93.349929268,21.3
"Ramírez, Yohan",670990,2024,208,175,45,21.6,8.2,0.28,0.423,0.379,0.802,0.143,0.352,0.25,0.39,0.351,0.331,0.354,0.14,0.399,0.369,0.371,0.332,88.5,29.9,6.0,34.3,93.79945093,24.8
"Mlodzinski, Carmen",669387,2024,209,184,46,22.0,9.1,0.223,0.315,0.297,0.612,0.092,0.273,0.225,0.341,0.272,0.288,0.303,0.115,0.3,0.324,0.289,0.298,89.3,29.6,6.3,35.2,93.818028357,26.1
"Weissert, Greg",669711,2024,263,237,58,22.1,7.6,0.274,0.401,0.324,0.725,0.127,0.328,0.246,0.373,0.31,0.294,0.302,0.127,0.374,0.352,0.353,0.322,88.9,33.5,4.9,40.5,93.989904231,20.3
"Garcia, Robert",676395,2024,251,232,75,29.9,6.4,0.237,0.323,0.288,0.611,0.086,0.331,0.205,0.297,0.27,0.25,0.26,0.092,0.355,0.326,0.348,0.305,87.7,29.6,4.4,30.2,92.864831776,29.4
"Sims, Lucas",608371,2024,215,179,49,22.8,14.0,0.229,0.413,0.341,0.754,0.184,0.264,0.22,0.397,0.331,0.324,0.333,0.178,0.367,0.355,0.308,0.296,85.4,32.8,8.2,31.3,92.992474394,25.8
"Fried, Max",608331,2024,714,645,166,23.2,8.0,0.226,0.315,0.295,0.61,0.089,0.283,0.245,0.365,0.273,0.304,0.311,0.12,0.312,0.357,0.302,0.327,86.3,30.4,4.3,34.6,93.362715837,24.1
"King, Bryan",687911,2024,109,95,32,29.4,9.2,0.211,0.295,0.303,0.598,0.084,0.302,0.206,0.31,0.273,0.279,0.3,0.104,0.323,0.335,0.313,0.308,85.7,31.3,3.1,34.4,92.854370484,24.1
"Ryan, Joe",657746,2024,538,507,147,27.3,4.3,0.217,0.4,0.257,0.657,0.183,0.265,0.206,0.365,0.282,0.268,0.248,0.158,0.365,0.344,0.303,0.29,88.3,33.6,6.6,36.6,93.914347298,26.6
"Fernandez, Ryan",681676,2024,285,246,71,24.9,11.2,0.236,0.341,0.325,0.666,0.105,0.31,0.219,0.327,0.291,0.294,0.317,0.108,0.342,0.346,0.326,0.312,89.0,35.6,5.6,33.9,93.727534407,31.5
"Nastrini, Nick",680897,2024,174,137,26,14.9,20.7,0.234,0.445,0.397,0.842,0.211,0.24,0.231,0.471,0.373,0.382,0.395,0.24,0.354,0.368,0.288,0.286,87.7,30.6,7.2,31.5,93.450647928,28.8
"Armstrong, Shawn",542888,2024,295,266,66,22.4,8.5,0.289,0.436,0.354,0.79,0.147,0.364,0.275,0.453,0.345,0.35,0.343,0.179,0.411,0.419,0.383,0.367,88.9,36.6,4.0,38.1,94.1636783,22.9
"Canning, Griffin",656288,2024,739,656,130,17.6,8.9,0.265,0.459,0.334,0.793,0.194,0.284,0.257,0.448,0.341,0.338,0.328,0.191,0.378,0.374,0.325,0.317,90.5,32.4,5.4,41.9,94.700505891,24.5
"Faucher, Calvin",676534,2024,235,199,63,26.8,11.1,0.246,0.342,0.339,0.681,0.096,0.35,0.23,0.34,0.299,0.302,0.33,0.11,0.358,0.363,0.35,0.335,89.6,32.4,2.8,39.4,94.07162446,28.1
"Skubal, Tarik",669373,2024,753,705,228,30.3,4.6,0.201,0.311,0.247,0.558,0.11,0.273,0.205,0.331,0.246,0.258,0.251,0.127,0.322,0.341,0.296,0.301,87.5,33.1,4.2,33.9,93.34039981,31.9
"Liberatore, Matthew",669461,2024,358,323,76,21.2,7.8,0.251,0.415,0.312,0.727,0.164,0.293,0.248,0.425,0.313,0.319,0.31,0.177,0.367,0.377,0.324,0.322,89.7,31.7,7.1,38.6,94.390364774,25.1
"Berríos, José",621244,2024,786,714,153,19.5,6.9,0.235,0.406,0.3,0.706,0.171,0.258,0.262,0.447,0.308,0.336,0.325,0.185,0.346,0.386,0.298,0.332,89.6,36.3,7.3,41.8,94.188449928,21.1
"Brown, Hunter",686613,2024,712,645,179,25.1,8.4,0.242,0.357,0.31,0.667,0.115,0.307,0.223,0.338,0.296,0.286,0.295,0.115,0.355,0.339,0.333,0.31,86.2,28.0,6.4,30.3,92.855098176,25.1
"Chafin, Andrew",605177,2024,246,211,70,28.5,12.6,0.246,0.341,0.341,0.682,0.095,0.338,0.221,0.356,0.301,0.298,0.322,0.135,0.372,0.367,0.361,0.327,88.5,37.5,7.6,34.0,93.227958182,34.5
"Chapman, Aroldis",547973,2024,264,222,98,37.1,14.4,0.198,0.315,0.318,0.633,0.117,0.322,0.165,0.288,0.289,0.272,0.293,0.123,0.386,0.351,0.349,0.296,90.5,31.0,5.6,41.3,94.663313548,32.3
"Rogers, Tyler",643511,2024,290,273,51,17.6,2.1,0.245,0.374,0.278,0.652,0.129,0.276,0.237,0.348,0.281,0.276,0.273,0.111,0.324,0.318,0.299,0.293,85.2,24.9,3.1,31.1,92.704925759,18.6
"Birdsong, Hayden",806185,2024,315,264,88,27.9,13.7,0.216,0.39,0.332,0.722,0.174,0.275,0.228,0.414,0.321,0.335,0.343,0.185,0.382,0.407,0.32,0.339,92.0,32.8,11.7,50.0,95.853044148,29.8
"Rodón, Carlos",607074,2024,736,667,195,26.5,7.7,0.235,0.435,0.304,0.739,0.2,0.284,0.224,0.429,0.32,0.316,0.294,0.206,0.4,0.393,0.331,0.316,90.4,34.6,7.2,40.9,94.543522745,30.1
"Warren, Will",701542,2024,110,97,29,26.4,9.1,0.34,0.608,0.404,1.012,0.268,0.438,0.244,0.44,0.428,0.329,0.318,0.196,0.566,0.409,0.478,0.344,92.7,39.1,5.8,50.7,95.202841594,25.8
"Greene, Hunter",668881,2024,611,526,169,27.7,9.3,0.183,0.298,0.283,0.581,0.115,0.239,0.188,0.314,0.265,0.275,0.289,0.126,0.297,0.315,0.264,0.275,87.3,29.0,5.7,32.5,93.167150497,29.7
"Voth, Austin",608723,2024,248,226,61,24.6,7.3,0.204,0.367,0.271,0.638,0.163,0.237,0.212,0.374,0.281,0.288,0.279,0.162,0.332,0.343,0.279,0.29,85.8,40.4,4.8,29.5,92.540165854,31.6
"López, Jorge",605347,2024,216,196,50,23.1,8.3,0.235,0.372,0.306,0.678,0.137,0.286,0.218,0.384,0.298,0.298,0.29,0.166,0.349,0.349,0.315,0.293,88.7,28.1,5.5,39.7,94.215008042,23.1
"Maton, Phil",664208,2024,265,231,60,22.6,9.1,0.203,0.346,0.303,0.649,0.143,0.244,0.235,0.393,0.29,0.322,0.33,0.159,0.316,0.365,0.275,0.317,86.5,32.6,7.0,33.1,93.404469942,26.7
"Varland, Louis",686973,2024,238,214,49,20.6,6.7,0.318,0.523,0.371,0.894,0.205,0.359,0.281,0.473,0.382,0.356,0.342,0.191,0.458,0.421,0.405,0.364,90.6,41.4,7.7,45.0,94.924498204,23.2
"Herrin, Tim",682120,2024,257,225,68,26.5,9.7,0.173,0.24,0.27,0.51,0.067,0.237,0.206,0.33,0.236,0.285,0.298,0.124,0.254,0.332,0.247,0.293,86.9,28.3,5.7,36.5,93.348866,29.3
"Jackson, Jay",543351,2024,114,105,29,25.4,7.9,0.267,0.524,0.325,0.849,0.257,0.304,0.254,0.46,0.362,0.336,0.313,0.206,0.461,0.422,0.368,0.351,88.3,42.1,5.3,42.1,93.731681316,25.7
"Hernández, Carlos",672578,2024,129,109,27,20.9,12.4,0.22,0.321,0.318,0.639,0.101,0.274,0.212,0.391,0.287,0.309,0.312,0.179,0.298,0.331,0.282,0.274,88.6,30.6,10.6,38.8,93.446198588,25.6
"Gonzales, Marco",594835,2024,151,138,23,15.2,7.3,0.312,0.478,0.36,0.838,0.166,0.342,0.306,0.551,0.362,0.391,0.357,0.245,0.403,0.441,0.371,0.368,90.9,41.0,9.4,43.6,95.046505893,17.8
"Brown, Ben",676962,2024,222,197,64,28.8,8.6,0.208,0.33,0.276,0.606,0.122,0.273,0.229,0.411,0.268,0.321,0.302,0.182,0.331,0.416,0.299,0.342,91.8,34.1,9.4,51.4,95.668522336,31.4
"Smith, Burch",572143,2024,241,222,46,19.1,5.0,0.288,0.428,0.328,0.756,0.14,0.337,0.265,0.442,0.328,0.329,0.309,0.177,0.384,0.385,0.36,0.335,90.7,34.8,5.0,44.8,94.889536124,20.7
"Kerkering, Orion",689147,2024,257,229,74,28.8,6.6,0.223,0.301,0.297,0.598,0.078,0.316,0.219,0.329,0.271,0.282,0.294,0.11,0.33,0.348,0.325,0.32,87.3,32.3,5.7,33.5,93.15931271,27.8
"Anderson, Nick",623433,2024,153,135,29,19.0,9.8,0.259,0.474,0.333,0.807,0.215,0.284,0.267,0.473,0.344,0.353,0.343,0.207,0.389,0.401,0.324,0.338,89.2,37.0,9.3,38.0,93.902136852,23.4
"Marte, Yunior",628708,2024,127,111,23,18.1,11.8,0.306,0.495,0.386,0.881,0.189,0.345,0.299,0.489,0.381,0.383,0.383,0.19,0.428,0.431,0.382,0.378,87.0,34.8,3.4,42.7,94.331632022,23.1
"Webb, Logan",657277,2024,841,783,172,20.5,5.9,0.258,0.355,0.302,0.657,0.097,0.316,0.27,0.421,0.288,0.326,0.316,0.151,0.336,0.387,0.328,0.346,89.8,32.1,6.3,46.2,95.233452829,20.8
"Kikuchi, Yusei",579328,2024,736,683,206,28.0,6.0,0.245,0.391,0.291,0.682,0.146,0.312,0.235,0.404,0.297,0.301,0.283,0.169,0.387,0.393,0.348,0.336,90.1,33.5,6.6,45.0,94.844128643,29.0
"Festa, Matt",670036,2024,100,90,24,24.0,8.0,0.233,0.389,0.3,0.689,0.156,0.292,0.256,0.386,0.296,0.309,0.321,0.13,0.355,0.374,0.313,0.344,86.3,29.9,3.0,34.3,93.189386515,26.2
"Holderman, Colin",670059,2024,223,188,56,25.1,11.2,0.223,0.367,0.324,0.691,0.144,0.277,0.21,0.376,0.307,0.316,0.319,0.166,0.348,0.363,0.309,0.3,87.6,37.2,3.6,38.0,93.662995956,29.5
"Miller, Mason",695243,2024,249,225,104,41.8,8.4,0.16,0.262,0.233,0.495,0.102,0.256,0.149,0.233,0.218,0.21,0.226,0.084,0.33,0.312,0.293,0.28,86.1,28.5,4.9,32.5,92.801441301,40.1
"Hurter, Brant",676428,2024,175,167,38,21.7,3.4,0.204,0.323,0.23,0.553,0.119,0.238,0.201,0.307,0.24,0.238,0.228,0.107,0.289,0.287,0.262,0.259,88.5,22.9,3.1,36.6,93.860236875,20.0
"Vodnik, Victor",680767,2024,320,280,65,20.3,11.6,0.257,0.382,0.345,0.727,0.125,0.311,0.254,0.428,0.322,0.342,0.343,0.175,0.355,0.385,0.333,0.331,91.3,27.6,6.5,49.3,95.271991729,21.8
"Parker, Mitchell",680730,2024,646,595,133,20.6,6.7,0.259,0.408,0.309,0.717,0.149,0.303,0.255,0.443,0.311,0.326,0.306,0.188,0.364,0.384,0.33,0.327,89.6,35.3,7.9,38.9,94.140672817,22.3
"Flaherty, Jack",656427,2024,649,605,194,29.9,5.9,0.223,0.388,0.273,0.661,0.165,0.286,0.232,0.389,0.288,0.296,0.283,0.157,0.382,0.398,0.328,0.345,88.4,36.1,4.8,35.9,93.776478992,32.1
"Toussaint, Touki",657053,2024,117,97,26,22.2,15.4,0.361,0.557,0.462,1.019,0.196,0.464,0.27,0.418,0.437,0.364,0.391,0.149,0.528,0.41,0.486,0.372,88.8,40.3,6.9,38.9,93.321083611,27.5
"Suter, Brent",608718,2024,270,253,50,18.5,4.4,0.249,0.419,0.289,0.708,0.17,0.272,0.268,0.422,0.305,0.318,0.308,0.154,0.351,0.368,0.307,0.332,86.1,33.7,3.9,30.2,92.793075567,20.2
"Mazur, Adam",800049,2024,158,133,22,13.9,13.3,0.301,0.534,0.399,0.933,0.233,0.318,0.277,0.447,0.399,0.366,0.381,0.171,0.417,0.37,0.354,0.329,90.7,38.1,6.2,38.9,94.167105398,18.4
"García, Yimi",554340,2024,153,138,49,32.0,7.8,0.167,0.348,0.243,0.591,0.181,0.205,0.183,0.375,0.252,0.27,0.258,0.192,0.336,0.366,0.258,0.284,87.4,36.7,2.2,34.4,93.693798523,29.0
"Foley, Jason",671345,2024,250,224,46,18.4,8.0,0.228,0.339,0.293,0.632,0.111,0.261,0.255,0.411,0.277,0.323,0.324,0.156,0.301,0.365,0.282,0.324,89.5,36.8,9.3,41.2,94.6846625,22.3
"Barnes, Jacob",606930,2024,277,252,55,19.9,7.2,0.266,0.444,0.314,0.758,0.178,0.297,0.276,0.474,0.323,0.342,0.327,0.198,0.378,0.404,0.332,0.349,89.0,43.6,8.9,41.6,94.027718911,25.1
"Doval, Camilo",666808,2024,271,224,78,28.8,14.4,0.241,0.393,0.353,0.746,0.152,0.338,0.182,0.319,0.327,0.288,0.31,0.137,0.403,0.335,0.36,0.281,89.5,27.6,5.3,42.8,94.940437415,34.3
"Kelly, Michael",547184,2024,128,112,22,17.2,7.8,0.241,0.357,0.315,0.672,0.116,0.278,0.228,0.362,0.294,0.296,0.306,0.135,0.312,0.314,0.293,0.281,85.2,40.9,7.5,20.4,91.662761111,22.3
"Fleming, Josh",676596,2024,138,123,17,12.3,10.1,0.276,0.398,0.355,0.753,0.122,0.301,0.253,0.378,0.334,0.324,0.335,0.126,0.337,0.324,0.321,0.294,86.6,23.6,4.7,33.3,93.077588462,18.8
"Carrasco, Carlos",471911,2024,447,406,89,19.9,7.4,0.276,0.505,0.336,0.841,0.229,0.31,0.257,0.443,0.36,0.335,0.322,0.186,0.421,0.386,0.351,0.331,89.3,35.3,7.5,38.8,94.036830506,22.7
"Mears, Nick",683232,2024,256,228,75,29.3,9.4,0.268,0.417,0.332,0.749,0.149,0.36,0.213,0.36,0.324,0.283,0.284,0.146,0.426,0.358,0.389,0.311,88.1,38.2,7.6,33.1,93.304873439,28.5
"Sewald, Paul",623149,2024,165,151,43,26.1,6.1,0.232,0.437,0.291,0.728,0.205,0.282,0.225,0.421,0.311,0.304,0.286,0.196,0.392,0.382,0.321,0.314,90.0,34.9,8.3,42.2,94.379078037,24.4
"Bummer, Aaron",607481,2024,244,220,69,28.3,7.4,0.277,0.364,0.333,0.697,0.087,0.388,0.23,0.287,0.305,0.265,0.294,0.057,0.396,0.333,0.396,0.334,86.6,29.0,4.5,32.9,93.519571554,26.7
"Darvish, Yu",506433,2024,331,300,78,23.6,6.6,0.217,0.387,0.274,0.661,0.17,0.248,0.226,0.392,0.286,0.298,0.285,0.166,0.34,0.357,0.288,0.305,89.4,32.0,6.1,39.9,94.154535022,25.6
"Tinoco, Jesus",622786,2024,162,147,42,25.9,7.4,0.184,0.279,0.259,0.538,0.095,0.235,0.21,0.357,0.241,0.284,0.283,0.148,0.277,0.343,0.257,0.294,87.1,28.6,4.8,33.3,93.22449375,26.4
"Blackburn, Paul",621112,2024,316,290,59,18.7,6.6,0.262,0.441,0.317,0.758,0.179,0.291,0.264,0.439,0.329,0.333,0.32,0.175,0.375,0.38,0.328,0.33,87.6,38.2,6.4,35.6,93.20611319,23.5
"Thompson, Keegan",624522,2024,127,107,36,28.3,14.2,0.178,0.318,0.294,0.612,0.14,0.232,0.218,0.404,0.277,0.325,0.328,0.187,0.312,0.397,0.264,0.324,90.6,41.7,5.6,47.2,94.990143056,28.2
"Rasmussen, Drew",656876,2024,116,109,35,30.2,5.2,0.229,0.275,0.267,0.542,0.046,0.333,0.194,0.26,0.242,0.226,0.234,0.067,0.319,0.295,0.333,0.282,86.2,24.0,6.7,36.0,93.140661333,31.4
"Chivilli, Angel",683409,2024,133,122,28,21.1,7.5,0.254,0.475,0.316,0.791,0.221,0.276,0.261,0.451,0.34,0.34,0.322,0.19,0.401,0.4,0.33,0.338,89.1,31.9,4.3,46.8,94.631832128,36.9
"Bassitt, Chris",605135,2024,758,667,168,22.2,9.2,0.27,0.397,0.352,0.749,0.127,0.335,0.254,0.407,0.331,0.33,0.338,0.153,0.381,0.38,0.359,0.338,87.8,36.3,4.0,37.1,94.077816493,21.7
"Pearson, Nate",663878,2024,285,255,74,26.0,7.4,0.263,0.459,0.319,0.778,0.196,0.314,0.241,0.443,0.333,0.33,0.306,0.202,0.419,0.414,0.358,0.338,90.9,38.0,8.0,45.5,94.629260108,27.8
"Gasser, Robert",688107,2024,114,106,16,14.0,0.9,0.264,0.33,0.283,0.613,0.066,0.286,0.251,0.337,0.268,0.27,0.272,0.086,0.295,0.298,0.301,0.288,86.0,34.0,2.1,24.5,92.472510549,21.6
"Daniel, Davis",669721,2024,134,127,28,20.9,4.5,0.307,0.512,0.343,0.855,0.205,0.362,0.274,0.439,0.367,0.327,0.312,0.165,0.448,0.393,0.394,0.352,87.2,39.4,3.0,39.4,93.91111303,20.2
"López, Pablo",641154,2024,772,715,198,25.6,5.3,0.252,0.407,0.298,0.705,0.155,0.311,0.237,0.402,0.306,0.302,0.286,0.165,0.387,0.38,0.345,0.328,87.9,35.9,5.5,37.5,93.587928673,27.0
"Reid-Foley, Sean",656887,2024,90,75,25,27.8,15.6,0.173,0.2,0.3,0.5,0.027,0.255,0.201,0.251,0.243,0.273,0.323,0.051,0.239,0.293,0.255,0.296,88.9,19.6,2.0,39.2,94.776466863,29.4
"Rogers, Trevor",669432,2024,562,491,97,17.3,10.0,0.285,0.458,0.357,0.815,0.173,0.323,0.271,0.442,0.35,0.349,0.349,0.171,0.385,0.383,0.347,0.337,90.7,33.3,5.2,44.4,94.92394505,20.9
"Weathers, Ryan",677960,2024,367,331,80,21.8,6.5,0.236,0.39,0.303,0.693,0.154,0.277,0.24,0.412,0.303,0.317,0.308,0.172,0.349,0.37,0.308,0.315,89.5,32.7,6.3,38.2,94.321363147,26.1
"Ramirez, Emmanuel",642629,2024,92,80,21,22.8,8.7,0.263,0.5,0.348,0.848,0.237,0.316,0.256,0.43,0.362,0.344,0.346,0.175,0.428,0.4,0.35,0.347,91.0,33.3,15.0,45.0,95.171073051,27.9
"Thorpe, Drew",689672,2024,190,165,25,13.2,11.1,0.212,0.424,0.302,0.726,0.212,0.201,0.238,0.439,0.315,0.336,0.325,0.202,0.312,0.34,0.246,0.278,87.4,34.5,9.2,37.3,93.96069617,23.9
"Blewett, Scott",656240,2024,85,76,18,21.2,9.4,0.224,0.368,0.306,0.674,0.144,0.268,0.238,0.391,0.29,0.307,0.319,0.153,0.331,0.356,0.293,0.312,91.9,27.6,5.2,46.6,95.382558966,25.7
"Eflin, Zach",621107,2024,684,653,134,19.6,3.5,0.254,0.404,0.283,0.687,0.15,0.288,0.247,0.416,0.297,0.303,0.277,0.169,0.352,0.361,0.318,0.311,88.1,30.0,5.4,36.1,94.040596667,21.6
"Knack, Landon",689017,2024,286,264,69,24.1,6.3,0.22,0.428,0.276,0.704,0.208,0.242,0.224,0.444,0.304,0.313,0.281,0.22,0.369,0.382,0.296,0.302,90.6,35.7,9.7,43.9,94.680633316,23.1
"White, Mitch",669952,2024,110,92,13,11.8,11.8,0.283,0.5,0.37,0.87,0.217,0.286,0.284,0.528,0.366,0.384,0.373,0.245,0.377,0.4,0.321,0.325,89.3,38.6,8.4,42.2,94.431125432,16.0
"Miller, Shelby",571946,2024,225,203,49,21.8,5.8,0.202,0.384,0.262,0.646,0.182,0.215,0.22,0.398,0.28,0.303,0.284,0.177,0.319,0.352,0.259,0.29,91.1,31.0,5.7,41.1,94.576932468,24.3
"Lively, Ben",594902,2024,632,577,118,18.7,7.8,0.241,0.419,0.305,0.724,0.178,0.265,0.239,0.412,0.315,0.314,0.304,0.173,0.352,0.351,0.302,0.3,90.2,30.7,8.0,41.5,94.191914792,18.6
"Thompson, Ryan",657044,2024,272,252,52,19.1,5.5,0.254,0.377,0.296,0.673,0.123,0.299,0.254,0.407,0.29,0.312,0.299,0.153,0.337,0.366,0.317,0.32,90.0,26.5,4.9,44.6,95.26022148,23.0
"Winn, Keaton",676775,2024,238,209,48,20.2,8.4,0.268,0.493,0.338,0.831,0.225,0.301,0.269,0.487,0.354,0.361,0.343,0.218,0.407,0.421,0.339,0.348,93.1,34.5,10.9,50.6,96.123965,25.2
"Steele, Justin",657006,2024,555,506,135,24.3,6.7,0.219,0.336,0.276,0.612,0.117,0.273,0.212,0.317,0.271,0.265,0.271,0.105,0.322,0.314,0.297,0.289,86.9,30.9,4.7,33.2,93.083319918,23.7
"Weaver, Luke",596133,2024,331,296,103,31.1,7.9,0.176,0.334,0.248,0.582,0.158,0.225,0.197,0.37,0.256,0.286,0.272,0.173,0.323,0.374,0.264,0.304,89.1,36.4,8.6,38.4,94.297465641,33.5
"Quintana, Jose",500779,2024,717,634,135,18.8,8.8,0.237,0.396,0.314,0.71,0.159,0.266,0.254,0.414,0.312,0.33,0.331,0.16,0.339,0.365,0.298,0.321,88.0,32.9,7.3,38.2,93.89600374,22.2
"Thornton, Trent",663423,2024,294,265,77,26.2,6.5,0.238,0.396,0.299,0.695,0.158,0.302,0.227,0.361,0.302,0.29,0.291,0.134,0.377,0.36,0.332,0.32,87.9,31.1,2.6,37.3,93.50760367,27.3
"Pallante, Andre",669467,2024,509,458,94,18.5,9.4,0.24,0.338,0.315,0.653,0.098,0.287,0.231,0.333,0.293,0.293,0.308,0.102,0.314,0.315,0.302,0.292,87.4,24.4,5.2,38.1,93.795724801,19.8
"Myers, Tobias",668964,2024,569,520,127,22.3,6.3,0.242,0.387,0.295,0.682,0.145,0.284,0.248,0.422,0.297,0.317,0.303,0.174,0.352,0.38,0.317,0.328,89.8,36.4,6.2,38.7,94.361623995,21.3
"Adams, Austin",613534,2024,191,152,53,27.7,12.0,0.25,0.408,0.389,0.797,0.158,0.351,0.202,0.314,0.354,0.313,0.356,0.112,0.422,0.346,0.376,0.313,85.1,34.3,6.9,31.4,92.641949703,35.3
"Martin, Davis",663436,2024,220,192,47,21.4,10.5,0.26,0.365,0.355,0.72,0.105,0.321,0.224,0.378,0.324,0.316,0.323,0.154,0.357,0.346,0.345,0.297,87.9,26.2,4.8,37.9,93.839174792,27.0
"Musgrove, Joe",605397,2024,410,375,101,24.6,5.6,0.251,0.419,0.31,0.729,0.168,0.305,0.245,0.43,0.317,0.324,0.307,0.185,0.388,0.398,0.341,0.336,90.3,35.5,6.2,40.6,94.1443128,28.3
"Molina, Anthony",683627,2024,264,236,41,15.5,8.3,0.305,0.445,0.364,0.809,0.14,0.345,0.308,0.482,0.349,0.373,0.372,0.175,0.382,0.414,0.362,0.372,90.4,38.7,6.0,45.7,95.191955178,18.8
"Akin, Keegan",669211,2024,313,285,97,31.0,6.1,0.193,0.347,0.244,0.591,0.154,0.25,0.18,0.32,0.255,0.248,0.237,0.14,0.338,0.327,0.285,0.273,88.3,29.7,8.7,37.4,93.834416667,30.0
"Rainey, Tanner",663432,2024,231,197,44,19.0,12.6,0.239,0.416,0.346,0.762,0.177,0.267,0.233,0.488,0.335,0.36,0.344,0.255,0.356,0.394,0.305,0.301,91.1,33.8,7.1,42.9,94.688285098,26.0
"Joyce, Ben",690829,2024,142,124,33,23.2,9.9,0.21,0.25,0.31,0.56,0.04,0.278,0.208,0.299,0.263,0.284,0.308,0.091,0.273,0.305,0.286,0.283,87.2,25.3,5.5,37.4,93.832791556,29.0
"Lee, Dylan",669276,2024,240,221,76,31.7,7.1,0.222,0.376,0.276,0.652,0.154,0.302,0.198,0.341,0.277,0.256,0.254,0.144,0.385,0.351,0.336,0.3,87.5,35.4,8.2,32.0,93.202362621,37.7
"Pressly, Ryan",519151,2024,244,220,58,23.8,7.4,0.264,0.395,0.322,0.717,0.131,0.338,0.238,0.405,0.314,0.31,0.3,0.167,0.379,0.372,0.354,0.321,89.8,37.0,10.9,41.8,94.583014817,26.9
"Dubin, Shawn",681869,2024,207,176,49,23.7,12.6,0.256,0.375,0.353,0.728,0.119,0.331,0.217,0.346,0.324,0.312,0.326,0.129,0.367,0.348,0.346,0.304,89.5,31.5,5.4,42.3,94.306383488,26.3
"Eovaldi, Nathan",543135,2024,696,642,166,23.9,6.0,0.229,0.386,0.282,0.668,0.157,0.271,0.243,0.398,0.291,0.309,0.298,0.155,0.35,0.376,0.306,0.329,89.3,33.5,5.2,42.6,94.485768718,26.8
"Pepiot, Ryan",686752,2024,539,481,142,26.3,8.9,0.212,0.364,0.292,0.656,0.152,0.262,0.214,0.379,0.29,0.298,0.294,0.165,0.346,0.358,0.299,0.302,89.3,31.4,5.0,37.2,93.814038824,29.9
"Rodriguez, Eduardo",593958,2024,224,202,47,21.0,8.5,0.277,0.475,0.341,0.816,0.198,0.324,0.272,0.491,0.35,0.358,0.338,0.219,0.414,0.425,0.359,0.355,88.7,39.5,7.6,42.0,94.55394487,22.4
"Minter, A.J.",621345,2024,134,121,35,26.1,8.2,0.198,0.364,0.271,0.635,0.166,0.225,0.204,0.364,0.277,0.282,0.276,0.16,0.336,0.344,0.279,0.287,87.3,26.4,4.6,33.3,93.756282588,28.4
"Manaea, Sean",640455,2025,263,241,75,28.5,4.6,0.257,0.473,0.31,0.783,0.216,0.318,0.24,0.422,0.337,0.31,0.294,0.182,0.446,0.405,0.371,0.346,89.8,39.6,11.8,42.6,94.746596121,26.8
"Vodnik, Victor",680767,2025,215,188,49,22.8,12.1,0.239,0.372,0.33,0.702,0.133,0.301,0.233,0.394,0.308,0.317,0.327,0.161,0.351,0.363,0.321,0.316,91.0,31.4,6.4,48.6,95.651511583,26.5
"Farris, Mitch",815083,2025,107,92,24,22.4,10.3,0.261,0.489,0.336,0.825,0.228,0.299,0.281,0.473,0.349,0.361,0.359,0.192,0.409,0.428,0.338,0.372,90.5,49.3,11.3,43.7,95.221623333,28.6
"Warren, Will",701542,2025,711,631,171,24.1,9.1,0.25,0.418,0.32,0.738,0.168,0.304,0.252,0.426,0.321,0.33,0.325,0.175,0.383,0.397,0.337,0.345,91.0,36.0,5.1,45.3,95.303643801,24.6
"Gilbert, Tyler",656457,2025,215,186,49,22.8,11.2,0.215,0.355,0.31,0.665,0.14,0.263,0.22,0.404,0.291,0.312,0.317,0.184,0.327,0.36,0.29,0.301,90.0,35.0,8.6,40.7,94.180523139,26.2
"Wilson, Bryse",669060,2025,224,200,28,12.5,8.5,0.335,0.57,0.395,0.965,0.235,0.344,0.336,0.578,0.41,0.422,0.4,0.242,0.442,0.458,0.385,0.392,91.3,39.1,6.9,45.4,95.450946154,16.7
"Walter, Brandon",687888,2025,212,204,52,24.5,1.9,0.225,0.422,0.251,0.673,0.197,0.254,0.237,0.391,0.288,0.282,0.262,0.154,0.367,0.359,0.303,0.319,86.2,30.7,5.2,38.6,93.449561854,24.6
"Vesia, Alex",681911,2025,237,204,80,33.8,9.3,0.181,0.348,0.272,0.62,0.167,0.235,0.185,0.346,0.269,0.274,0.278,0.161,0.356,0.366,0.289,0.299,88.5,38.5,6.9,37.7,94.182131587,30.7
"Crochet, Garrett",676979,2025,814,762,255,31.3,5.7,0.217,0.353,0.264,0.617,0.136,0.291,0.21,0.347,0.27,0.266,0.258,0.137,0.364,0.358,0.325,0.316,87.7,32.2,6.7,37.3,93.9771349,29.4
"Garcia, Rico",670329,2025,142,131,38,26.8,7.0,0.237,0.389,0.289,0.678,0.152,0.292,0.224,0.351,0.292,0.28,0.28,0.127,0.372,0.353,0.33,0.317,86.9,27.7,4.3,42.6,94.043402366,30.7
"Tonkin, Michael",543859,2025,103,89,19,18.4,7.8,0.225,0.382,0.32,0.702,0.157,0.25,0.252,0.466,0.312,0.355,0.348,0.213,0.323,0.387,0.282,0.322,91.4,35.2,8.5,43.7,94.828496197,20.7
"Orze, Eric",679358,2025,178,156,40,22.5,10.7,0.244,0.378,0.337,0.715,0.134,0.304,0.214,0.356,0.317,0.297,0.313,0.142,0.357,0.328,0.328,0.29,86.9,36.2,4.3,30.2,93.107698684,27.0
"Gordon, Tanner",685299,2025,337,316,62,18.4,5.0,0.304,0.532,0.344,0.876,0.228,0.335,0.294,0.53,0.374,0.368,0.335,0.237,0.439,0.433,0.376,0.365,90.1,42.4,6.7,41.2,94.88351372,18.0
"Knack, Landon",689017,2025,185,162,42,22.7,10.3,0.247,0.488,0.33,0.818,0.241,0.268,0.261,0.495,0.35,0.362,0.346,0.234,0.411,0.429,0.328,0.352,91.6,43.4,5.7,49.2,95.808123361,21.6
"Mears, Nick",683232,2025,222,197,46,20.7,6.3,0.213,0.371,0.258,0.629,0.158,0.229,0.259,0.466,0.266,0.325,0.304,0.207,0.305,0.386,0.263,0.326,90.4,39.8,8.7,42.9,94.850952785,25.0
"Morales, Luis",806960,2025,199,179,43,21.6,9.0,0.212,0.397,0.286,0.683,0.185,0.233,0.238,0.442,0.297,0.325,0.31,0.204,0.336,0.377,0.277,0.311,89.0,32.8,3.6,41.6,94.558966912,23.5
"Waddell, Brandon",663399,2025,134,121,22,16.4,8.2,0.24,0.438,0.306,0.744,0.198,0.26,0.281,0.486,0.32,0.36,0.346,0.205,0.346,0.399,0.29,0.344,89.7,34.0,3.0,40.0,94.332121717,20.6
"Gipson-Long, Sawyer",687830,2025,133,121,26,19.5,4.5,0.281,0.554,0.316,0.87,0.273,0.286,0.296,0.557,0.362,0.377,0.334,0.26,0.43,0.45,0.343,0.368,90.5,34.3,6.1,39.4,95.157078485,24.4
"Lauer, Eric",641778,2025,426,396,102,23.9,6.1,0.227,0.407,0.278,0.685,0.18,0.268,0.24,0.419,0.295,0.306,0.29,0.179,0.36,0.376,0.305,0.323,90.6,38.5,9.1,41.9,94.514243505,23.7
"Cano, Yennier",666974,2025,251,218,53,21.1,9.6,0.284,0.422,0.36,0.782,0.138,0.344,0.234,0.351,0.342,0.299,0.317,0.117,0.396,0.332,0.371,0.308,88.1,27.1,4.7,35.3,93.617649337,23.5
"Hodge, Porter",687863,2025,147,127,40,27.2,12.2,0.268,0.543,0.354,0.897,0.275,0.313,0.232,0.4,0.377,0.317,0.326,0.168,0.486,0.388,0.382,0.337,89.3,37.1,3.4,38.2,93.775686136,26.7
"Gómez, Yoendrys",672782,2025,277,243,58,20.9,9.7,0.247,0.44,0.33,0.77,0.193,0.274,0.249,0.467,0.335,0.347,0.333,0.218,0.379,0.398,0.321,0.326,89.4,36.9,4.8,37.4,94.185554595,23.9
"Hatch, Thomas",641672,2025,152,135,22,14.5,11.2,0.296,0.504,0.375,0.879,0.208,0.311,0.253,0.449,0.376,0.337,0.337,0.196,0.407,0.356,0.354,0.303,87.6,34.5,8.8,38.1,94.029478142,19.2
"Garcia, Robert",676395,2025,269,242,68,25.3,8.2,0.24,0.372,0.305,0.677,0.132,0.299,0.235,0.399,0.295,0.304,0.301,0.165,0.362,0.375,0.331,0.326,88.6,38.2,5.1,34.3,93.978746286,28.6
"Ureña, José",570632,2025,245,217,34,13.9,9.4,0.263,0.452,0.34,0.792,0.189,0.278,0.292,0.542,0.342,0.389,0.368,0.251,0.358,0.42,0.31,0.347,89.6,36.8,8.1,40.0,94.656698297,19.8
"Kelly, Kevin",687330,2025,171,160,35,20.5,5.3,0.281,0.556,0.316,0.872,0.275,0.293,0.293,0.573,0.364,0.381,0.332,0.28,0.444,0.467,0.354,0.376,91.1,40.2,7.1,52.8,96.20311373,21.2
"Ort, Kaleb",672391,2025,194,164,49,25.3,13.9,0.213,0.396,0.323,0.719,0.183,0.25,0.187,0.345,0.316,0.288,0.301,0.158,0.365,0.318,0.302,0.265,89.3,25.9,6.0,37.9,94.296714914,29.2
"Ashby, Aaron",676879,2025,270,238,76,28.1,8.9,0.227,0.311,0.307,0.618,0.084,0.319,0.219,0.301,0.279,0.276,0.302,0.082,0.338,0.333,0.331,0.324,89.2,29.1,5.5,40.0,94.376961125,27.0
"Lucchesi, Joey",664192,2025,165,149,31,18.8,7.3,0.235,0.383,0.301,0.684,0.148,0.272,0.231,0.371,0.298,0.293,0.297,0.14,0.332,0.326,0.297,0.292,88.0,25.8,3.3,31.7,93.461507094,19.6
"Chivilli, Angel",683409,2025,275,246,43,15.6,8.4,0.309,0.516,0.382,0.898,0.207,0.332,0.27,0.478,0.387,0.356,0.347,0.208,0.426,0.385,0.374,0.328,89.9,31.5,4.9,42.9,95.137926207,29.7
"King, Bryan",687911,2025,275,258,69,25.1,4.0,0.233,0.376,0.273,0.649,0.143,0.276,0.222,0.358,0.282,0.274,0.266,0.135,0.351,0.339,0.314,0.305,88.4,33.0,6.3,36.1,93.54020385,24.4
"Cantillo, Joey",676282,2025,401,357,108,26.9,10.5,0.218,0.353,0.299,0.652,0.135,0.282,0.229,0.37,0.289,0.3,0.309,0.141,0.347,0.364,0.311,0.326,89.5,34.3,7.2,41.8,94.47711972,29.7
"Webb, Logan",657277,2025,856,795,224,26.2,5.4,0.264,0.386,0.308,0.694,0.122,0.349,0.246,0.385,0.303,0.295,0.292,0.138,0.386,0.374,0.365,0.342,89.7,32.8,4.1,40.2,94.732224965,24.7
"Molina, Anthony",683627,2025,160,148,24,15.0,3.8,0.351,0.649,0.382,1.031,0.298,0.354,0.322,0.606,0.435,0.405,0.355,0.284,0.502,0.464,0.416,0.381,91.2,37.3,11.9,54.0,95.93442368,24.2
"Kelly, Zack",677161,2025,152,134,35,23.0,7.9,0.261,0.396,0.333,0.729,0.135,0.33,0.232,0.347,0.318,0.289,0.308,0.115,0.377,0.333,0.35,0.312,86.2,37.3,5.9,31.4,93.0280845,23.3
"Cruz, Fernando",518585,2025,200,172,72,36.0,12.0,0.192,0.32,0.3,0.62,0.128,0.292,0.198,0.332,0.281,0.288,0.305,0.135,0.371,0.384,0.327,0.337,87.5,41.6,10.9,38.6,93.7985887,46.5
"Cabrera, Génesis",650893,2025,187,165,35,18.7,9.6,0.279,0.545,0.353,0.898,0.266,0.283,0.246,0.451,0.38,0.333,0.324,0.206,0.435,0.369,0.348,0.308,89.5,32.6,6.8,42.4,94.615786212,27.1
"Lugo, Seth",607625,2025,611,546,125,20.5,9.0,0.244,0.438,0.319,0.757,0.194,0.268,0.256,0.48,0.329,0.348,0.331,0.224,0.374,0.403,0.315,0.332,90.7,34.8,9.6,45.2,94.977892339,20.6
"Abbott, Andrew",671096,2025,684,631,149,21.8,6.3,0.235,0.374,0.285,0.659,0.139,0.276,0.233,0.385,0.288,0.294,0.286,0.152,0.337,0.347,0.305,0.306,87.8,34.8,5.9,33.7,93.25435499,24.0
"Kerkering, Orion",689147,2025,266,231,65,24.4,10.2,0.238,0.364,0.323,0.687,0.126,0.299,0.227,0.353,0.3,0.298,0.319,0.125,0.35,0.346,0.324,0.317,85.9,36.5,5.3,33.5,93.028676407,23.7
"Pepiot, Ryan",686752,2025,679,607,167,24.6,9.0,0.221,0.404,0.297,0.701,0.183,0.259,0.225,0.401,0.306,0.31,0.303,0.175,0.362,0.37,0.302,0.312,90.1,36.6,8.1,42.5,94.907501,26.0
"Hall, DL",669084,2025,155,138,27,17.4,11.0,0.174,0.275,0.265,0.54,0.101,0.202,0.222,0.353,0.246,0.294,0.307,0.131,0.238,0.304,0.216,0.276,88.0,36.0,6.3,28.8,92.985195586,19.6
"Javier, Cristian",664299,2025,157,139,34,21.7,9.6,0.23,0.36,0.306,0.666,0.13,0.279,0.21,0.355,0.294,0.285,0.29,0.146,0.327,0.315,0.299,0.275,88.9,28.0,6.5,38.3,93.723277477,24.0
"Fulmer, Carson",608334,2025,123,110,26,21.1,8.9,0.227,0.418,0.295,0.713,0.191,0.25,0.22,0.427,0.308,0.309,0.289,0.207,0.353,0.354,0.294,0.285,88.9,24.4,5.8,39.5,94.203881647,24.9
"Mejia, Juan",675848,2025,261,226,68,26.1,9.6,0.23,0.385,0.319,0.704,0.155,0.297,0.199,0.297,0.309,0.271,0.296,0.098,0.367,0.306,0.323,0.284,85.8,34.0,7.4,34.6,93.351381346,30.4
"Elder, Bryce",693821,2025,679,616,131,19.3,7.5,0.271,0.446,0.331,0.777,0.175,0.308,0.266,0.448,0.336,0.335,0.327,0.182,0.385,0.383,0.342,0.336,90.0,34.0,7.3,43.8,94.988058103,22.5
"Montero, Keider",672456,2025,389,355,72,18.5,8.0,0.268,0.445,0.33,0.775,0.177,0.296,0.26,0.446,0.337,0.333,0.323,0.186,0.381,0.377,0.336,0.327,89.1,37.7,6.3,39.4,94.272348602,19.8
"López, Pablo",641154,2025,312,285,73,23.4,6.4,0.225,0.34,0.282,0.622,0.115,0.278,0.248,0.398,0.274,0.309,0.307,0.149,0.321,0.37,0.298,0.334,88.7,39.5,7.9,35.3,93.87682108,25.9
"Hoffman, Jeff",656546,2025,287,253,84,29.3,9.4,0.213,0.447,0.298,0.745,0.234,0.252,0.199,0.408,0.32,0.301,0.286,0.209,0.413,0.38,0.318,0.298,89.3,31.4,7.0,39.5,94.667665118,31.6
"Saalfrank, Andrew",685314,2025,113,101,19,16.8,8.8,0.188,0.257,0.257,0.514,0.069,0.217,0.242,0.422,0.229,0.311,0.306,0.18,0.231,0.341,0.226,0.293,88.9,34.5,7.1,40.5,93.839457381,27.9
"Seymour, Carson",693313,2025,156,141,26,16.7,8.3,0.262,0.489,0.329,0.818,0.227,0.264,0.275,0.519,0.352,0.367,0.34,0.244,0.39,0.411,0.322,0.337,91.4,33.6,3.4,44.8,95.602991228,21.8
"Meyer, Max",676974,2025,285,261,68,23.9,7.0,0.276,0.46,0.33,0.79,0.184,0.328,0.263,0.453,0.341,0.337,0.32,0.191,0.42,0.414,0.369,0.355,91.9,30.3,7.2,48.2,95.684813731,27.4
"Hancock, Emerson",676106,2025,385,346,64,16.6,8.1,0.269,0.445,0.336,0.781,0.176,0.29,0.291,0.468,0.339,0.358,0.357,0.178,0.371,0.396,0.327,0.356,89.0,35.4,4.6,42.5,94.459962923,20.3
"Matsui, Yuki",673513,2025,272,233,61,22.4,12.1,0.227,0.416,0.321,0.737,0.189,0.259,0.228,0.397,0.318,0.313,0.322,0.17,0.36,0.353,0.301,0.303,88.5,30.5,5.1,37.3,93.797769716,30.3
"Murphy, Chris",669684,2025,148,122,30,20.3,13.5,0.172,0.287,0.311,0.598,0.115,0.191,0.212,0.341,0.276,0.31,0.344,0.129,0.257,0.311,0.226,0.279,89.1,23.7,1.1,46.2,94.38600087,26.5
"Gusto, Ryan",687473,2025,453,407,97,21.4,7.9,0.28,0.462,0.343,0.805,0.182,0.327,0.25,0.446,0.348,0.33,0.317,0.197,0.41,0.385,0.363,0.326,90.6,32.1,8.3,45.7,95.083939808,23.4
"Abel, Mick",690953,2025,174,157,39,22.4,9.2,0.274,0.465,0.345,0.81,0.191,0.318,0.269,0.455,0.351,0.346,0.341,0.186,0.418,0.41,0.364,0.358,91.3,38.1,5.1,49.2,94.893442881,25.4
"Severino, Luis",622663,2025,705,630,124,17.6,7.1,0.257,0.389,0.324,0.713,0.132,0.294,0.266,0.416,0.313,0.331,0.335,0.149,0.34,0.364,0.316,0.33,88.3,35.3,8.0,41.9,94.478741811,18.3
"Sulser, Cole",642121,2025,90,83,22,24.4,7.8,0.241,0.301,0.3,0.601,0.06,0.317,0.225,0.312,0.266,0.262,0.285,0.087,0.32,0.314,0.328,0.306,90.0,31.1,8.2,47.5,94.596431311,28.8
"Clase, Emmanuel",661403,2025,201,180,47,23.4,6.0,0.256,0.344,0.31,0.654,0.088,0.326,0.229,0.336,0.285,0.277,0.291,0.107,0.34,0.328,0.336,0.308,88.2,34.1,2.9,38.4,93.803160511,32.1
"Gil, Luis",661563,2025,244,208,41,16.8,13.5,0.226,0.365,0.332,0.697,0.139,0.256,0.255,0.42,0.311,0.342,0.356,0.166,0.31,0.354,0.278,0.313,90.5,35.5,4.7,42.6,94.765663491,21.5
"Sugano, Tomoyuki",608372,2025,675,626,106,15.7,5.3,0.276,0.478,0.321,0.799,0.202,0.285,0.289,0.524,0.342,0.366,0.334,0.235,0.382,0.413,0.33,0.346,90.0,38.5,5.3,39.8,94.37679225,18.5
"Shugart, Chase",663767,2025,181,160,31,17.1,9.4,0.206,0.388,0.282,0.67,0.182,0.214,0.241,0.441,0.286,0.332,0.322,0.2,0.303,0.367,0.25,0.305,88.0,37.9,9.8,38.6,93.932006107,24.6
"Harrison, Kyle",690986,2025,156,141,38,24.4,9.0,0.248,0.404,0.321,0.725,0.156,0.313,0.246,0.409,0.315,0.316,0.319,0.163,0.38,0.382,0.34,0.337,90.7,40.8,9.7,42.7,94.7913102,25.9
"Bibee, Tanner",676440,2025,762,692,162,21.3,7.1,0.246,0.412,0.308,0.72,0.166,0.283,0.226,0.385,0.313,0.297,0.292,0.159,0.363,0.34,0.319,0.296,88.5,29.5,6.0,36.6,93.884607443,23.8
"Mlodzinski, Carmen",669387,2025,419,385,89,21.2,6.4,0.265,0.39,0.32,0.71,0.125,0.326,0.261,0.396,0.312,0.313,0.316,0.135,0.365,0.367,0.345,0.34,90.2,34.8,3.3,40.1,94.732405308,23.0
"Rodríguez, Manuel",655889,2025,121,112,25,20.7,5.0,0.232,0.313,0.275,0.588,0.081,0.279,0.245,0.33,0.26,0.274,0.288,0.084,0.3,0.319,0.295,0.314,87.4,28.1,3.4,41.6,94.352912299,25.9
"Bazardo, Eduard",660825,2025,313,280,82,26.2,8.6,0.189,0.311,0.262,0.573,0.122,0.228,0.206,0.359,0.252,0.285,0.282,0.153,0.296,0.347,0.262,0.294,88.5,32.7,7.9,37.1,93.734075347,19.4
"Stratton, Chris",608717,2025,104,92,22,21.2,9.6,0.348,0.576,0.404,0.98,0.228,0.412,0.257,0.463,0.414,0.345,0.331,0.206,0.502,0.402,0.444,0.34,87.3,36.1,5.6,36.1,93.622361667,27.3
"Vásquez, Randy",681190,2025,570,506,78,13.7,9.1,0.247,0.383,0.323,0.706,0.136,0.261,0.267,0.481,0.311,0.354,0.342,0.214,0.315,0.372,0.289,0.315,89.1,34.2,6.2,39.3,94.305900278,15.7
"Holmes, Grant",656550,2025,492,426,123,25.0,11.0,0.235,0.387,0.328,0.715,0.152,0.289,0.24,0.414,0.316,0.329,0.334,0.174,0.368,0.389,0.326,0.335,90.1,36.4,4.5,41.9,94.661142401,29.7
"Miller, Shelby",571946,2025,186,164,54,29.0,8.1,0.201,0.323,0.28,0.603,0.122,0.259,0.226,0.378,0.26,0.292,0.303,0.153,0.325,0.377,0.292,0.33,89.3,36.3,6.2,42.5,94.659739196,31.7
"Anderson, Tyler",542881,2025,599,533,104,17.4,9.5,0.253,0.477,0.326,0.803,0.224,0.263,0.253,0.48,0.341,0.345,0.328,0.226,0.378,0.383,0.31,0.313,88.0,41.8,6.4,36.6,93.859851336,25.0
"Adams, Travis",701519,2025,158,132,31,19.6,10.8,0.295,0.515,0.376,0.891,0.22,0.33,0.293,0.505,0.378,0.393,0.384,0.212,0.428,0.451,0.368,0.38,88.9,40.6,5.7,40.6,94.18605981,25.6
"Ashcraft, Braxton",677952,2025,292,264,71,24.3,8.2,0.239,0.341,0.306,0.647,0.102,0.314,0.235,0.35,0.286,0.289,0.303,0.115,0.339,0.342,0.325,0.32,88.0,30.8,4.6,38.5,94.089793979,26.2
"Arrighetti, Spencer",681293,2025,156,131,31,19.9,12.8,0.229,0.412,0.34,0.752,0.183,0.25,0.25,0.426,0.331,0.356,0.366,0.177,0.349,0.387,0.294,0.334,89.1,35.3,8.8,45.1,94.953613663,27.4
"Assad, Javier",665871,2025,153,136,23,15.0,7.8,0.243,0.382,0.32,0.702,0.139,0.27,0.281,0.413,0.31,0.339,0.354,0.132,0.317,0.357,0.289,0.335,88.5,32.5,5.3,40.4,94.317117807,16.5
"Herget, Jimmy",623474,2025,347,309,81,23.3,7.5,0.233,0.346,0.303,0.649,0.113,0.292,0.217,0.352,0.287,0.284,0.291,0.136,0.331,0.326,0.31,0.292,88.7,35.2,8.2,39.1,93.881776234,26.9
"Estrada, Jeremiah",669093,2025,304,269,108,35.5,8.9,0.216,0.39,0.291,0.681,0.174,0.303,0.182,0.325,0.295,0.26,0.263,0.143,0.421,0.357,0.354,0.301,90.1,33.1,6.0,39.2,94.230622317,34.9
"Bachar, Lake",669199,2025,296,258,75,25.3,10.1,0.213,0.388,0.298,0.686,0.175,0.254,0.228,0.441,0.296,0.327,0.316,0.213,0.35,0.399,0.294,0.322,90.3,38.3,8.0,41.5,94.506561793,30.2
"Littell, Zack",641793,2025,759,712,130,17.1,4.2,0.244,0.445,0.282,0.727,0.201,0.25,0.255,0.458,0.311,0.323,0.294,0.204,0.354,0.37,0.296,0.313,90.2,32.7,7.3,40.9,94.458762186,20.4
"Sears, JP",676664,2025,583,534,117,20.1,6.2,0.268,0.507,0.319,0.826,0.239,0.289,0.241,0.446,0.352,0.319,0.295,0.205,0.415,0.37,0.34,0.307,89.2,33.5,8.0,39.4,94.093992714,21.6
"Senzatela, Antonio",622608,2025,618,554,73,11.8,7.6,0.347,0.547,0.402,0.949,0.2,0.366,0.319,0.545,0.406,0.395,0.38,0.225,0.435,0.422,0.395,0.366,90.9,36.4,7.0,46.0,95.433018917,18.1
"Alvarado, Elvis",665660,2025,183,159,50,27.3,12.0,0.214,0.371,0.317,0.688,0.157,0.272,0.221,0.362,0.305,0.304,0.323,0.142,0.363,0.362,0.312,0.322,89.9,30.3,6.4,46.8,95.049966514,33.7
"Rutledge, Jackson",671131,2025,331,293,65,19.6,7.6,0.297,0.515,0.361,0.876,0.218,0.327,0.255,0.448,0.374,0.335,0.325,0.193,0.434,0.379,0.373,0.323,91.0,30.8,5.6,49.1,95.404287792,25.3
"Taillon, Jameson",592791,2025,519,489,98,18.9,5.2,0.225,0.427,0.265,0.692,0.202,0.234,0.241,0.424,0.297,0.305,0.281,0.183,0.344,0.355,0.281,0.302,88.3,33.0,6.6,38.3,93.815742513,20.8
"Cease, Dylan",656302,2025,722,636,215,29.8,9.8,0.239,0.399,0.318,0.717,0.16,0.323,0.214,0.359,0.313,0.29,0.297,0.145,0.406,0.366,0.357,0.321,88.9,36.6,7.7,37.5,93.931109718,33.4
"Bido, Osvaldo",674370,2025,363,313,68,18.7,9.6,0.297,0.537,0.37,0.907,0.24,0.316,0.253,0.487,0.384,0.354,0.336,0.235,0.437,0.396,0.368,0.319,90.4,33.1,7.1,40.9,94.687870913,25.0
"Stroman, Marcus",573186,2025,175,156,26,14.9,9.1,0.282,0.468,0.354,0.822,0.186,0.304,0.275,0.497,0.356,0.367,0.351,0.222,0.38,0.396,0.336,0.332,90.8,31.3,7.6,49.6,95.549940078,19.2
"Baz, Shane",669358,2025,711,633,176,24.8,9.0,0.25,0.433,0.325,0.758,0.183,0.303,0.23,0.386,0.33,0.306,0.308,0.157,0.398,0.361,0.343,0.316,89.0,32.3,4.1,39.4,94.260697,25.8
"Stewart, Brock",592779,2025,159,141,44,27.7,8.2,0.227,0.333,0.31,0.643,0.106,0.309,0.192,0.303,0.284,0.259,0.279,0.112,0.349,0.308,0.33,0.278,86.5,29.6,6.1,32.7,93.229603711,31.1
"Holton, Tyler",663947,2025,312,287,64,20.5,5.4,0.226,0.408,0.266,0.674,0.182,0.236,0.25,0.414,0.288,0.303,0.289,0.164,0.34,0.361,0.286,0.317,87.7,31.2,4.8,37.7,94.106642522,24.6
"O'Brien, Riley",676617,2025,199,168,45,22.6,11.1,0.196,0.274,0.313,0.587,0.078,0.254,0.233,0.306,0.27,0.297,0.346,0.073,0.274,0.318,0.266,0.318,85.8,27.2,4.0,34.4,93.31006925,24.6
"Imanaga, Shota",684007,2025,567,537,117,20.6,4.6,0.218,0.432,0.254,0.686,0.214,0.22,0.233,0.469,0.293,0.313,0.269,0.236,0.349,0.376,0.277,0.297,90.7,34.3,9.2,43.5,94.869016506,24.6
"Palencia, Daniel",694037,2025,215,196,61,28.4,7.4,0.224,0.362,0.288,0.65,0.138,0.298,0.225,0.354,0.284,0.282,0.289,0.13,0.36,0.357,0.324,0.324,90.1,38.2,10.3,48.5,94.70085791,27.5
"Brubaker, JT",664141,2025,117,103,22,18.8,10.3,0.223,0.291,0.31,0.601,0.068,0.284,0.255,0.39,0.271,0.319,0.338,0.135,0.282,0.351,0.284,0.324,89.6,39.0,7.3,45.1,94.418216667,23.9
"Springs, Jeffrey",605488,2025,713,647,138,19.4,7.6,0.236,0.422,0.295,0.717,0.186,0.256,0.249,0.431,0.309,0.321,0.309,0.182,0.349,0.365,0.296,0.315,88.3,38.2,8.3,37.3,93.911262183,26.0
"Cavalli, Cade",676917,2025,219,197,40,18.3,6.8,0.289,0.447,0.35,0.797,0.158,0.331,0.259,0.393,0.347,0.315,0.323,0.134,0.393,0.349,0.361,0.324,87.7,29.7,8.2,41.8,94.471469551,27.9
"Hagenman, Justin",663795,2025,99,96,23,23.2,2.0,0.25,0.427,0.273,0.7,0.177,0.29,0.255,0.464,0.301,0.316,0.278,0.209,0.379,0.4,0.329,0.335,92.1,35.6,6.8,50.7,95.504447397,26.0
"Corbin, Patrick",571578,2025,663,602,131,19.8,7.7,0.267,0.43,0.326,0.756,0.163,0.308,0.268,0.439,0.328,0.336,0.329,0.171,0.377,0.388,0.339,0.344,89.2,34.7,6.5,40.4,94.301912618,26.9
"Ryan, Joe",657746,2025,689,633,194,28.2,5.7,0.218,0.392,0.275,0.667,0.174,0.269,0.209,0.397,0.29,0.289,0.269,0.188,0.369,0.368,0.312,0.303,90.2,33.1,6.3,41.9,94.608611131,26.1
"Brogdon, Connor",641401,2025,199,178,49,24.6,9.0,0.253,0.5,0.318,0.818,0.247,0.283,0.223,0.434,0.341,0.305,0.292,0.211,0.431,0.378,0.344,0.304,89.1,34.1,6.1,40.2,94.213360763,29.3
"Ferguson, Tyler",621053,2025,246,201,54,22.0,13.8,0.214,0.328,0.332,0.66,0.114,0.264,0.209,0.341,0.296,0.301,0.33,0.132,0.306,0.315,0.283,0.279,87.5,33.1,7.1,31.8,93.116137733,26.0
"Alvarez, Andrew",674841,2025,98,87,20,20.4,10.2,0.184,0.241,0.276,0.517,0.057,0.227,0.209,0.28,0.241,0.265,0.298,0.071,0.239,0.274,0.239,0.272,88.2,25.4,4.5,37.3,93.693328636,22.2
"Schreiber, John",670167,2025,265,244,62,23.4,7.2,0.234,0.414,0.292,0.706,0.18,0.273,0.245,0.416,0.305,0.311,0.302,0.171,0.368,0.378,0.313,0.329,88.5,35.0,5.5,38.3,93.948012265,23.4
"González, Wikelman",682790,2025,87,73,25,28.7,13.8,0.178,0.274,0.291,0.565,0.096,0.25,0.245,0.357,0.26,0.323,0.351,0.112,0.288,0.397,0.265,0.371,91.3,36.0,8.0,38.0,93.739299184,32.3
"Schwellenbach, Spencer",680885,2025,434,410,108,24.9,4.1,0.217,0.366,0.252,0.618,0.149,0.26,0.251,0.395,0.266,0.294,0.285,0.144,0.333,0.373,0.292,0.339,88.8,34.3,4.2,41.5,94.493622852,28.3
"Bednar, David",670280,2025,251,230,86,34.3,7.6,0.2,0.304,0.263,0.567,0.104,0.298,0.204,0.339,0.249,0.264,0.267,0.135,0.342,0.369,0.317,0.325,89.2,35.9,6.2,42.1,94.382782917,31.1
"Steele, Justin",657006,2025,92,85,21,22.8,5.4,0.247,0.471,0.293,0.764,0.224,0.267,0.271,0.484,0.326,0.343,0.317,0.214,0.397,0.421,0.323,0.356,92.0,33.8,7.7,47.7,95.473462462,18.5
"Kinley, Tyler",641755,2025,308,270,73,23.7,10.7,0.196,0.304,0.289,0.593,0.108,0.244,0.219,0.355,0.263,0.292,0.31,0.135,0.29,0.335,0.266,0.299,87.0,34.7,5.5,29.6,93.183719543,31.2
"Brzykcy, Zach",694350,2025,110,96,24,21.8,10.9,0.292,0.531,0.382,0.913,0.239,0.333,0.275,0.477,0.393,0.367,0.367,0.202,0.465,0.426,0.389,0.367,90.9,41.7,6.9,44.4,95.008565278,27.0
"Gallen, Zac",668678,2025,813,737,175,21.5,8.1,0.239,0.426,0.303,0.729,0.187,0.271,0.242,0.434,0.315,0.32,0.307,0.192,0.367,0.374,0.311,0.316,90.1,34.3,7.6,43.0,94.701400977,23.7
"Crismatt, Nabil",622503,2025,153,142,25,16.3,5.9,0.282,0.465,0.327,0.792,0.183,0.304,0.28,0.436,0.34,0.331,0.325,0.156,0.382,0.37,0.339,0.337,87.9,38.1,5.1,29.7,92.987057739,23.8
"Dubin, Shawn",681869,2025,145,132,28,19.3,7.6,0.28,0.462,0.345,0.807,0.182,0.316,0.236,0.376,0.351,0.301,0.305,0.14,0.402,0.333,0.356,0.3,87.8,30.8,9.6,40.4,93.907752788,20.7
"Povich, Cade",700249,2025,488,439,118,24.2,8.8,0.285,0.465,0.347,0.812,0.18,0.351,0.269,0.495,0.349,0.356,0.335,0.226,0.431,0.443,0.385,0.367,91.2,36.5,10.4,46.9,95.396274334,24.2
"Ashcraft, Graham",668933,2025,284,254,64,22.5,8.8,0.268,0.362,0.333,0.695,0.094,0.351,0.243,0.337,0.309,0.29,0.311,0.094,0.363,0.335,0.358,0.325,84.8,30.3,4.1,32.3,93.12468016,29.8
"Enns, Dietrich",608650,2025,200,183,49,24.5,7.5,0.273,0.421,0.327,0.748,0.148,0.341,0.25,0.365,0.318,0.288,0.306,0.115,0.403,0.36,0.37,0.34,88.3,37.5,3.7,36.0,93.773204846,27.2
"Long, Sam",669674,2025,189,165,33,17.5,11.6,0.291,0.467,0.381,0.848,0.176,0.328,0.262,0.423,0.369,0.342,0.356,0.161,0.405,0.366,0.364,0.328,88.1,29.5,6.1,42.4,94.180791145,19.1
"Canning, Griffin",656288,2025,327,292,70,21.4,10.4,0.24,0.363,0.319,0.682,0.123,0.29,0.252,0.434,0.303,0.334,0.331,0.182,0.34,0.385,0.315,0.333,91.2,31.8,8.5,45.7,95.23954656,25.5
"Messick, Parker",800048,2025,165,159,38,23.0,3.6,0.289,0.409,0.315,0.724,0.12,0.359,0.237,0.368,0.315,0.274,0.264,0.131,0.395,0.339,0.38,0.311,88.1,33.1,4.1,29.8,93.461058264,26.0
"Pérez, Martín",527048,2025,228,202,44,19.3,9.6,0.198,0.347,0.281,0.628,0.149,0.221,0.249,0.492,0.278,0.354,0.328,0.243,0.291,0.4,0.25,0.318,88.2,33.1,8.8,39.4,94.398870189,20.9
"Snider, Collin",676092,2025,119,107,24,20.2,5.0,0.299,0.533,0.342,0.875,0.234,0.354,0.282,0.51,0.366,0.361,0.332,0.228,0.442,0.435,0.376,0.363,90.3,35.6,10.3,47.1,95.455914405,21.7
"Pérez, Cionel",672335,2025,110,87,21,19.1,16.4,0.322,0.494,0.444,0.938,0.172,0.391,0.213,0.317,0.407,0.308,0.357,0.104,0.454,0.295,0.418,0.277,90.6,18.8,5.8,44.9,94.394608955,24.6
"Burns, Chase",695505,2025,188,171,67,35.6,8.5,0.24,0.409,0.305,0.714,0.169,0.364,0.218,0.377,0.311,0.291,0.285,0.16,0.453,0.416,0.394,0.358,90.2,36.2,10.5,45.7,94.89525835,31.9
"Young, Brandon",687064,2025,256,230,47,18.4,8.6,0.291,0.522,0.35,0.872,0.231,0.318,0.242,0.439,0.372,0.32,0.306,0.198,0.428,0.358,0.362,0.301,89.4,32.1,7.5,42.2,94.69738663,21.6
"Dodd, Dylan",689266,2025,136,128,30,22.1,3.7,0.219,0.391,0.25,0.641,0.172,0.242,0.234,0.401,0.274,0.289,0.268,0.167,0.33,0.351,0.28,0.304,90.0,27.0,11.0,48.0,95.3824356,30.9
"Junis, Jakob",596001,2025,274,249,55,20.1,6.6,0.257,0.378,0.315,0.693,0.121,0.309,0.256,0.406,0.301,0.312,0.314,0.15,0.345,0.36,0.327,0.326,87.6,30.5,8.1,38.6,93.920402813,22.7
"Headrick, Brent",687396,2025,92,84,30,32.6,7.6,0.202,0.405,0.272,0.677,0.203,0.26,0.206,0.362,0.289,0.276,0.275,0.155,0.398,0.375,0.315,0.321,91.1,37.0,3.7,42.6,94.642416923,34.1
"Perkins, Jack",678022,2025,161,140,37,23.0,11.2,0.193,0.321,0.292,0.613,0.128,0.23,0.214,0.351,0.277,0.297,0.311,0.137,0.295,0.327,0.26,0.29,85.7,29.8,3.8,35.6,93.284277981,32.2
"Speier, Gabe",642100,2025,243,224,82,33.7,4.5,0.192,0.326,0.243,0.569,0.134,0.271,0.187,0.31,0.247,0.247,0.242,0.123,0.339,0.34,0.297,0.296,89.7,26.9,7.6,40.7,94.681682168,30.9
"Matthews, Zebby",805673,2025,354,323,88,24.9,6.8,0.291,0.449,0.335,0.784,0.158,0.36,0.265,0.447,0.338,0.333,0.317,0.183,0.426,0.42,0.392,0.365,89.2,44.2,6.2,38.8,94.382515292,27.5
"Dobbins, Hunter",690928,2025,256,237,45,17.6,6.6,0.257,0.401,0.313,0.714,0.144,0.296,0.241,0.415,0.31,0.308,0.298,0.174,0.347,0.345,0.318,0.298,89.3,31.8,8.3,41.7,94.643822789,21.9
"Sproat, Brandon",687075,2025,84,74,17,20.2,8.3,0.243,0.351,0.321,0.672,0.108,0.31,0.263,0.364,0.298,0.315,0.34,0.101,0.324,0.348,0.31,0.337,87.9,34.5,5.2,37.9,94.106941724,15.1
"Weaver, Luke",596133,2025,262,236,72,27.5,7.6,0.195,0.364,0.258,0.622,0.169,0.229,0.193,0.359,0.269,0.268,0.258,0.166,0.334,0.333,0.275,0.276,90.0,35.7,7.7,39.9,94.278156886,31.0
"Gore, MacKenzie",669022,2025,679,602,185,27.2,9.3,0.252,0.402,0.325,0.727,0.15,0.327,0.241,0.415,0.318,0.322,0.318,0.174,0.397,0.403,0.358,0.347,90.4,35.9,6.3,44.1,94.95579848,29.7
"Buttó, José",676130,2025,284,242,58,20.4,11.3,0.256,0.388,0.342,0.73,0.132,0.314,0.249,0.417,0.318,0.328,0.337,0.169,0.353,0.367,0.328,0.321,90.1,29.8,5.2,39.8,94.558922063,28.8
"Horton, Cade",690990,2025,476,433,97,20.4,6.9,0.219,0.333,0.282,0.615,0.114,0.258,0.236,0.406,0.273,0.306,0.298,0.17,0.302,0.349,0.28,0.302,89.7,33.3,6.8,41.3,94.451553027,25.8
"Nance, Tommy",667297,2025,126,117,32,25.4,5.6,0.214,0.231,0.262,0.493,0.017,0.291,0.266,0.388,0.225,0.306,0.311,0.122,0.265,0.385,0.291,0.363,89.1,32.6,2.3,45.3,95.076024286,24.7
"Myers, Tobias",668964,2025,220,201,38,17.3,6.8,0.269,0.398,0.323,0.721,0.129,0.306,0.263,0.43,0.315,0.324,0.318,0.167,0.348,0.36,0.327,0.322,90.3,32.7,9.1,44.8,94.68101638,21.4
"Boushley, Caleb",676961,2025,193,177,41,21.2,7.3,0.305,0.458,0.363,0.821,0.153,0.374,0.306,0.497,0.356,0.37,0.363,0.191,0.425,0.445,0.397,0.398,90.8,41.9,7.4,50.0,95.271632148,20.8
"Thornton, Trent",663423,2025,180,159,32,17.8,7.8,0.258,0.403,0.33,0.733,0.145,0.285,0.265,0.44,0.317,0.339,0.339,0.175,0.348,0.378,0.318,0.331,89.4,30.8,6.2,42.3,94.477236589,20.6
"Márquez, Germán",608566,2025,591,530,83,14.0,8.1,0.317,0.545,0.378,0.923,0.228,0.339,0.287,0.504,0.393,0.366,0.351,0.218,0.43,0.394,0.373,0.337,91.7,35.8,7.3,48.5,95.499986518,18.6
"Ginn, J.T.",669372,2025,392,354,99,25.3,7.9,0.26,0.472,0.329,0.801,0.212,0.314,0.227,0.388,0.344,0.301,0.3,0.161,0.428,0.362,0.359,0.314,88.4,26.2,5.5,44.5,94.914220549,28.7
"Birdsong, Hayden",806185,2025,298,252,68,22.8,12.4,0.242,0.425,0.347,0.772,0.183,0.288,0.227,0.42,0.338,0.334,0.337,0.193,0.381,0.374,0.326,0.311,89.8,36.2,10.1,46.8,94.684951497,28.4
"Whitlock, Garrett",676477,2025,293,262,91,31.1,8.2,0.206,0.26,0.283,0.543,0.054,0.304,0.2,0.311,0.247,0.262,0.278,0.111,0.306,0.331,0.312,0.303,88.5,35.3,3.5,36.4,94.074555491,32.8
"McGreevy, Michael",700241,2025,400,373,58,14.5,5.0,0.268,0.426,0.309,0.735,0.158,0.289,0.274,0.457,0.318,0.333,0.316,0.183,0.348,0.367,0.315,0.324,90.5,33.2,6.0,40.1,94.840920349,19.2
"Quantrill, Cal",615698,2025,513,472,85,16.6,6.8,0.288,0.515,0.343,0.858,0.227,0.311,0.281,0.517,0.367,0.366,0.338,0.236,0.413,0.412,0.351,0.344,90.4,39.4,5.9,44.3,94.980472992,20.2
"Snell, Blake",605483,2025,254,222,72,28.3,10.2,0.23,0.315,0.307,0.622,0.085,0.32,0.224,0.322,0.278,0.283,0.305,0.098,0.341,0.349,0.333,0.331,86.2,35.3,5.1,34.0,93.530650537,35.6
"Englert, Mason",669438,2025,185,171,44,23.8,5.9,0.251,0.345,0.299,0.644,0.094,0.315,0.269,0.415,0.285,0.318,0.316,0.145,0.344,0.393,0.336,0.361,91.8,37.5,7.8,46.9,95.853766746,25.1
"Ferrer, José A.",678606,2025,324,294,71,21.9,4.9,0.276,0.381,0.326,0.707,0.105,0.345,0.252,0.353,0.31,0.294,0.307,0.102,0.369,0.347,0.36,0.333,89.1,28.3,3.0,42.2,94.646342064,24.8
"Muñoz, Andrés",662253,2025,254,216,83,32.7,11.0,0.167,0.222,0.271,0.493,0.055,0.254,0.194,0.293,0.228,0.263,0.295,0.099,0.267,0.331,0.265,0.309,86.9,31.9,4.3,39.9,93.885968074,36.5
"Peterson, David",656849,2025,723,643,150,20.7,9.0,0.258,0.37,0.331,0.701,0.112,0.32,0.27,0.407,0.311,0.331,0.344,0.137,0.35,0.379,0.335,0.353,90.6,34.4,6.6,46.0,95.237705996,24.0
"Webb, Jacob",657097,2025,267,243,58,21.7,7.1,0.202,0.358,0.264,0.622,0.156,0.222,0.217,0.365,0.27,0.281,0.28,0.148,0.31,0.327,0.263,0.285,86.6,30.9,8.0,34.6,93.147000383,27.6
"Houck, Tanner",656557,2025,203,179,32,15.8,8.4,0.318,0.531,0.389,0.92,0.213,0.338,0.293,0.491,0.395,0.376,0.371,0.199,0.435,0.409,0.383,0.357,91.0,35.6,8.7,46.3,95.438010268,21.6
"Beck, Tristan",663941,2025,232,211,41,17.7,6.9,0.223,0.379,0.28,0.659,0.156,0.241,0.261,0.429,0.286,0.326,0.319,0.169,0.312,0.365,0.272,0.324,90.1,34.7,3.5,38.2,94.12311386,22.9
"Finnegan, Kyle",640448,2025,229,204,55,24.0,7.9,0.221,0.348,0.283,0.631,0.127,0.277,0.226,0.337,0.273,0.278,0.291,0.112,0.325,0.332,0.296,0.307,90.4,32.5,4.5,42.9,94.625118344,24.6
"Bummer, Aaron",607481,2025,236,204,51,21.6,7.6,0.25,0.373,0.339,0.712,0.123,0.314,0.267,0.372,0.31,0.318,0.355,0.105,0.348,0.36,0.327,0.351,89.7,33.3,7.1,39.1,94.157028693,22.9
"Henry, Cole",669371,2025,241,196,52,21.6,13.3,0.219,0.367,0.358,0.725,0.148,0.261,0.212,0.366,0.328,0.326,0.355,0.154,0.338,0.335,0.297,0.291,88.8,31.5,7.5,37.0,94.270835034,25.6
"Bird, Jake",656234,2025,248,217,66,26.6,10.1,0.276,0.438,0.355,0.793,0.162,0.361,0.235,0.373,0.34,0.305,0.321,0.139,0.43,0.375,0.39,0.336,88.5,34.4,3.2,42.9,94.353653247,28.1
"Wolfram, Grant",664991,2025,133,116,31,23.3,11.3,0.302,0.422,0.383,0.805,0.12,0.393,0.239,0.331,0.353,0.295,0.329,0.091,0.42,0.331,0.407,0.323,87.6,36.0,5.8,37.2,93.612480465,25.7
"Fried, Max",608331,2025,801,737,189,23.6,6.4,0.223,0.334,0.281,0.615,0.111,0.28,0.233,0.358,0.272,0.287,0.291,0.125,0.319,0.34,0.298,0.312,87.2,29.6,4.0,37.2,93.857707638,26.6
"Hart, Kyle",606996,2025,179,163,37,20.7,7.3,0.233,0.448,0.296,0.744,0.215,0.246,0.219,0.402,0.32,0.299,0.284,0.184,0.369,0.339,0.299,0.282,88.5,34.6,7.9,39.4,94.040645,19.9
"Lorenzen, Michael",547179,2025,606,557,127,21.0,6.4,0.268,0.47,0.32,0.79,0.202,0.303,0.261,0.451,0.339,0.331,0.315,0.191,0.401,0.39,0.343,0.336,89.3,36.6,6.0,39.2,94.056205903,23.4
"Leiter Jr., Mark",643410,2025,219,197,54,24.7,7.8,0.289,0.426,0.356,0.782,0.137,0.374,0.235,0.364,0.343,0.301,0.309,0.129,0.42,0.356,0.396,0.324,87.2,29.2,4.9,33.3,93.340015141,29.1
"Martin, Davis",663436,2025,601,541,104,17.3,8.0,0.251,0.427,0.317,0.744,0.176,0.275,0.272,0.465,0.322,0.347,0.337,0.193,0.353,0.387,0.308,0.335,90.7,36.0,6.3,44.6,95.394861477,21.6
"Weathers, Ryan",677960,2025,166,151,37,22.3,7.2,0.245,0.43,0.303,0.733,0.185,0.278,0.236,0.418,0.317,0.309,0.295,0.182,0.377,0.366,0.322,0.311,89.6,34.5,2.6,42.2,94.738206842,28.8
"Hicks, Jordan",663855,2025,314,269,58,18.5,10.2,0.297,0.442,0.387,0.829,0.145,0.359,0.266,0.381,0.364,0.33,0.36,0.116,0.402,0.353,0.377,0.338,90.0,31.6,3.7,45.6,94.960133585,23.1
"Walker, Taijuan",592836,2025,538,489,86,16.0,7.8,0.27,0.444,0.331,0.775,0.174,0.289,0.259,0.439,0.337,0.33,0.322,0.181,0.367,0.359,0.326,0.313,89.6,32.3,7.1,41.4,94.265534938,18.5
"Sale, Chris",519242,2025,510,463,165,32.4,6.3,0.22,0.341,0.285,0.626,0.121,0.315,0.205,0.32,0.278,0.265,0.272,0.115,0.37,0.348,0.34,0.317,87.2,36.4,4.0,35.4,93.5351905,30.1
"Henriquez, Ronny",678692,2025,303,267,98,32.3,8.9,0.199,0.333,0.278,0.611,0.134,0.273,0.182,0.35,0.269,0.269,0.265,0.168,0.349,0.351,0.306,0.283,88.3,33.9,5.7,42.5,94.152020702,36.0
"Rodríguez, Randy",678495,2025,198,182,67,33.8,5.6,0.187,0.286,0.247,0.533,0.099,0.268,0.188,0.308,0.239,0.251,0.251,0.12,0.318,0.338,0.293,0.299,87.0,27.6,6.0,36.2,93.639142783,31.1
"Ober, Bailey",641927,2025,624,579,120,19.2,5.0,0.275,0.494,0.314,0.808,0.219,0.296,0.248,0.462,0.344,0.323,0.291,0.214,0.405,0.377,0.341,0.311,89.6,33.8,6.0,39.1,94.459521595,24.1
"Flexen, Chris",623167,2025,178,164,22,12.4,6.7,0.232,0.372,0.281,0.653,0.14,0.226,0.275,0.478,0.285,0.346,0.323,0.203,0.294,0.37,0.264,0.316,90.9,34.7,6.9,41.7,94.462315177,16.7
"Dollander, Chase",801403,2025,441,381,82,18.6,11.1,0.27,0.454,0.359,0.813,0.184,0.298,0.249,0.448,0.354,0.347,0.344,0.199,0.388,0.377,0.34,0.318,88.7,36.5,4.6,40.5,94.268447185,22.9
"Zeferjahn, Ryan",666171,2025,256,216,73,28.5,13.3,0.227,0.431,0.341,0.772,0.204,0.28,0.217,0.403,0.335,0.321,0.333,0.186,0.417,0.393,0.34,0.325,88.3,38.6,7.6,37.2,93.863811135,30.3
"Williams, Trevor",592866,2025,373,342,65,17.4,5.6,0.31,0.477,0.347,0.824,0.167,0.348,0.277,0.435,0.352,0.33,0.321,0.158,0.405,0.376,0.373,0.339,90.0,39.6,4.9,40.7,94.332743633,19.8
"Mattson, Isaac",676755,2025,198,172,45,22.7,9.6,0.203,0.314,0.286,0.6,0.111,0.246,0.208,0.361,0.264,0.283,0.29,0.153,0.293,0.321,0.269,0.276,89.4,33.3,8.3,39.4,93.900533953,23.2
"Uceta, Edwin",670955,2025,321,282,103,32.1,8.4,0.22,0.39,0.303,0.693,0.17,0.298,0.219,0.395,0.3,0.306,0.305,0.176,0.4,0.411,0.341,0.344,88.6,39.3,8.2,36.6,94.165568324,35.6
"Roycroft, Chris",688297,2025,101,85,15,14.9,11.9,0.306,0.518,0.39,0.908,0.212,0.343,0.268,0.474,0.383,0.365,0.364,0.206,0.411,0.386,0.361,0.325,92.1,24.7,11.0,46.6,95.860379859,21.4
"Holman, Grant",680880,2025,103,93,17,16.5,8.7,0.28,0.409,0.35,0.759,0.129,0.315,0.264,0.48,0.335,0.352,0.336,0.216,0.362,0.386,0.342,0.323,88.7,34.2,7.9,44.7,94.425928026,27.7
"Martin, Chris",455119,2025,173,164,43,24.9,4.0,0.262,0.39,0.295,0.685,0.128,0.319,0.258,0.426,0.291,0.302,0.291,0.168,0.377,0.394,0.352,0.348,90.1,35.2,6.6,41.0,94.800879669,21.8
"Allard, Kolby",663465,2025,266,245,42,15.8,5.3,0.261,0.384,0.3,0.684,0.123,0.294,0.241,0.39,0.293,0.286,0.283,0.15,0.329,0.321,0.311,0.288,88.2,34.4,5.7,35.9,93.650984049,19.6
"Iglesias, Raisel",628452,2025,267,247,73,27.3,6.4,0.206,0.352,0.262,0.614,0.146,0.257,0.211,0.376,0.266,0.277,0.267,0.164,0.335,0.352,0.291,0.299,89.0,38.9,7.4,34.9,93.587533547,30.9
"Altavilla, Dan",656186,2025,120,100,21,17.5,12.5,0.19,0.36,0.319,0.679,0.17,0.2,0.236,0.381,0.307,0.333,0.358,0.144,0.294,0.333,0.241,0.299,86.3,28.7,6.3,31.3,92.889371026,22.5
"Blackburn, Paul",621112,2025,175,159,34,19.4,6.9,0.296,0.503,0.343,0.846,0.207,0.336,0.244,0.399,0.359,0.31,0.303,0.155,0.42,0.354,0.367,0.313,87.1,33.6,6.3,35.2,93.464801496,22.5
"Miller, Mason",695243,2025,234,202,104,44.4,12.0,0.139,0.248,0.246,0.494,0.109,0.245,0.157,0.279,0.225,0.249,0.265,0.122,0.333,0.392,0.283,0.33,87.9,36.6,5.9,37.6,93.484907835,45.2
"Wilson, Steven",621051,2025,241,209,51,21.2,9.1,0.239,0.373,0.311,0.684,0.134,0.272,0.236,0.382,0.296,0.302,0.312,0.145,0.332,0.341,0.303,0.304,89.6,35.2,7.3,36.4,93.533160485,24.8
"Alexander, Jason",669920,2025,336,305,65,19.3,7.7,0.262,0.469,0.324,0.793,0.207,0.286,0.27,0.444,0.341,0.339,0.334,0.173,0.39,0.387,0.331,0.344,89.8,35.1,5.8,45.9,95.370083264,24.6
"Evans, Logan",688138,2025,350,313,59,16.9,8.9,0.262,0.447,0.335,0.782,0.185,0.285,0.271,0.465,0.339,0.35,0.344,0.194,0.37,0.385,0.322,0.333,89.9,36.3,6.6,42.6,94.565172078,19.4
"De Los Santos, Enyel",660853,2025,280,252,62,22.1,8.6,0.242,0.397,0.312,0.709,0.155,0.293,0.246,0.413,0.308,0.316,0.316,0.168,0.359,0.371,0.319,0.326,87.6,38.0,5.2,40.1,94.296939162,30.0
"Senga, Kodai",673540,2025,482,420,109,22.6,11.4,0.224,0.395,0.317,0.712,0.171,0.272,0.225,0.373,0.313,0.309,0.321,0.148,0.351,0.346,0.3,0.306,88.9,29.7,5.8,40.6,94.410346065,27.4
"Rasmussen, Drew",656876,2025,585,541,127,21.7,6.3,0.214,0.34,0.271,0.611,0.126,0.247,0.236,0.375,0.269,0.291,0.29,0.139,0.309,0.34,0.28,0.307,90.6,29.6,6.3,43.3,94.708687282,22.2
"Lopez, Jacob",682052,2025,399,352,113,28.3,9.3,0.23,0.403,0.317,0.72,0.173,0.295,0.21,0.369,0.317,0.297,0.3,0.159,0.396,0.362,0.339,0.31,86.9,39.0,8.3,33.2,93.259499619,28.3
"Ragans, Cole",666142,2025,257,232,98,38.1,7.8,0.228,0.384,0.293,0.677,0.156,0.357,0.187,0.322,0.295,0.256,0.256,0.135,0.444,0.37,0.39,0.32,88.4,32.1,5.8,39.4,94.275790368,34.8
"Bergert, Ryan",686701,2025,323,284,73,22.6,10.8,0.215,0.352,0.302,0.654,0.137,0.26,0.238,0.41,0.29,0.322,0.325,0.172,0.323,0.372,0.288,0.322,90.0,40.7,7.5,36.4,93.790266132,23.9
"Hoglund, Gunnar",680684,2025,139,127,23,16.5,7.9,0.299,0.583,0.353,0.936,0.284,0.295,0.302,0.622,0.395,0.408,0.355,0.32,0.45,0.468,0.362,0.365,92.4,36.2,5.7,45.7,96.00007381,22.0
"Booser, Cam",592155,2025,143,120,35,24.5,13.3,0.233,0.475,0.343,0.818,0.242,0.253,0.202,0.422,0.35,0.326,0.32,0.22,0.411,0.372,0.322,0.285,90.9,36.8,3.4,42.5,95.090481786,30.0
"Schmidt, Clarke",657376,2025,316,282,73,23.1,9.5,0.199,0.351,0.276,0.627,0.152,0.233,0.198,0.339,0.277,0.272,0.276,0.141,0.311,0.304,0.265,0.265,88.1,32.5,8.5,35.4,93.721791185,26.6
"Schlittler, Cam",693645,2025,304,267,84,27.6,10.2,0.217,0.337,0.309,0.646,0.12,0.284,0.23,0.384,0.291,0.314,0.322,0.154,0.344,0.384,0.315,0.337,89.0,41.3,6.0,40.2,94.098445683,26.1
"Latz, Jacob",656641,2025,348,310,76,21.8,10.6,0.223,0.355,0.305,0.66,0.132,0.272,0.246,0.395,0.29,0.315,0.325,0.149,0.324,0.36,0.294,0.324,90.0,33.2,8.1,42.6,94.595176581,29.4
"Kremer, Dean",665152,2025,708,656,142,20.1,6.4,0.248,0.407,0.297,0.704,0.159,0.284,0.238,0.413,0.305,0.304,0.289,0.175,0.354,0.353,0.315,0.304,88.1,32.8,8.3,35.8,93.877241465,22.9
"Henderson, Logan",701656,2025,99,91,33,33.3,8.1,0.187,0.297,0.253,0.55,0.11,0.255,0.234,0.387,0.246,0.299,0.296,0.154,0.325,0.415,0.293,0.367,89.5,41.4,5.2,32.8,93.81992614,27.6
"Civale, Aaron",650644,2025,435,392,88,20.2,7.6,0.245,0.434,0.313,0.747,0.189,0.276,0.233,0.423,0.323,0.314,0.303,0.19,0.369,0.356,0.314,0.299,88.5,34.9,5.5,39.1,93.781385182,21.8
"Nola, Aaron",605400,2025,404,371,97,24.0,6.9,0.267,0.48,0.325,0.805,0.213,0.316,0.246,0.417,0.346,0.315,0.306,0.171,0.428,0.382,0.361,0.333,89.4,35.3,6.5,43.3,94.399605751,25.2
"Milner, Hoby",571948,2025,293,266,58,19.8,7.2,0.256,0.38,0.312,0.692,0.124,0.306,0.235,0.405,0.298,0.303,0.297,0.17,0.343,0.349,0.322,0.301,88.4,28.3,5.2,36.8,93.624473333,15.5
"Holmes, Clay",605280,2025,708,622,129,18.2,9.3,0.241,0.352,0.324,0.676,0.111,0.281,0.245,0.394,0.302,0.322,0.33,0.15,0.318,0.346,0.301,0.309,89.7,30.5,8.6,42.3,94.822225709,22.1
"Zastryzny, Rob",642239,2025,93,79,20,21.5,10.8,0.203,0.342,0.293,0.635,0.139,0.224,0.212,0.357,0.268,0.283,0.306,0.145,0.3,0.322,0.262,0.281,86.0,32.3,6.5,24.2,92.269715574,32.2
"Blubaugh, AJ",805123,2025,125,112,35,28.0,9.6,0.152,0.339,0.232,0.571,0.187,0.153,0.184,0.383,0.251,0.279,0.261,0.2,0.295,0.342,0.218,0.265,89.9,26.9,7.7,42.3,95.000814211,30.0
"Funderburk, Kody",681892,2025,183,160,40,21.9,9.8,0.275,0.369,0.355,0.724,0.094,0.35,0.244,0.34,0.321,0.298,0.328,0.097,0.364,0.331,0.361,0.32,90.4,29.5,3.3,42.6,94.409817833,21.4
"Agnos, Zach",688642,2025,137,119,19,13.9,11.7,0.261,0.487,0.346,0.833,0.226,0.271,0.277,0.538,0.357,0.384,0.364,0.261,0.372,0.408,0.307,0.331,89.6,31.4,7.8,44.1,94.796081919,29.4
"Sauer, Matt",669422,2025,129,117,24,18.6,6.2,0.299,0.521,0.349,0.87,0.222,0.326,0.281,0.462,0.37,0.34,0.332,0.182,0.429,0.389,0.368,0.346,90.3,40.0,4.2,36.8,93.889224787,19.2
"Mahle, Tyler",641816,2025,346,316,66,19.1,8.4,0.218,0.31,0.283,0.593,0.092,0.26,0.253,0.413,0.265,0.319,0.316,0.16,0.286,0.359,0.275,0.32,88.5,37.8,4.8,37.1,93.80845964,23.2
"Bellozo, Valente",678368,2025,348,316,54,15.5,6.6,0.269,0.465,0.324,0.789,0.196,0.28,0.26,0.51,0.339,0.35,0.316,0.25,0.372,0.386,0.321,0.31,89.7,33.8,10.2,41.4,94.487669696,20.2
"Soriano, José",667755,2025,724,634,152,21.0,10.8,0.249,0.353,0.335,0.688,0.104,0.309,0.242,0.367,0.309,0.312,0.331,0.125,0.34,0.344,0.326,0.319,91.4,26.8,5.1,48.2,95.946385146,27.0
"Kahnle, Tommy",592454,2025,267,235,50,18.7,11.6,0.217,0.37,0.311,0.681,0.153,0.243,0.244,0.413,0.302,0.328,0.335,0.169,0.317,0.354,0.276,0.31,88.3,32.4,4.3,37.3,93.764634946,25.4
"Beeks, Jalen",656222,2025,231,208,47,20.3,8.7,0.202,0.341,0.277,0.618,0.139,0.231,0.235,0.398,0.271,0.306,0.308,0.163,0.297,0.347,0.259,0.303,88.5,29.0,3.1,39.5,94.389777875,27.7
"García, Yimi",554340,2025,90,76,25,27.8,13.3,0.171,0.263,0.292,0.555,0.092,0.224,0.242,0.417,0.255,0.336,0.353,0.175,0.277,0.416,0.255,0.36,91.1,38.5,1.9,40.4,94.334438824,30.7
"Valdez, Framber",664285,2025,802,717,187,23.3,8.5,0.238,0.358,0.308,0.666,0.12,0.299,0.241,0.37,0.295,0.303,0.312,0.129,0.342,0.354,0.319,0.324,90.8,28.1,5.0,46.3,95.300987092,26.6
"Hanifee, Brenan",669724,2025,260,243,40,15.4,5.4,0.267,0.379,0.312,0.691,0.112,0.308,0.271,0.418,0.299,0.315,0.315,0.147,0.33,0.351,0.319,0.323,90.5,29.9,7.4,44.6,95.089713762,16.1
"Suarez, Robert",663158,2025,269,249,75,27.9,5.9,0.189,0.293,0.243,0.536,0.104,0.243,0.237,0.402,0.235,0.298,0.289,0.166,0.293,0.389,0.269,0.339,90.5,37.5,7.4,42.6,95.062653121,24.0
"Hamilton, Ian",641656,2025,166,139,42,25.3,13.3,0.201,0.353,0.313,0.666,0.152,0.247,0.219,0.389,0.296,0.315,0.329,0.169,0.333,0.366,0.286,0.312,89.9,37.0,5.0,36.0,94.043123299,27.8
"Coulombe, Danny",543056,2025,176,156,43,24.4,10.2,0.205,0.288,0.286,0.574,0.083,0.261,0.242,0.381,0.261,0.309,0.319,0.139,0.291,0.365,0.281,0.331,87.5,31.3,7.0,38.3,93.564165804,27.7
"Winn, Cole",668390,2025,162,138,35,21.6,10.5,0.167,0.297,0.275,0.572,0.13,0.198,0.216,0.407,0.255,0.317,0.32,0.191,0.26,0.355,0.221,0.291,91.4,29.2,5.7,48.1,95.652362427,22.9
"Castillo, José",620454,2025,149,129,30,20.1,9.4,0.31,0.457,0.389,0.846,0.147,0.371,0.252,0.372,0.367,0.315,0.341,0.12,0.421,0.345,0.396,0.324,89.7,34.7,6.9,42.6,94.443429388,22.6
"Rogers, Trevor",669432,2025,423,388,103,24.3,6.9,0.18,0.263,0.24,0.503,0.083,0.228,0.225,0.376,0.226,0.288,0.282,0.151,0.257,0.347,0.244,0.305,89.7,31.5,8.3,48.4,95.210002667,25.6
"Soroka, Michael",647336,2025,379,334,95,25.1,7.7,0.216,0.374,0.306,0.68,0.158,0.263,0.21,0.351,0.302,0.293,0.301,0.142,0.348,0.334,0.3,0.293,89.2,27.5,8.3,40.4,94.280573361,23.7
"Bautista, Félix",642585,2025,142,119,50,35.2,16.2,0.134,0.244,0.275,0.519,0.11,0.197,0.151,0.278,0.246,0.264,0.289,0.127,0.276,0.312,0.232,0.261,87.9,30.4,10.1,42.0,94.303268696,35.7
"Sterner, Justin",686993,2025,266,234,70,26.3,7.9,0.201,0.35,0.283,0.633,0.149,0.236,0.203,0.366,0.278,0.285,0.286,0.163,0.329,0.34,0.281,0.287,89.8,33.5,5.4,38.9,94.196491916,30.8
"Schultz, Paxton",687606,2025,110,98,28,25.5,7.3,0.276,0.49,0.327,0.817,0.214,0.333,0.219,0.385,0.346,0.302,0.291,0.166,0.435,0.369,0.37,0.315,91.1,34.2,5.5,35.6,94.378962329,27.4
"Bender, Anthony",669622,2025,204,181,42,20.6,10.3,0.177,0.276,0.27,0.546,0.099,0.213,0.215,0.365,0.245,0.294,0.304,0.15,0.252,0.323,0.23,0.281,89.6,23.7,6.5,44.6,94.508008759,20.6
"Hurter, Brant",676428,2025,277,236,68,24.5,9.7,0.242,0.326,0.345,0.671,0.084,0.321,0.227,0.327,0.303,0.297,0.333,0.1,0.342,0.333,0.337,0.317,87.7,32.2,5.8,36.8,93.552781024,26.0
"De los Santos, Yerry",660787,2025,160,139,28,17.5,10.6,0.266,0.331,0.348,0.679,0.065,0.324,0.268,0.38,0.307,0.325,0.35,0.112,0.322,0.347,0.33,0.333,89.0,27.2,5.3,41.2,94.407822857,22.7
"Luzardo, Jesús",666200,2025,758,696,216,28.5,7.5,0.24,0.356,0.299,0.655,0.116,0.324,0.228,0.355,0.29,0.285,0.289,0.127,0.369,0.362,0.346,0.331,88.5,34.2,6.4,37.1,93.779297426,30.8
"Quintana, Jose",500779,2025,556,497,89,16.0,9.0,0.241,0.382,0.315,0.697,0.141,0.26,0.269,0.463,0.308,0.349,0.341,0.193,0.323,0.378,0.292,0.327,88.7,35.0,6.8,41.7,94.323604352,18.4
"Brazobán, Huascar",623211,2025,262,225,57,21.8,10.3,0.227,0.347,0.315,0.662,0.12,0.271,0.225,0.362,0.294,0.309,0.322,0.137,0.321,0.344,0.297,0.306,87.1,28.7,4.6,34.5,93.356656824,23.9
"Hader, Josh",623352,2025,206,184,76,36.9,7.8,0.158,0.342,0.232,0.574,0.184,0.208,0.149,0.271,0.249,0.221,0.224,0.123,0.353,0.301,0.266,0.252,88.0,34.2,8.1,34.2,93.2392575,40.5
"Heaney, Andrew",571760,2025,536,479,86,16.0,7.5,0.269,0.501,0.335,0.836,0.232,0.28,0.284,0.492,0.357,0.362,0.348,0.208,0.393,0.399,0.325,0.344,90.2,37.7,5.7,43.6,94.947389467,19.9
"Ortiz, Luis",682847,2025,382,337,96,25.1,11.0,0.237,0.386,0.322,0.708,0.149,0.294,0.247,0.442,0.312,0.336,0.331,0.195,0.369,0.406,0.329,0.344,91.8,32.9,7.0,47.7,95.788528,28.9
"Barnett, Mason",686930,2025,104,91,18,17.3,10.6,0.286,0.451,0.365,0.816,0.165,0.324,0.232,0.378,0.355,0.307,0.318,0.146,0.387,0.319,0.351,0.285,88.5,37.8,6.8,43.2,94.457852027,21.2
"Matz, Steven",571927,2025,309,293,59,19.1,3.6,0.249,0.396,0.28,0.676,0.147,0.285,0.233,0.404,0.291,0.287,0.265,0.171,0.341,0.336,0.309,0.291,88.4,31.6,8.9,40.5,94.236201645,18.8
"Fedde, Erick",607200,2025,623,546,83,13.3,10.8,0.269,0.44,0.351,0.791,0.171,0.286,0.275,0.461,0.344,0.355,0.357,0.186,0.354,0.368,0.315,0.323,90.2,35.3,7.7,42.6,94.366291335,18.0
"Burrows, Mike",681347,2025,402,362,97,24.1,7.7,0.243,0.392,0.308,0.7,0.149,0.293,0.247,0.425,0.305,0.322,0.314,0.178,0.365,0.389,0.327,0.335,89.2,33.1,5.2,42.0,94.693836269,27.0
"Strahm, Matt",621381,2025,256,226,70,27.3,7.8,0.208,0.341,0.273,0.614,0.133,0.269,0.197,0.33,0.267,0.261,0.264,0.133,0.327,0.318,0.292,0.278,89.4,33.5,9.8,38.4,93.789260192,23.8
"Kikuchi, Yusei",579328,2025,772,689,174,22.5,9.6,0.261,0.419,0.333,0.752,0.158,0.314,0.25,0.428,0.327,0.327,0.325,0.178,0.384,0.385,0.345,0.333,91.0,34.2,6.3,42.2,95.007564466,23.6
"Roupp, Landen",694738,2025,476,422,102,21.4,9.5,0.268,0.4,0.34,0.74,0.132,0.326,0.248,0.408,0.325,0.319,0.323,0.161,0.373,0.366,0.349,0.325,88.4,36.5,5.2,36.5,94.175041433,25.2
"Fernandez, Ryan",681676,2025,140,123,34,24.3,11.4,0.293,0.52,0.379,0.899,0.227,0.361,0.225,0.404,0.382,0.313,0.319,0.179,0.475,0.369,0.404,0.312,89.5,30.3,6.7,43.8,94.366684607,32.1
"Romero, JoJo",668941,2025,255,217,55,21.6,11.4,0.217,0.286,0.311,0.597,0.069,0.276,0.22,0.343,0.265,0.291,0.318,0.123,0.286,0.325,0.285,0.296,87.3,28.6,5.4,35.1,93.63772638,27.0
"Pagán, Emilio",641941,2025,270,244,81,30.0,8.1,0.168,0.336,0.241,0.577,0.168,0.2,0.181,0.346,0.254,0.266,0.254,0.165,0.314,0.335,0.248,0.271,88.9,30.3,6.7,37.0,93.705661043,29.2
"Jobe, Jackson",695549,2025,218,185,39,17.9,12.4,0.249,0.422,0.347,0.769,0.173,0.277,0.243,0.439,0.337,0.341,0.342,0.196,0.356,0.361,0.311,0.304,89.1,36.0,7.3,43.3,94.535962568,24.7
"Cox, Austin",680735,2025,102,94,22,21.6,6.9,0.319,0.681,0.363,1.044,0.362,0.328,0.269,0.561,0.434,0.37,0.318,0.292,0.54,0.45,0.411,0.348,90.3,30.1,6.8,47.9,95.464179315,18.4
"Bubic, Kris",663460,2025,476,431,116,24.4,8.2,0.227,0.332,0.294,0.626,0.105,0.295,0.221,0.333,0.277,0.278,0.29,0.112,0.325,0.326,0.308,0.302,87.6,32.1,5.7,39.3,93.984739716,28.8
"Blewett, Scott",656240,2025,194,171,35,18.0,9.3,0.263,0.462,0.333,0.795,0.199,0.279,0.248,0.446,0.343,0.332,0.321,0.198,0.382,0.367,0.326,0.309,92.2,29.3,6.4,50.0,95.764812117,27.6
"Díaz, Edwin",621242,2025,258,225,98,38.0,8.1,0.164,0.244,0.258,0.502,0.08,0.264,0.17,0.264,0.234,0.247,0.266,0.094,0.306,0.333,0.287,0.303,88.5,32.8,8.4,39.7,94.369810156,41.5
"Johnson, Pierce",572955,2025,238,215,59,24.8,8.0,0.242,0.4,0.303,0.703,0.158,0.291,0.228,0.395,0.302,0.297,0.294,0.167,0.37,0.362,0.327,0.314,90.4,37.7,6.9,42.8,94.362369045,26.2
"Gage, Matt",657424,2025,137,122,27,19.7,8.8,0.287,0.344,0.36,0.704,0.057,0.368,0.23,0.291,0.315,0.271,0.309,0.061,0.352,0.291,0.368,0.295,88.3,27.1,4.2,33.3,93.614838172,23.1
"Houser, Adrian",605288,2025,518,467,92,17.8,7.3,0.261,0.385,0.325,0.71,0.124,0.304,0.254,0.387,0.312,0.312,0.32,0.133,0.341,0.341,0.322,0.315,90.2,30.3,5.8,47.6,95.051249788,18.1
"Varland, Louis",686973,2025,296,266,75,25.3,7.4,0.244,0.383,0.304,0.687,0.139,0.314,0.25,0.395,0.299,0.311,0.313,0.145,0.367,0.386,0.335,0.349,90.2,33.5,7.1,43.7,94.858925288,27.1
"Fisher, Braydon",680755,2025,202,177,62,30.7,9.4,0.181,0.282,0.269,0.551,0.101,0.248,0.206,0.351,0.248,0.285,0.292,0.144,0.3,0.362,0.274,0.314,88.1,29.7,6.8,36.4,93.774442137,29.9
"Liberatore, Matthew",669461,2025,648,593,122,18.8,6.2,0.266,0.423,0.313,0.736,0.157,0.302,0.272,0.465,0.318,0.339,0.322,0.192,0.364,0.393,0.33,0.341,90.6,36.3,5.0,41.1,94.74102241,20.2
"Bieber, Shane",669456,2025,159,151,37,23.3,4.4,0.225,0.417,0.264,0.681,0.192,0.245,0.261,0.465,0.293,0.327,0.298,0.204,0.36,0.408,0.298,0.346,93.2,36.0,6.1,48.2,95.836548158,27.9
"Melton, Troy",675512,2025,180,162,36,20.0,8.3,0.191,0.346,0.263,0.609,0.155,0.2,0.21,0.406,0.268,0.297,0.28,0.196,0.291,0.332,0.244,0.269,90.8,32.0,13.3,49.2,95.062617874,23.3
"Mikolas, Miles",571945,2025,669,622,100,14.9,5.5,0.272,0.492,0.313,0.805,0.22,0.281,0.271,0.513,0.342,0.351,0.314,0.241,0.381,0.393,0.321,0.322,89.3,34.0,6.0,41.8,94.601714237,16.5
"Leasure, Jordan",673929,2025,269,237,81,30.1,11.2,0.207,0.426,0.297,0.723,0.219,0.255,0.19,0.348,0.312,0.279,0.283,0.158,0.401,0.344,0.312,0.287,89.1,36.9,6.4,37.6,94.011580968,31.9
"Backhus, Kyle",679775,2025,115,99,22,19.1,7.0,0.283,0.465,0.348,0.813,0.182,0.329,0.265,0.408,0.35,0.327,0.336,0.143,0.398,0.366,0.354,0.337,89.1,43.9,11.0,35.4,93.686292436,21.8
"Sheehan, Emmet",686218,2025,291,265,89,30.6,7.6,0.185,0.317,0.251,0.568,0.132,0.246,0.203,0.346,0.251,0.271,0.269,0.143,0.317,0.35,0.275,0.305,89.3,37.6,8.4,41.6,94.324085281,32.9
"Bowlan, Jonathan",680742,2025,180,161,46,25.6,9.4,0.23,0.398,0.302,0.7,0.168,0.282,0.222,0.399,0.305,0.303,0.295,0.178,0.37,0.366,0.319,0.309,87.3,32.5,4.3,36.8,94.011314696,33.7
"Paddack, Chris",663978,2025,670,619,112,16.7,5.5,0.268,0.483,0.308,0.791,0.215,0.278,0.273,0.488,0.336,0.344,0.316,0.214,0.382,0.391,0.322,0.331,90.7,35.9,8.7,45.6,95.130759451,20.7
"Verlander, Justin",434378,2025,662,595,137,20.7,7.9,0.261,0.413,0.323,0.736,0.152,0.31,0.252,0.419,0.32,0.319,0.316,0.168,0.369,0.367,0.334,0.323,88.6,37.3,6.4,37.0,93.938797983,24.8
"Sasaki, Roki",808963,2025,161,136,28,17.4,13.7,0.221,0.404,0.342,0.746,0.183,0.235,0.243,0.472,0.331,0.362,0.361,0.23,0.333,0.379,0.278,0.306,90.6,32.4,7.4,45.4,94.617473458,22.1
"Ohtani, Shohei",660271,2025,187,176,62,33.2,4.3,0.227,0.313,0.257,0.57,0.086,0.325,0.214,0.322,0.249,0.25,0.248,0.108,0.35,0.353,0.342,0.329,86.4,33.3,6.0,30.8,93.202968261,32.5
"Keller, Brad",641745,2025,276,247,75,27.2,8.0,0.182,0.247,0.265,0.512,0.065,0.244,0.197,0.297,0.238,0.262,0.279,0.1,0.266,0.305,0.262,0.283,86.7,29.5,2.3,30.6,92.819687251,26.9
"Weissert, Greg",669711,2025,278,251,57,20.5,7.6,0.227,0.355,0.292,0.647,0.128,0.268,0.22,0.371,0.284,0.289,0.287,0.151,0.318,0.325,0.291,0.284,89.8,35.5,5.1,38.6,94.000111026,22.4
"Kolek, Stephen",663568,2025,461,417,77,16.7,6.7,0.235,0.341,0.296,0.637,0.106,0.264,0.261,0.406,0.28,0.321,0.323,0.146,0.298,0.352,0.283,0.321,91.1,32.9,8.1,48.0,95.430454825,17.7
"DeSclafani, Anthony",543101,2025,169,148,36,21.3,7.1,0.25,0.527,0.321,0.848,0.277,0.25,0.232,0.425,0.354,0.316,0.308,0.193,0.42,0.365,0.322,0.302,89.9,31.9,8.6,43.1,94.710647544,25.9
"Strickland, Hunter",519326,2025,91,80,14,15.4,11.0,0.212,0.362,0.297,0.659,0.15,0.231,0.243,0.397,0.282,0.309,0.326,0.153,0.291,0.329,0.254,0.293,89.5,35.8,4.5,40.3,93.80956873,21.3
"Chapman, Aroldis",547973,2025,228,212,85,37.3,6.6,0.132,0.198,0.189,0.387,0.066,0.2,0.175,0.278,0.177,0.227,0.23,0.103,0.235,0.323,0.219,0.292,88.8,34.4,11.7,36.7,93.713131024,35.8
"King, Michael",650633,2025,308,277,76,24.7,8.4,0.224,0.397,0.299,0.696,0.173,0.263,0.232,0.427,0.305,0.32,0.307,0.194,0.361,0.384,0.307,0.32,87.8,35.1,5.0,38.1,94.366145373,25.8
"Halvorsen, Seth",678020,2025,172,150,36,20.9,11.6,0.273,0.493,0.357,0.85,0.22,0.315,0.238,0.417,0.364,0.323,0.326,0.179,0.423,0.364,0.357,0.311,89.0,29.3,4.3,39.7,94.422480442,29.4
"Wilson, Justin",458677,2025,207,183,57,27.5,9.7,0.262,0.366,0.34,0.706,0.104,0.363,0.236,0.363,0.309,0.296,0.316,0.127,0.39,0.369,0.378,0.34,89.2,35.2,4.7,35.9,93.777462698,31.9
"Allen, Logan",671106,2025,676,600,122,18.0,9.2,0.262,0.403,0.334,0.737,0.141,0.299,0.247,0.421,0.323,0.326,0.323,0.174,0.354,0.357,0.325,0.309,88.6,32.8,7.0,37.5,94.148613721,20.6
"McLean, Nolan",690997,2025,188,170,57,30.3,8.5,0.2,0.294,0.277,0.571,0.094,0.275,0.225,0.358,0.259,0.292,0.299,0.133,0.319,0.376,0.301,0.339,89.5,31.0,7.1,43.4,94.963544071,28.4
"Jansen, Kenley",445276,2025,234,212,57,24.4,8.1,0.175,0.321,0.245,0.566,0.146,0.196,0.213,0.425,0.246,0.301,0.28,0.212,0.285,0.365,0.237,0.29,91.5,31.2,8.9,44.6,94.96297526,25.8
"Faucher, Calvin",676534,2025,255,225,59,23.1,9.4,0.236,0.369,0.314,0.683,0.133,0.28,0.263,0.387,0.302,0.323,0.339,0.124,0.344,0.376,0.314,0.352,87.7,37.3,5.3,34.3,93.486938024,23.7
"Bello, Brayan",678394,2025,700,620,124,17.7,8.4,0.237,0.355,0.314,0.669,0.118,0.27,0.258,0.409,0.297,0.327,0.333,0.151,0.314,0.355,0.293,0.32,88.8,30.8,5.0,39.3,94.176171155,20.1
"Alexander, Tyler",641302,2025,423,386,82,19.4,7.1,0.277,0.407,0.331,0.738,0.13,0.33,0.28,0.438,0.318,0.332,0.334,0.158,0.37,0.39,0.35,0.355,88.5,37.3,6.5,39.6,94.163849394,21.5
"Bachman, Sam",696147,2025,94,82,18,19.1,10.6,0.268,0.354,0.355,0.709,0.086,0.333,0.265,0.352,0.319,0.318,0.352,0.087,0.344,0.342,0.344,0.34,88.0,23.1,6.2,43.1,94.518638594,26.8
"Armstrong, Shawn",542888,2025,284,254,74,26.1,7.0,0.157,0.264,0.232,0.496,0.107,0.196,0.202,0.338,0.224,0.272,0.274,0.136,0.247,0.322,0.217,0.282,88.0,32.6,6.5,34.2,93.240193661,24.4
"Bernardino, Brennan",657514,2025,225,190,43,19.1,12.0,0.205,0.263,0.309,0.572,0.058,0.255,0.21,0.325,0.256,0.287,0.318,0.115,0.257,0.302,0.26,0.272,87.6,28.5,5.3,35.8,93.832306486,19.3
"Whisenhunt, Carson",687931,2025,102,88,16,15.7,11.8,0.25,0.511,0.353,0.864,0.261,0.242,0.277,0.524,0.372,0.386,0.376,0.248,0.392,0.412,0.306,0.338,92.4,34.7,9.7,48.6,95.746650704,23.8
"Rea, Colin",607067,2025,662,601,127,19.2,6.6,0.258,0.413,0.312,0.725,0.155,0.293,0.261,0.438,0.314,0.328,0.317,0.177,0.358,0.377,0.322,0.329,89.8,38.8,6.8,41.0,94.443682505,22.0
"Cecconi, Slade",677944,2025,545,506,109,20.0,5.9,0.247,0.451,0.294,0.745,0.204,0.269,0.268,0.489,0.319,0.343,0.314,0.222,0.374,0.407,0.313,0.34,91.7,37.2,8.5,49.1,95.530064534,22.5
"Suter, Brent",608718,2025,291,269,53,18.2,6.2,0.257,0.424,0.307,0.731,0.167,0.282,0.25,0.425,0.316,0.314,0.302,0.175,0.359,0.358,0.318,0.312,85.8,33.9,4.1,32.9,93.10736599,21.4
"Lee, Dylan",669276,2025,266,249,76,28.6,5.3,0.213,0.398,0.254,0.652,0.185,0.248,0.202,0.376,0.279,0.268,0.246,0.174,0.37,0.354,0.305,0.294,87.6,32.4,7.4,33.5,93.327081775,33.6
"Woo, Bryan",693433,2025,731,685,198,27.1,4.9,0.2,0.353,0.243,0.596,0.153,0.239,0.215,0.373,0.259,0.274,0.258,0.159,0.328,0.351,0.28,0.302,89.1,32.5,6.3,41.8,94.556632572,26.2
"Phillips, Tyler",663969,2025,313,287,52,16.6,7.7,0.226,0.352,0.291,0.643,0.126,0.251,0.24,0.37,0.284,0.298,0.303,0.131,0.302,0.32,0.277,0.293,89.2,26.0,6.0,43.4,94.783240429,27.3
"Scott, Tanner",656945,2025,237,213,60,25.3,7.2,0.254,0.46,0.318,0.778,0.206,0.299,0.247,0.418,0.332,0.317,0.313,0.172,0.415,0.393,0.348,0.341,90.8,34.0,6.4,42.3,94.584847386,29.5
"Banks, Tanner",621383,2025,267,250,61,22.8,4.5,0.224,0.372,0.261,0.633,0.148,0.26,0.252,0.42,0.273,0.303,0.288,0.168,0.334,0.376,0.295,0.332,87.8,40.4,7.8,36.8,93.663802872,21.9
"Ribalta, Orlando",687377,2025,120,101,25,20.8,14.2,0.277,0.505,0.383,0.888,0.228,0.31,0.247,0.459,0.383,0.356,0.358,0.212,0.435,0.394,0.364,0.324,85.9,36.4,3.9,32.5,93.357914805,25.8
"Abreu, Bryan",650556,2025,296,260,105,35.5,10.5,0.196,0.277,0.291,0.568,0.081,0.309,0.211,0.338,0.261,0.288,0.304,0.127,0.339,0.392,0.327,0.353,90.6,35.9,9.6,45.5,94.823645752,41.2
"Vest, Will",676684,2025,284,259,75,26.4,7.7,0.236,0.328,0.297,0.625,0.092,0.315,0.217,0.315,0.277,0.266,0.281,0.098,0.339,0.323,0.33,0.305,88.8,24.7,5.9,41.4,94.149179946,26.7
"Banda, Anthony",607455,2025,269,229,61,22.7,13.0,0.197,0.354,0.305,0.659,0.157,0.227,0.206,0.355,0.285,0.296,0.317,0.148,0.312,0.329,0.263,0.283,89.8,35.1,5.3,38.6,93.888422308,27.2
"Scott, Tayler",605463,2025,134,111,24,17.9,13.4,0.306,0.586,0.402,0.988,0.28,0.337,0.263,0.498,0.415,0.382,0.374,0.235,0.468,0.42,0.382,0.341,89.0,37.4,8.8,44.0,94.95786023,27.7
"Palmquist, Carson",687223,2025,175,140,27,15.4,14.3,0.321,0.614,0.42,1.034,0.293,0.321,0.256,0.516,0.43,0.378,0.373,0.259,0.465,0.39,0.378,0.31,89.6,31.7,3.3,40.0,94.396216581,21.0
"Garrett, Reed",657585,2025,238,211,64,26.9,10.9,0.223,0.351,0.311,0.662,0.128,0.296,0.228,0.342,0.292,0.292,0.315,0.114,0.352,0.35,0.32,0.327,88.0,36.1,8.2,40.8,94.289357534,30.5
"Rogers, Taylor",573124,2025,221,190,53,24.0,10.4,0.247,0.437,0.332,0.769,0.19,0.299,0.231,0.406,0.329,0.315,0.32,0.175,0.391,0.37,0.333,0.314,90.1,34.5,9.2,44.4,94.992561511,23.2
"Rodríguez, Yariel",684320,2025,298,255,66,22.1,11.4,0.196,0.325,0.304,0.629,0.129,0.231,0.227,0.385,0.281,0.317,0.332,0.158,0.298,0.353,0.263,0.306,86.4,39.6,5.7,35.9,93.477406085,27.5
"Boyd, Matthew",571510,2025,718,656,154,21.4,5.8,0.235,0.369,0.288,0.657,0.134,0.276,0.24,0.398,0.287,0.301,0.293,0.158,0.333,0.353,0.303,0.311,88.5,31.4,4.7,38.0,93.962286673,23.1
"Woodford, Jake",663765,2025,170,151,23,13.5,7.6,0.298,0.424,0.363,0.787,0.126,0.333,0.289,0.428,0.343,0.344,0.357,0.139,0.363,0.365,0.349,0.341,86.1,35.1,3.1,33.6,93.234400625,16.4
"Morillo, Juan",666661,2025,152,128,36,23.7,13.2,0.297,0.43,0.393,0.823,0.133,0.396,0.23,0.326,0.363,0.301,0.336,0.097,0.428,0.329,0.409,0.316,87.2,31.6,5.3,42.1,94.11918828,26.6
"Phillips, Connor",683175,2025,98,83,32,32.7,12.2,0.133,0.277,0.255,0.532,0.144,0.163,0.186,0.381,0.245,0.308,0.304,0.195,0.275,0.393,0.212,0.304,92.6,34.6,1.9,40.4,95.387112115,37.4
"Yamamoto, Yoshinobu",808967,2025,684,619,201,29.4,8.6,0.183,0.283,0.257,0.54,0.1,0.244,0.198,0.304,0.244,0.259,0.271,0.106,0.294,0.318,0.27,0.293,88.3,28.3,6.4,39.7,94.220626442,28.9
"Martinez, Nick",607259,2025,683,621,116,17.0,6.1,0.254,0.435,0.304,0.739,0.181,0.276,0.257,0.41,0.317,0.312,0.308,0.153,0.354,0.348,0.307,0.313,88.3,37.0,5.0,34.5,93.267375748,19.9
"Baker, Bryan",641329,2025,274,255,83,30.3,6.2,0.231,0.435,0.278,0.713,0.204,0.287,0.233,0.447,0.306,0.311,0.28,0.215,0.415,0.423,0.341,0.343,90.6,35.1,6.3,48.3,95.34969185,29.1
"Maton, Phil",664208,2025,249,214,81,32.5,9.6,0.196,0.294,0.296,0.59,0.098,0.295,0.195,0.282,0.266,0.264,0.296,0.088,0.333,0.329,0.311,0.312,84.8,38.7,8.0,30.7,92.742270667,36.2
"Megill, Trevor",656730,2025,192,172,60,31.3,8.9,0.209,0.326,0.276,0.602,0.117,0.295,0.221,0.364,0.259,0.281,0.289,0.143,0.342,0.377,0.313,0.335,91.0,36.5,7.8,39.1,94.67628625,31.4
"Yarbrough, Ryan",642232,2025,264,242,55,20.8,7.2,0.24,0.438,0.299,0.737,0.198,0.257,0.256,0.422,0.318,0.32,0.314,0.166,0.37,0.372,0.309,0.329,86.1,39.9,4.3,34.0,93.280751497,26.6
"Festa, David",701581,2025,229,204,53,23.1,8.3,0.24,0.422,0.316,0.738,0.182,0.275,0.243,0.465,0.322,0.338,0.319,0.222,0.377,0.402,0.322,0.328,90.4,34.0,7.2,40.5,95.067738344,27.4
"Ray, Robbie",592662,2025,755,671,186,24.6,9.7,0.221,0.383,0.298,0.681,0.162,0.269,0.219,0.385,0.299,0.3,0.299,0.166,0.35,0.353,0.301,0.302,91.0,35.4,6.5,44.7,94.734721694,27.8
"Williams, Devin",642207,2025,259,228,90,34.7,9.7,0.197,0.32,0.287,0.607,0.123,0.299,0.192,0.314,0.271,0.272,0.285,0.122,0.362,0.363,0.324,0.32,89.5,32.1,5.7,35.7,94.280628201,37.7
"Kittredge, Andrew",552640,2025,208,194,64,30.8,5.3,0.211,0.371,0.251,0.622,0.16,0.272,0.21,0.351,0.266,0.261,0.251,0.141,0.363,0.356,0.311,0.311,90.7,33.8,8.3,44.4,95.016293969,29.8
"Burnes, Corbin",669203,2025,265,233,63,23.8,9.8,0.21,0.356,0.297,0.653,0.146,0.256,0.227,0.385,0.288,0.306,0.312,0.158,0.328,0.354,0.287,0.31,89.5,33.5,5.2,41.6,94.85857848,25.7
"Gordon, Colton",676467,2025,379,352,72,19.0,5.0,0.293,0.543,0.329,0.872,0.25,0.312,0.266,0.471,0.367,0.332,0.307,0.205,0.438,0.392,0.363,0.334,89.0,38.5,7.7,40.6,94.21274,18.0
"Olson, Reese",681857,2025,285,254,65,22.8,8.8,0.228,0.335,0.31,0.645,0.107,0.288,0.244,0.391,0.287,0.313,0.324,0.147,0.325,0.365,0.307,0.329,91.5,36.8,6.8,44.7,95.248943138,29.7
"Santana, Dennis",642701,2025,270,246,60,22.2,6.3,0.179,0.297,0.237,0.534,0.118,0.211,0.216,0.403,0.236,0.292,0.273,0.186,0.261,0.342,0.232,0.283,88.9,33.2,6.8,37.4,93.826098995,27.3
"Treinen, Blake",595014,2025,129,107,36,27.9,14.7,0.28,0.439,0.395,0.834,0.159,0.382,0.213,0.352,0.358,0.301,0.34,0.139,0.457,0.358,0.417,0.317,86.6,37.5,8.3,37.5,93.385739861,25.6
"Erceg, Lucas",668674,2025,249,227,48,19.3,7.2,0.238,0.339,0.305,0.644,0.101,0.286,0.248,0.388,0.283,0.305,0.314,0.141,0.315,0.345,0.302,0.314,89.1,27.9,6.1,37.4,94.233063785,24.7
"Sánchez, Cristopher",650911,2025,807,754,212,26.3,5.5,0.227,0.321,0.275,0.596,0.094,0.299,0.225,0.345,0.264,0.272,0.273,0.12,0.327,0.34,0.315,0.313,89.0,27.0,4.6,39.8,94.392001148,30.4
"Smith, Shane",681343,2025,616,542,145,23.5,9.4,0.216,0.363,0.305,0.668,0.147,0.262,0.229,0.383,0.296,0.31,0.318,0.154,0.335,0.356,0.293,0.314,90.3,35.4,7.2,45.4,94.983409519,27.7
"Patrick, Chad",694477,2025,503,455,127,25.2,8.0,0.248,0.387,0.313,0.7,0.139,0.315,0.24,0.395,0.307,0.306,0.306,0.156,0.375,0.374,0.342,0.331,89.4,40.1,6.6,42.2,94.369077591,23.5
"Bowman, Matt",621199,2025,114,106,18,15.8,5.3,0.292,0.5,0.342,0.842,0.208,0.321,0.277,0.482,0.362,0.349,0.328,0.204,0.405,0.388,0.352,0.334,88.4,40.9,9.1,35.2,94.108976279,17.4
"Kelly, Merrill",518876,2025,748,696,167,22.3,6.4,0.226,0.384,0.277,0.661,0.158,0.264,0.25,0.431,0.288,0.316,0.3,0.181,0.34,0.38,0.296,0.329,90.2,32.4,7.3,43.5,94.908594218,24.1
"Boyle, Joe",671212,2025,226,195,58,25.7,12.4,0.221,0.374,0.327,0.701,0.153,0.282,0.218,0.378,0.312,0.312,0.325,0.16,0.36,0.36,0.314,0.31,91.1,29.2,5.1,46.0,95.211971825,29.0
"Strowd, Kade",669704,2025,105,90,24,22.9,12.4,0.178,0.222,0.286,0.508,0.044,0.227,0.192,0.258,0.241,0.262,0.299,0.067,0.233,0.266,0.239,0.259,86.0,19.4,4.5,31.3,93.227207761,26.8
"Dunning, Dane",641540,2025,95,84,21,22.1,7.4,0.286,0.488,0.358,0.846,0.202,0.333,0.27,0.506,0.361,0.361,0.344,0.237,0.432,0.431,0.375,0.355,88.3,42.2,7.8,46.9,94.807270938,25.1
"Miller, Erik",669062,2025,128,101,22,17.2,15.6,0.238,0.287,0.373,0.66,0.049,0.296,0.253,0.354,0.297,0.33,0.39,0.101,0.284,0.333,0.296,0.323,87.8,30.1,3.6,32.5,93.1156705,30.7
"Pérez, Eury",691587,2025,385,349,105,27.3,8.3,0.195,0.358,0.268,0.626,0.163,0.24,0.203,0.366,0.275,0.281,0.275,0.163,0.333,0.343,0.278,0.29,90.5,31.8,8.6,46.5,95.063994016,28.4
"Chandler, Bubba",696149,2025,124,117,31,25.0,3.2,0.214,0.333,0.258,0.591,0.119,0.274,0.231,0.415,0.26,0.298,0.275,0.184,0.317,0.374,0.291,0.316,90.2,39.5,9.3,40.7,94.569092353,30.3
"Hill, Jaden",677955,2025,129,111,31,24.0,9.3,0.243,0.378,0.326,0.704,0.135,0.309,0.217,0.332,0.309,0.285,0.304,0.115,0.354,0.317,0.325,0.292,86.4,31.3,7.2,34.9,93.604243659,26.1
"Singer, Brady",663903,2025,716,631,163,22.8,8.4,0.238,0.404,0.314,0.718,0.166,0.286,0.243,0.409,0.313,0.32,0.32,0.166,0.36,0.371,0.314,0.324,90.3,36.3,6.5,40.7,94.544913495,24.0
"Soriano, George",666277,2025,173,150,36,20.8,11.0,0.307,0.567,0.39,0.957,0.26,0.343,0.309,0.54,0.405,0.402,0.394,0.232,0.482,0.478,0.4,0.407,88.7,43.5,2.6,44.3,94.966557826,26.0
"Pfaadt, Brandon",694297,2025,767,710,147,19.2,4.8,0.279,0.469,0.323,0.792,0.19,0.317,0.284,0.494,0.339,0.352,0.329,0.21,0.397,0.414,0.348,0.356,90.8,39.1,6.7,45.8,95.370126614,22.1
"Gonsolin, Tony",664062,2025,157,135,38,24.2,11.5,0.244,0.467,0.346,0.813,0.223,0.273,0.237,0.47,0.354,0.351,0.339,0.233,0.419,0.414,0.34,0.329,91.2,37.8,8.2,44.9,95.140222083,30.3
"Rodriguez, Eduardo",593958,2025,694,623,143,20.6,8.6,0.286,0.475,0.347,0.822,0.189,0.333,0.259,0.43,0.353,0.328,0.324,0.172,0.416,0.38,0.367,0.335,88.2,35.8,7.0,35.2,93.89951643,23.0
"Yates, Kirby",489446,2025,179,159,52,29.1,10.1,0.239,0.516,0.318,0.834,0.277,0.293,0.227,0.423,0.354,0.318,0.308,0.196,0.465,0.405,0.352,0.334,88.5,36.1,6.5,42.6,94.658953178,35.3
"Gillispie, Connor",687362,2025,123,109,23,18.7,8.9,0.294,0.56,0.358,0.918,0.266,0.317,0.258,0.493,0.387,0.354,0.329,0.235,0.446,0.401,0.364,0.324,91.4,36.4,10.2,50.0,95.911199535,21.4
"Cleavinger, Garrett",664076,2025,243,217,82,33.7,7.4,0.184,0.341,0.267,0.608,0.157,0.244,0.205,0.333,0.271,0.28,0.29,0.128,0.355,0.373,0.294,0.334,88.8,34.6,8.1,41.2,94.963080076,36.0
"Kochanowicz, Jack",686799,2025,512,440,72,14.1,11.3,0.309,0.489,0.393,0.882,0.18,0.325,0.287,0.469,0.379,0.368,0.378,0.182,0.4,0.386,0.363,0.342,92.1,28.0,5.1,49.6,95.756225538,20.8
"Newcomb, Sean",656794,2025,391,350,91,23.3,7.9,0.269,0.357,0.335,0.692,0.088,0.348,0.25,0.374,0.306,0.306,0.319,0.125,0.363,0.362,0.36,0.337,88.9,33.8,6.1,41.8,94.200995837,21.4
"Skubal, Tarik",669373,2025,748,706,241,32.2,4.4,0.2,0.319,0.24,0.559,0.119,0.274,0.206,0.344,0.245,0.258,0.246,0.138,0.335,0.356,0.302,0.312,86.1,35.6,5.3,33.0,93.244404688,32.5
"Bivens, Spencer",702352,2025,343,309,61,17.8,7.3,0.269,0.408,0.331,0.739,0.139,0.316,0.247,0.394,0.322,0.313,0.315,0.148,0.357,0.346,0.332,0.309,87.5,28.6,5.2,37.3,93.556352177,17.0
"Wentz, Joey",666214,2025,442,393,92,20.8,9.7,0.28,0.422,0.348,0.77,0.142,0.336,0.257,0.421,0.334,0.329,0.332,0.164,0.386,0.379,0.359,0.336,90.5,36.3,6.5,42.8,94.649886954,23.5
"Strider, Spencer",675911,2025,539,475,131,24.3,9.5,0.261,0.453,0.34,0.793,0.192,0.317,0.253,0.455,0.344,0.341,0.333,0.202,0.414,0.409,0.356,0.346,91.3,39.5,7.7,42.7,95.310076308,30.6
"Romano, Jordan",605447,2025,187,163,47,25.1,9.1,0.276,0.515,0.348,0.863,0.239,0.318,0.223,0.417,0.365,0.313,0.304,0.195,0.455,0.376,0.375,0.306,88.9,29.2,8.3,39.2,94.377039244,28.7
"Seymour, Ian",693855,2025,242,217,64,26.4,7.9,0.221,0.327,0.29,0.617,0.106,0.287,0.237,0.384,0.274,0.308,0.308,0.146,0.33,0.382,0.31,0.337,88.7,39.7,8.3,37.8,93.983770066,27.0
"Giolito, Lucas",608337,2025,613,547,121,19.7,9.1,0.239,0.377,0.309,0.686,0.138,0.275,0.264,0.464,0.301,0.345,0.333,0.2,0.334,0.396,0.304,0.338,90.3,38.3,7.4,41.1,94.777289536,22.9
"Hill, Tim",657612,2025,269,251,37,13.8,5.9,0.231,0.363,0.276,0.639,0.132,0.242,0.241,0.383,0.274,0.288,0.286,0.143,0.296,0.313,0.27,0.283,90.0,21.4,4.2,45.1,95.046864739,16.4
"Glasnow, Tyler",607192,2025,366,316,106,29.0,11.7,0.177,0.31,0.279,0.589,0.133,0.225,0.203,0.324,0.266,0.285,0.303,0.121,0.306,0.339,0.262,0.304,88.2,33.2,3.7,37.4,93.680485164,28.2
"Fairbanks, Pete",664126,2025,244,224,59,24.2,7.4,0.201,0.348,0.263,0.611,0.147,0.241,0.219,0.338,0.269,0.275,0.281,0.119,0.316,0.325,0.273,0.298,90.2,28.9,7.2,42.8,94.165084049,26.1
"Leiter, Jack",683004,2025,646,571,148,22.9,10.4,0.222,0.361,0.309,0.67,0.139,0.268,0.235,0.427,0.298,0.326,0.321,0.192,0.334,0.378,0.299,0.317,90.5,33.8,7.0,43.9,94.832958467,24.3
"Peralta, Wandy",593974,2025,313,277,63,20.1,9.6,0.238,0.354,0.315,0.669,0.116,0.289,0.252,0.386,0.293,0.311,0.328,0.133,0.325,0.35,0.306,0.324,87.6,29.4,5.0,36.2,94.024205442,29.0
"Feltner, Ryan",663372,2025,135,122,25,18.5,8.9,0.27,0.443,0.333,0.776,0.173,0.309,0.225,0.349,0.336,0.284,0.293,0.124,0.378,0.306,0.337,0.281,90.0,27.6,7.1,35.7,94.387792083,26.5
"Gibson, Cade",806188,2025,230,201,43,18.7,9.1,0.219,0.318,0.31,0.628,0.099,0.263,0.244,0.347,0.279,0.304,0.334,0.103,0.291,0.327,0.277,0.312,87.9,31.3,4.4,37.5,93.675747975,22.3
"Pallante, Andre",669467,2025,715,640,111,15.5,8.7,0.27,0.431,0.337,0.768,0.161,0.296,0.258,0.402,0.334,0.321,0.328,0.144,0.359,0.341,0.324,0.312,89.2,28.7,4.9,39.9,94.458794676,22.3
"Cannon, Jonathan",686563,2025,466,417,86,18.5,8.2,0.278,0.494,0.344,0.838,0.216,0.307,0.271,0.485,0.358,0.354,0.339,0.214,0.407,0.401,0.346,0.339,90.3,37.3,7.8,45.4,94.921395663,21.4
"Detmers, Reid",672282,2025,266,238,80,30.1,9.4,0.244,0.357,0.32,0.677,0.113,0.34,0.231,0.363,0.295,0.296,0.311,0.132,0.386,0.387,0.365,0.35,90.1,32.7,5.0,42.8,94.748538662,32.7
"Anderson, Grant",681982,2025,299,264,74,24.7,9.7,0.223,0.352,0.303,0.655,0.129,0.277,0.243,0.36,0.287,0.3,0.321,0.117,0.338,0.359,0.307,0.335,88.8,32.0,4.1,38.1,94.255863351,30.9
"Nicolas, Kyle",693312,2025,167,146,34,20.4,10.8,0.233,0.356,0.323,0.679,0.123,0.282,0.235,0.381,0.303,0.316,0.328,0.146,0.325,0.343,0.301,0.307,90.0,32.7,8.0,38.9,94.404391607,29.4
"Brebbia, John",605154,2025,115,97,26,22.6,10.4,0.289,0.515,0.386,0.901,0.226,0.343,0.229,0.41,0.388,0.33,0.337,0.181,0.459,0.367,0.389,0.311,90.1,31.9,11.1,45.8,95.303762778,19.8
"Topa, Justin",623437,2025,268,242,49,18.3,6.7,0.281,0.376,0.338,0.714,0.095,0.342,0.282,0.4,0.311,0.325,0.342,0.119,0.352,0.37,0.349,0.354,89.3,35.0,7.6,44.7,94.832875722,18.1
"Buehler, Walker",621111,2025,564,490,92,16.3,10.6,0.265,0.437,0.357,0.794,0.172,0.286,0.268,0.45,0.348,0.355,0.36,0.182,0.367,0.376,0.325,0.33,87.9,35.8,6.3,37.8,94.03109665,19.2
"Montgomery, Mason",682254,2025,209,177,63,30.1,12.9,0.277,0.435,0.372,0.807,0.158,0.391,0.243,0.401,0.354,0.33,0.344,0.158,0.464,0.422,0.422,0.373,89.3,33.9,1.7,39.0,94.636496106,35.8
"Lord, Brad",695418,2025,546,494,108,19.8,7.9,0.255,0.415,0.317,0.732,0.16,0.293,0.27,0.437,0.319,0.335,0.331,0.167,0.363,0.386,0.324,0.344,88.5,34.4,8.2,41.8,94.578532262,21.3
"Freeland, Kyle",607536,2025,709,657,124,17.5,5.4,0.294,0.461,0.335,0.796,0.167,0.33,0.282,0.473,0.341,0.342,0.325,0.191,0.392,0.393,0.357,0.344,91.1,36.8,7.2,47.3,95.077603477,21.0
"Vargas, Carlos",672841,2025,331,297,54,16.3,6.9,0.273,0.421,0.337,0.758,0.148,0.302,0.246,0.371,0.327,0.298,0.315,0.124,0.36,0.322,0.331,0.3,88.6,25.9,4.0,35.2,93.844737137,18.9
"Mazur, Adam",800049,2025,139,125,19,13.7,8.6,0.264,0.424,0.331,0.755,0.16,0.282,0.273,0.459,0.329,0.347,0.34,0.187,0.343,0.366,0.308,0.32,87.5,34.6,5.6,31.8,93.596534206,21.8
"Domínguez, Seranthony",622554,2025,261,222,79,30.3,13.8,0.198,0.302,0.314,0.616,0.104,0.281,0.198,0.297,0.28,0.282,0.316,0.099,0.33,0.333,0.306,0.309,87.5,34.7,5.6,36.8,93.430835764,33.3
"Teng, Kai-Wei",678906,2025,139,114,39,28.1,12.2,0.254,0.351,0.381,0.732,0.097,0.365,0.213,0.321,0.335,0.311,0.349,0.107,0.391,0.347,0.382,0.322,89.4,36.8,7.9,31.6,93.391197067,27.5
"Little, Brendon",663893,2025,295,245,91,30.8,15.3,0.196,0.273,0.323,0.596,0.077,0.299,0.194,0.291,0.273,0.286,0.327,0.097,0.317,0.341,0.308,0.315,89.7,30.6,6.4,47.1,95.180069677,43.5
"Stanek, Ryne",592773,2025,255,221,58,22.7,12.5,0.253,0.403,0.345,0.748,0.15,0.31,0.236,0.411,0.33,0.327,0.332,0.174,0.375,0.371,0.339,0.319,90.3,37.0,4.8,43.6,94.444661758,27.8
"Bradish, Kyle",680694,2025,126,115,47,37.3,7.9,0.2,0.296,0.27,0.566,0.096,0.308,0.21,0.341,0.255,0.275,0.279,0.131,0.36,0.397,0.338,0.355,89.8,45.6,7.4,38.2,94.417301029,34.8
"May, Dustin",669160,2025,584,510,123,21.1,9.6,0.259,0.447,0.344,0.791,0.188,0.3,0.261,0.451,0.342,0.349,0.348,0.191,0.391,0.4,0.338,0.344,90.6,34.9,7.6,44.5,95.163508072,20.0
"Oviedo, Johan",670912,2025,170,143,42,24.7,13.5,0.182,0.336,0.306,0.642,0.154,0.208,0.211,0.378,0.291,0.316,0.33,0.167,0.307,0.35,0.255,0.296,87.6,29.4,4.9,35.3,93.934282157,29.9
"Darvish, Yu",506433,2025,296,269,68,23.0,6.4,0.245,0.465,0.31,0.775,0.22,0.278,0.218,0.395,0.334,0.297,0.285,0.177,0.401,0.347,0.328,0.292,87.3,32.5,3.4,33.0,93.193532836,23.0
"Sands, Cole",663485,2025,299,269,64,21.4,6.4,0.242,0.39,0.297,0.687,0.148,0.287,0.235,0.403,0.296,0.306,0.296,0.169,0.346,0.36,0.311,0.31,89.4,32.1,7.5,41.5,94.410445845,22.2
"Rolison, Ryan",669020,2025,193,170,25,13.0,10.4,0.324,0.565,0.391,0.956,0.241,0.324,0.284,0.491,0.406,0.364,0.356,0.207,0.436,0.381,0.374,0.329,87.5,33.1,4.7,38.5,94.058196207,17.4
"Mey, Luis",682825,2025,96,77,21,21.9,17.7,0.221,0.364,0.365,0.729,0.143,0.259,0.237,0.364,0.33,0.349,0.383,0.128,0.337,0.369,0.298,0.33,89.0,33.3,0.0,36.8,94.170478393,25.6
"Jackson, Luke",592426,2025,219,182,38,17.4,12.8,0.225,0.313,0.333,0.646,0.088,0.259,0.239,0.399,0.286,0.321,0.347,0.16,0.288,0.338,0.279,0.298,90.8,28.0,4.7,44.0,95.393444932,22.7
"Dreyer, Jack",676263,2025,307,276,74,24.1,7.8,0.203,0.312,0.263,0.575,0.109,0.257,0.2,0.33,0.247,0.257,0.264,0.13,0.294,0.31,0.272,0.273,90.3,30.6,10.0,39.7,94.032878366,26.7
"Montas, Frankie",593423,2025,178,161,32,18.0,7.9,0.298,0.534,0.356,0.89,0.236,0.328,0.279,0.483,0.38,0.353,0.339,0.204,0.437,0.401,0.369,0.346,88.5,30.5,8.4,40.5,94.543882868,23.8
"Skenes, Paul",694973,2025,733,684,216,29.5,5.7,0.199,0.307,0.251,0.558,0.108,0.273,0.202,0.321,0.247,0.255,0.255,0.119,0.315,0.328,0.29,0.296,87.6,29.4,5.1,40.1,93.884708556,30.1
"Vasil, Mike",678024,2025,423,362,82,19.4,12.3,0.204,0.312,0.318,0.63,0.108,0.243,0.227,0.368,0.284,0.312,0.337,0.141,0.286,0.328,0.264,0.293,89.3,30.4,4.3,38.2,94.283436871,24.0
"Alvarado, José",621237,2025,114,103,32,28.1,6.1,0.262,0.398,0.313,0.711,0.136,0.338,0.222,0.404,0.31,0.297,0.28,0.182,0.405,0.385,0.375,0.325,92.7,37.8,5.4,47.3,96.277786667,24.3
"Kranick, Max",668820,2025,150,142,25,16.7,4.7,0.239,0.38,0.273,0.653,0.141,0.257,0.262,0.453,0.283,0.329,0.3,0.191,0.319,0.378,0.288,0.322,90.2,33.1,8.5,44.9,94.664708261,20.7
"Misiorowski, Jacob",694819,2025,272,239,87,32.0,11.0,0.213,0.36,0.309,0.669,0.147,0.299,0.202,0.344,0.298,0.288,0.299,0.143,0.383,0.365,0.336,0.318,89.0,40.8,7.2,37.5,93.62802596,29.7
"Jarvis, Bryce",686826,2025,98,86,21,21.4,10.2,0.267,0.465,0.347,0.812,0.198,0.317,0.222,0.383,0.351,0.314,0.313,0.161,0.405,0.351,0.348,0.298,91.1,33.3,12.1,43.9,94.937767727,20.9
"Leahy, Kyle",681517,2025,363,328,80,22.0,7.7,0.244,0.338,0.3,0.638,0.094,0.301,0.263,0.417,0.281,0.325,0.322,0.153,0.324,0.387,0.315,0.346,89.1,37.4,7.9,44.1,94.740171833,23.1
"McCullers Jr., Lance",621121,2025,274,227,61,22.3,14.2,0.269,0.463,0.392,0.855,0.194,0.327,0.242,0.428,0.376,0.353,0.369,0.186,0.425,0.388,0.367,0.33,90.5,33.7,9.6,50.0,95.287341084,25.1
"Cortes, Nestor",641482,2025,157,134,29,18.5,12.7,0.269,0.59,0.369,0.959,0.321,0.247,0.262,0.573,0.405,0.395,0.364,0.312,0.455,0.441,0.34,0.331,92.5,33.0,8.5,46.2,95.498235429,25.0
"Raley, Brooks",548384,2025,99,91,25,25.3,6.1,0.154,0.209,0.222,0.431,0.055,0.212,0.185,0.289,0.2,0.241,0.251,0.104,0.215,0.277,0.212,0.255,88.1,34.8,15.2,37.9,92.830069242,20.8
"Brasier, Ryan",518489,2025,105,98,20,19.0,4.8,0.276,0.408,0.305,0.713,0.132,0.321,0.298,0.451,0.306,0.34,0.331,0.152,0.359,0.403,0.338,0.372,88.9,35.0,7.5,43.8,94.69362519,20.8
"Scherzer, Max",453286,2025,358,332,82,22.9,6.4,0.262,0.497,0.313,0.81,0.235,0.293,0.245,0.482,0.346,0.332,0.297,0.237,0.424,0.404,0.347,0.324,88.3,38.2,8.4,38.2,94.042422948,23.6
"Chafin, Andrew",605177,2025,143,122,36,25.2,13.3,0.238,0.295,0.338,0.633,0.057,0.318,0.214,0.319,0.292,0.29,0.318,0.105,0.325,0.322,0.333,0.301,87.3,27.3,3.4,37.5,93.195206322,27.7
"Montero, Rafael",606160,2025,253,215,58,22.9,14.6,0.195,0.316,0.312,0.628,0.121,0.242,0.204,0.327,0.283,0.295,0.322,0.123,0.297,0.315,0.266,0.281,88.3,25.3,2.5,38.6,94.108485769,29.3
"King, John",667463,2025,222,206,28,12.6,6.3,0.316,0.466,0.357,0.823,0.15,0.333,0.29,0.441,0.357,0.337,0.335,0.151,0.386,0.363,0.363,0.335,89.7,28.9,5.0,43.3,94.955228523,19.9
"Brown, McCade",685326,2025,126,103,23,18.3,13.5,0.291,0.524,0.413,0.937,0.233,0.32,0.262,0.487,0.405,0.384,0.391,0.225,0.44,0.408,0.37,0.337,91.7,42.0,11.1,45.7,95.201578765,23.3
"Morton, Charlie",450203,2025,654,557,149,22.8,11.0,0.273,0.463,0.367,0.83,0.19,0.33,0.246,0.409,0.36,0.333,0.346,0.163,0.421,0.379,0.367,0.334,91.2,33.3,5.0,43.6,94.941118471,27.9
"Trivino, Lou",642152,2025,207,178,37,17.9,8.7,0.258,0.399,0.34,0.739,0.141,0.288,0.252,0.443,0.323,0.346,0.342,0.191,0.345,0.379,0.317,0.32,87.1,34.2,4.8,30.8,93.161742766,25.1
"García, Luis",472610,2025,233,203,48,20.6,11.2,0.271,0.394,0.351,0.745,0.123,0.342,0.262,0.419,0.32,0.326,0.345,0.156,0.368,0.378,0.35,0.342,90.8,35.8,9.4,48.4,95.325510256,24.1
"Wells, Tyler",669330,2025,82,80,18,22.0,2.4,0.212,0.425,0.232,0.657,0.213,0.224,0.231,0.45,0.279,0.296,0.25,0.219,0.346,0.371,0.274,0.299,90.8,24.2,4.8,48.4,94.934362951,23.4
"Burke, Sean",680732,2025,596,522,133,22.3,10.6,0.251,0.444,0.337,0.781,0.193,0.293,0.246,0.457,0.34,0.342,0.333,0.211,0.393,0.396,0.334,0.329,89.6,39.4,7.9,42.7,94.73809907,25.1
"Keller, Mitch",656605,2025,749,686,150,20.0,6.8,0.249,0.405,0.31,0.715,0.156,0.291,0.259,0.43,0.313,0.326,0.319,0.171,0.356,0.375,0.318,0.331,90.1,34.6,7.3,43.8,94.723694728,20.6
"Falter, Bailey",663559,2025,518,464,81,15.6,8.9,0.248,0.433,0.315,0.748,0.185,0.261,0.263,0.462,0.324,0.34,0.329,0.199,0.347,0.368,0.297,0.316,90.5,32.3,7.2,45.1,94.949158316,18.1
"Walker, Ryan",676254,2025,266,236,60,22.6,6.8,0.254,0.373,0.326,0.699,0.119,0.322,0.251,0.368,0.306,0.304,0.323,0.117,0.356,0.354,0.337,0.334,87.0,31.1,4.4,35.6,93.548727356,21.6
"Ginkel, Kevin",656464,2025,121,102,29,24.0,10.7,0.284,0.412,0.364,0.776,0.128,0.36,0.228,0.412,0.338,0.33,0.328,0.184,0.396,0.384,0.377,0.32,89.7,28.6,9.1,45.5,94.726929459,28.1
"Jacob, Alek",689690,2025,153,131,23,15.0,9.2,0.275,0.466,0.366,0.832,0.191,0.288,0.25,0.436,0.361,0.344,0.347,0.186,0.375,0.351,0.327,0.301,84.1,34.5,10.0,31.8,92.803120092,21.3
"Brieske, Beau",689225,2025,103,88,16,15.5,11.7,0.273,0.489,0.353,0.842,0.216,0.275,0.217,0.383,0.357,0.312,0.321,0.166,0.384,0.324,0.324,0.28,89.4,26.7,8.0,50.7,94.960522297,21.2
"Ramírez, Yohan",670990,2025,155,134,45,29.0,10.3,0.246,0.396,0.342,0.738,0.15,0.337,0.234,0.409,0.324,0.328,0.334,0.176,0.408,0.414,0.367,0.353,89.7,40.0,2.2,45.6,94.628384556,25.8
"Lucas, Easton",687922,2025,108,92,23,21.3,11.1,0.272,0.478,0.343,0.821,0.206,0.294,0.275,0.535,0.348,0.37,0.348,0.26,0.402,0.434,0.342,0.35,91.2,37.0,4.1,43.8,94.979699863,23.9
"Gibaut, Ian",664139,2025,109,100,15,13.8,7.3,0.26,0.41,0.312,0.722,0.15,0.277,0.24,0.428,0.313,0.312,0.295,0.188,0.333,0.331,0.302,0.281,88.4,36.0,5.8,33.7,93.388157093,17.5
"Blalock, Bradley",687134,2025,275,243,27,9.8,8.4,0.35,0.597,0.405,1.002,0.247,0.333,0.322,0.591,0.423,0.409,0.383,0.269,0.443,0.427,0.385,0.357,91.4,36.5,5.9,45.9,95.462649636,15.9
"Wrobleski, Justin",680736,2025,280,255,76,27.1,6.1,0.255,0.38,0.306,0.686,0.125,0.335,0.244,0.359,0.299,0.289,0.297,0.115,0.382,0.366,0.357,0.343,92.0,30.4,7.1,47.8,95.696025111,24.6
"Peguero, Joel",666711,2025,86,76,17,19.8,9.3,0.197,0.316,0.271,0.587,0.119,0.224,0.204,0.37,0.256,0.289,0.288,0.166,0.278,0.324,0.25,0.274,89.7,24.6,9.8,42.6,94.168329333,22.1
"Dana, Caden",702674,2025,141,117,33,23.4,12.8,0.256,0.513,0.35,0.863,0.257,0.266,0.244,0.423,0.365,0.339,0.346,0.179,0.432,0.389,0.341,0.335,89.1,31.5,2.2,39.3,94.224457701,28.2
"deGrom, Jacob",594798,2025,669,624,185,27.7,5.5,0.196,0.354,0.242,0.596,0.158,0.23,0.221,0.391,0.259,0.286,0.268,0.17,0.327,0.369,0.275,0.314,90.1,33.1,7.0,41.9,94.499823864,30.2
"Gomber, Austin",596295,2025,272,252,34,12.5,6.3,0.325,0.603,0.369,0.972,0.278,0.325,0.279,0.553,0.411,0.372,0.327,0.274,0.452,0.404,0.374,0.322,88.1,38.6,5.9,39.5,94.163679539,15.9
"Waldrep, Hurston",694462,2025,229,203,55,24.0,9.6,0.222,0.305,0.306,0.611,0.083,0.288,0.251,0.359,0.276,0.31,0.335,0.108,0.31,0.364,0.302,0.348,89.1,32.2,4.7,40.3,94.194874789,28.5
"Barlow, Scott",605130,2025,303,250,75,24.8,14.9,0.2,0.336,0.333,0.669,0.136,0.249,0.227,0.365,0.301,0.323,0.357,0.138,0.322,0.359,0.282,0.322,86.2,32.2,2.8,30.5,92.875805543,30.8
"Loáisiga, Jonathan",642528,2025,135,121,25,18.5,7.4,0.281,0.521,0.351,0.872,0.24,0.303,0.237,0.372,0.367,0.294,0.312,0.135,0.428,0.329,0.354,0.3,86.6,35.4,3.1,35.4,93.795091915,26.5
"Alcala, Jorge",660896,2025,257,221,61,23.7,11.7,0.299,0.552,0.379,0.931,0.253,0.351,0.236,0.428,0.393,0.327,0.326,0.192,0.485,0.382,0.402,0.32,88.8,33.9,6.1,37.6,94.258767654,25.7
"Alcantara, Sandy",645261,2025,745,669,142,19.1,7.7,0.247,0.404,0.31,0.714,0.157,0.278,0.262,0.436,0.311,0.332,0.326,0.175,0.346,0.375,0.308,0.329,90.7,33.0,5.6,45.0,95.038047336,20.9
"Castillo, Luis",622491,2025,745,689,162,21.7,6.2,0.244,0.402,0.297,0.699,0.158,0.286,0.245,0.418,0.304,0.312,0.299,0.173,0.358,0.37,0.317,0.32,90.3,32.1,7.0,46.4,95.089940152,24.6
"Nelson, Ryne",669194,2025,619,572,132,21.3,6.6,0.217,0.381,0.273,0.654,0.164,0.252,0.245,0.411,0.284,0.308,0.299,0.166,0.327,0.361,0.281,0.317,91.4,36.2,8.4,45.5,94.984519659,21.6
"Rocker, Kumar",677958,2025,287,256,56,19.5,8.0,0.277,0.477,0.343,0.82,0.2,0.313,0.278,0.492,0.352,0.364,0.348,0.213,0.403,0.421,0.35,0.357,91.2,34.8,3.9,47.5,95.797203564,24.9
"Pressly, Ryan",519151,2025,182,160,28,15.4,9.3,0.287,0.45,0.363,0.813,0.163,0.317,0.282,0.439,0.356,0.35,0.358,0.157,0.382,0.374,0.348,0.342,91.2,30.6,9.7,50.0,95.377848561,17.4
"Veneziano, Anthony",685107,2025,117,101,25,21.4,9.4,0.277,0.485,0.353,0.838,0.208,0.324,0.277,0.476,0.359,0.357,0.354,0.199,0.418,0.415,0.359,0.36,91.3,32.9,3.8,46.8,95.724240649,24.3
"Hernández, Carlos",672578,2025,203,175,39,19.2,10.8,0.286,0.4,0.368,0.768,0.114,0.343,0.274,0.468,0.338,0.359,0.361,0.194,0.375,0.405,0.362,0.351,89.7,31.4,3.6,38.6,94.592783162,26.6
"Mize, Casey",663554,2025,627,581,139,22.2,5.7,0.263,0.437,0.307,0.744,0.174,0.309,0.236,0.412,0.319,0.298,0.282,0.177,0.387,0.357,0.342,0.306,90.0,36.1,6.7,42.5,94.590713063,24.1
"Burke, Brock",656271,2025,257,228,52,20.2,7.0,0.254,0.417,0.311,0.728,0.163,0.289,0.249,0.393,0.308,0.303,0.31,0.144,0.36,0.354,0.32,0.319,89.0,31.0,7.6,40.8,94.832949483,23.4
"Akin, Keegan",669211,2025,268,232,59,22.0,12.3,0.233,0.401,0.328,0.729,0.168,0.267,0.238,0.439,0.318,0.333,0.333,0.201,0.357,0.38,0.309,0.316,89.4,36.6,9.1,41.7,94.332622312,25.6
"Junk, Janson",676083,2025,447,421,77,17.2,2.9,0.266,0.397,0.289,0.686,0.131,0.302,0.277,0.453,0.295,0.326,0.305,0.176,0.339,0.379,0.318,0.338,91.6,35.1,7.4,47.3,95.649523095,18.2
"Soto, Gregory",642397,2025,279,241,70,25.1,8.6,0.257,0.344,0.349,0.693,0.087,0.343,0.238,0.343,0.312,0.305,0.333,0.106,0.362,0.35,0.358,0.333,88.9,33.9,8.0,37.9,94.241314176,29.9
"Enright, Nic",663671,2025,127,113,30,23.6,9.4,0.212,0.319,0.299,0.618,0.107,0.263,0.23,0.365,0.279,0.303,0.315,0.135,0.31,0.346,0.289,0.314,87.8,32.5,3.6,36.1,93.154156098,26.4
"Lively, Ben",594902,2025,178,163,29,16.3,8.4,0.233,0.393,0.298,0.691,0.16,0.25,0.246,0.46,0.302,0.332,0.31,0.214,0.324,0.363,0.284,0.299,92.1,35.1,8.2,44.8,95.267296791,16.2
"Morejon, Adrian",670970,2025,286,263,70,24.5,5.9,0.186,0.236,0.235,0.471,0.05,0.245,0.221,0.31,0.208,0.254,0.268,0.089,0.248,0.314,0.253,0.301,85.9,30.2,3.0,30.7,92.96996724,23.8
"Miller, Bryce",682243,2025,392,348,74,18.9,8.7,0.267,0.483,0.333,0.816,0.216,0.29,0.274,0.463,0.349,0.351,0.343,0.189,0.396,0.399,0.333,0.347,92.4,34.3,5.7,48.6,95.807492873,24.2
"Thielbar, Caleb",573204,2025,220,204,56,25.5,5.9,0.186,0.314,0.232,0.546,0.128,0.226,0.2,0.321,0.236,0.247,0.246,0.122,0.287,0.303,0.252,0.272,87.9,29.8,6.6,31.8,93.279437133,26.9
"Jax, Griffin",643377,2025,283,257,99,35.0,7.4,0.249,0.385,0.307,0.692,0.136,0.375,0.228,0.359,0.299,0.282,0.289,0.131,0.438,0.409,0.403,0.371,89.2,38.5,5.6,44.1,94.907304747,37.3
"López, Jorge",605347,2025,105,94,17,16.2,5.7,0.266,0.362,0.324,0.686,0.096,0.308,0.301,0.468,0.302,0.354,0.355,0.167,0.321,0.39,0.316,0.359,91.9,40.5,7.6,50.6,95.491026582,17.1
"Okert, Steven",595345,2025,276,248,84,30.4,6.9,0.181,0.286,0.242,0.528,0.105,0.241,0.184,0.326,0.233,0.253,0.248,0.141,0.295,0.328,0.268,0.279,88.4,29.2,8.2,32.7,93.270206747,32.8
"Gaddis, Hunter",683769,2025,274,248,73,26.6,7.7,0.234,0.383,0.294,0.677,0.149,0.296,0.227,0.384,0.293,0.298,0.292,0.157,0.368,0.376,0.328,0.324,90.1,34.1,5.6,39.1,94.667482443,32.2
"Festa, Matt",670036,2025,226,199,56,24.8,6.6,0.221,0.322,0.288,0.61,0.101,0.282,0.232,0.341,0.268,0.29,0.304,0.109,0.318,0.351,0.301,0.325,87.4,36.0,4.0,34.0,93.278516621,27.3
"Ohl, Pierson",701487,2025,133,126,27,20.3,5.3,0.302,0.5,0.338,0.838,0.198,0.351,0.291,0.452,0.359,0.337,0.328,0.161,0.434,0.404,0.384,0.37,89.3,45.5,3.0,39.4,94.616288571,22.0
"Berríos, José",621244,2025,698,632,138,19.8,8.0,0.253,0.43,0.32,0.75,0.177,0.285,0.255,0.454,0.325,0.337,0.323,0.199,0.37,0.387,0.323,0.327,90.3,32.6,5.2,42.5,94.705282256,22.0
"Bassitt, Chris",605135,2025,736,667,166,22.6,7.1,0.261,0.415,0.325,0.74,0.154,0.315,0.252,0.4,0.324,0.316,0.318,0.149,0.382,0.371,0.345,0.335,87.7,34.5,4.0,36.6,93.913717565,23.3
"Gray, Sonny",543243,2025,753,705,201,26.7,5.0,0.262,0.424,0.302,0.726,0.162,0.332,0.25,0.416,0.314,0.306,0.29,0.167,0.407,0.396,0.365,0.348,88.9,34.8,7.3,40.7,94.518739901,27.5
"Kelly, Michael",547184,2025,166,143,29,17.5,11.4,0.224,0.378,0.317,0.695,0.154,0.245,0.251,0.445,0.301,0.338,0.343,0.194,0.318,0.372,0.278,0.315,87.3,35.9,3.4,35.9,93.379355088,22.2
"Flaherty, Jack",656427,2025,681,614,188,27.6,8.7,0.239,0.406,0.311,0.717,0.167,0.307,0.232,0.406,0.313,0.31,0.304,0.173,0.394,0.389,0.344,0.334,89.7,37.8,5.6,43.8,94.724612024,27.3
"Neris, Héctor",593576,2025,124,104,35,28.2,12.9,0.279,0.538,0.377,0.915,0.259,0.359,0.22,0.44,0.388,0.331,0.328,0.22,0.512,0.414,0.414,0.329,91.4,40.3,6.9,44.4,95.089874265,28.6
"Duran, Jhoan",661395,2025,287,263,80,27.9,6.6,0.221,0.285,0.279,0.564,0.064,0.302,0.21,0.296,0.248,0.248,0.269,0.087,0.311,0.312,0.314,0.299,89.4,22.2,2.7,41.6,94.76861306,30.8
"Uribe, Abner",682842,2025,298,263,90,30.2,9.1,0.194,0.255,0.284,0.539,0.061,0.278,0.203,0.28,0.247,0.26,0.292,0.077,0.295,0.318,0.295,0.309,86.2,28.6,5.1,34.9,93.438742544,32.0
"Slaten, Justin",686580,2025,137,126,25,18.2,7.3,0.214,0.31,0.27,0.58,0.096,0.242,0.231,0.401,0.251,0.292,0.285,0.171,0.278,0.332,0.265,0.285,89.1,32.4,5.9,34.3,93.722976765,27.9
"Simpson, Josh",681006,2025,151,125,36,23.8,14.6,0.272,0.448,0.393,0.841,0.176,0.345,0.24,0.383,0.367,0.333,0.367,0.143,0.431,0.374,0.382,0.337,90.1,29.2,6.7,44.9,95.10063382,26.1
"Brash, Matt",666374,2025,199,174,58,29.1,9.0,0.236,0.339,0.313,0.652,0.103,0.327,0.223,0.336,0.288,0.282,0.303,0.112,0.368,0.359,0.35,0.335,86.9,31.4,5.0,30.6,93.324825862,30.9
"Ogasawara, Shinnosuke",829272,2025,173,149,30,17.3,9.8,0.289,0.523,0.364,0.887,0.234,0.298,0.263,0.469,0.377,0.355,0.348,0.206,0.417,0.386,0.35,0.326,90.8,34.1,5.7,41.5,94.705759669,23.5
"Blanco, Ronel",669854,2025,199,176,48,24.1,10.1,0.21,0.381,0.288,0.669,0.171,0.244,0.199,0.354,0.292,0.279,0.278,0.155,0.339,0.318,0.285,0.27,85.9,25.2,5.3,30.5,92.826420709,32.0
"Wesneski, Hayden",669713,2025,131,121,29,22.1,4.6,0.24,0.479,0.279,0.758,0.239,0.256,0.246,0.457,0.322,0.321,0.289,0.211,0.394,0.392,0.312,0.325,89.7,35.8,6.3,42.1,94.265432935,23.2
"Fermin, José",820862,2025,152,127,39,25.7,15.1,0.197,0.409,0.322,0.731,0.212,0.21,0.187,0.399,0.318,0.314,0.319,0.212,0.364,0.358,0.281,0.275,91.4,34.8,4.5,46.1,94.816130112,33.1
"Holderman, Colin",670059,2025,125,104,18,14.4,12.8,0.327,0.51,0.419,0.929,0.183,0.357,0.284,0.428,0.399,0.364,0.389,0.145,0.423,0.375,0.386,0.343,89.6,29.2,5.6,43.8,94.458353678,25.8
"Harris, Hogan",663687,2025,277,239,65,23.5,11.9,0.226,0.339,0.319,0.658,0.113,0.285,0.239,0.353,0.289,0.305,0.334,0.114,0.327,0.351,0.305,0.328,88.0,34.8,2.2,32.6,93.049922557,23.0
"Cabrera, Edward",665795,2025,581,519,150,25.8,8.3,0.233,0.378,0.309,0.687,0.145,0.293,0.238,0.394,0.303,0.312,0.315,0.156,0.364,0.378,0.325,0.335,90.3,31.1,9.1,46.4,95.170167541,29.4
"Lynch IV, Daniel",663738,2025,289,254,45,15.6,9.0,0.26,0.402,0.341,0.743,0.142,0.287,0.252,0.414,0.327,0.328,0.335,0.162,0.342,0.345,0.314,0.306,88.6,28.3,3.8,42.5,94.451533462,22.3
"Richardson, Lyon",680689,2025,172,145,30,17.4,12.2,0.255,0.372,0.349,0.721,0.117,0.299,0.273,0.413,0.311,0.345,0.374,0.139,0.328,0.377,0.311,0.348,89.9,34.5,7.6,46.2,94.882098151,22.3
"Poulin, PJ",676571,2025,110,93,27,24.5,11.8,0.247,0.333,0.345,0.678,0.086,0.318,0.23,0.346,0.307,0.308,0.336,0.116,0.343,0.345,0.338,0.323,89.3,35.3,5.9,41.2,93.884591791,26.6
"Rogers, Tyler",643511,2025,299,288,48,16.1,2.3,0.229,0.302,0.248,0.55,0.073,0.261,0.246,0.311,0.241,0.256,0.266,0.065,0.273,0.292,0.273,0.295,85.8,26.0,4.1,33.1,93.082203445,15.9
"Santillan, Tony",663574,2025,301,265,75,24.9,9.6,0.2,0.336,0.29,0.626,0.136,0.25,0.244,0.404,0.28,0.322,0.329,0.16,0.316,0.382,0.277,0.339,91.8,35.1,7.9,45.5,95.576007872,27.0
"Reynolds, Sean",669308,2025,117,97,25,21.4,14.5,0.206,0.371,0.342,0.713,0.165,0.235,0.251,0.491,0.322,0.379,0.379,0.24,0.33,0.422,0.278,0.338,90.3,38.9,11.1,43.1,94.641773571,22.7
"Woodruff, Brandon",605540,2025,257,239,83,32.3,5.4,0.188,0.331,0.242,0.573,0.143,0.245,0.171,0.299,0.252,0.233,0.226,0.128,0.338,0.306,0.288,0.262,87.9,28.8,6.4,35.9,93.594377821,27.9
"Graceffo, Gordon",700669,2025,193,175,40,20.7,6.7,0.286,0.457,0.337,0.794,0.171,0.353,0.272,0.427,0.34,0.326,0.325,0.155,0.399,0.38,0.362,0.345,92.8,34.8,7.2,53.6,95.925008116,23.1
"Gilbert, Logan",669302,2025,535,494,173,32.3,5.8,0.211,0.377,0.266,0.643,0.166,0.278,0.206,0.367,0.28,0.275,0.263,0.161,0.382,0.373,0.323,0.317,90.8,32.1,5.6,41.7,94.674260997,32.9
"Cameron, Noah",702070,2025,556,509,114,20.5,7.7,0.214,0.361,0.279,0.64,0.147,0.241,0.245,0.41,0.281,0.313,0.307,0.166,0.316,0.36,0.276,0.315,87.9,32.6,5.8,37.4,93.899827391,26.6
"Megill, Tylor",656731,2025,305,261,89,29.2,10.8,0.23,0.345,0.329,0.674,0.115,0.32,0.22,0.347,0.303,0.306,0.324,0.128,0.367,0.374,0.343,0.335,90.3,30.1,5.1,43.8,95.034338421,30.7
"Payamps, Joel",606303,2025,117,103,24,20.5,7.7,0.301,0.583,0.359,0.942,0.282,0.346,0.283,0.556,0.389,0.391,0.354,0.273,0.465,0.468,0.378,0.37,90.0,41.5,8.5,40.2,95.012884756,25.0
"Francis, Bowden",670102,2025,288,251,54,18.8,9.4,0.283,0.538,0.361,0.899,0.255,0.286,0.281,0.501,0.382,0.373,0.362,0.22,0.434,0.421,0.353,0.354,91.6,34.3,5.5,52.2,95.7876814,23.3
"Bradley, Taj",671737,2025,605,539,127,21.0,9.3,0.243,0.403,0.316,0.719,0.16,0.281,0.237,0.405,0.314,0.314,0.313,0.168,0.355,0.356,0.314,0.309,89.2,31.8,6.2,39.9,94.199846238,23.6
"Carrasco, Carlos",471911,2025,212,193,34,16.0,8.0,0.316,0.56,0.368,0.928,0.244,0.338,0.281,0.468,0.393,0.354,0.342,0.187,0.445,0.394,0.379,0.345,90.7,38.5,7.5,42.9,94.954997051,22.5
"Spence, Mitch",687765,2025,375,342,66,17.6,6.9,0.281,0.48,0.337,0.817,0.199,0.305,0.284,0.508,0.35,0.363,0.342,0.224,0.398,0.416,0.345,0.352,90.2,37.8,6.8,42.8,94.752186945,25.7
"Eflin, Zach",621107,2025,309,289,50,16.2,4.2,0.304,0.557,0.336,0.893,0.253,0.313,0.265,0.469,0.378,0.327,0.299,0.203,0.436,0.372,0.364,0.318,89.6,34.0,7.0,40.6,94.433231088,20.5
"Adam, Jason",592094,2025,270,238,70,25.9,9.3,0.21,0.282,0.291,0.573,0.072,0.277,0.196,0.309,0.256,0.26,0.279,0.114,0.298,0.303,0.294,0.274,88.8,22.8,2.9,38.0,93.56960574,33.3
"Hendricks, Kyle",543294,2025,695,638,114,16.4,6.2,0.262,0.447,0.311,0.758,0.185,0.281,0.246,0.408,0.324,0.308,0.299,0.162,0.362,0.341,0.315,0.3,86.1,32.6,4.9,34.3,93.310892792,18.3
"Fitts, Richard",690916,2025,195,171,40,20.5,8.2,0.251,0.456,0.323,0.779,0.205,0.262,0.266,0.488,0.337,0.361,0.342,0.221,0.386,0.422,0.323,0.351,90.7,39.6,4.5,48.5,95.34205947,25.3
"Woods Richardson, Simeon",680573,2025,471,418,107,22.7,9.8,0.23,0.395,0.308,0.703,0.165,0.265,0.214,0.402,0.308,0.304,0.295,0.188,0.352,0.347,0.305,0.286,90.2,34.0,4.4,41.6,94.323096369,24.1
"Sousa, Bennett",656986,2025,199,181,59,29.6,7.5,0.204,0.331,0.263,0.594,0.127,0.275,0.199,0.335,0.261,0.266,0.261,0.136,0.333,0.341,0.298,0.295,89.1,32.8,8.8,36.8,94.230850081,36.8
"Sabrowski, Erik",681870,2025,121,97,42,34.7,17.4,0.144,0.247,0.314,0.561,0.103,0.226,0.155,0.279,0.271,0.286,0.323,0.124,0.293,0.325,0.255,0.274,89.7,38.2,9.1,41.8,94.370352075,38.1
"Thompson, Ryan",657044,2025,175,160,36,20.6,7.4,0.263,0.381,0.326,0.707,0.118,0.317,0.234,0.381,0.308,0.295,0.3,0.147,0.357,0.339,0.339,0.302,89.9,30.6,3.2,40.3,94.890948145,25.3
"Wacha, Michael",608379,2025,716,658,126,17.6,6.3,0.252,0.383,0.302,0.685,0.131,0.29,0.257,0.421,0.299,0.316,0.308,0.164,0.333,0.356,0.31,0.317,87.5,36.7,5.6,34.6,93.523519129,21.3
"Granillo, Andre",701552,2025,91,79,18,19.8,7.7,0.278,0.481,0.333,0.814,0.203,0.311,0.235,0.386,0.344,0.307,0.302,0.151,0.397,0.346,0.344,0.299,87.6,33.8,6.2,27.7,92.879930952,31.5
"Lazar, Max",676661,2025,170,157,26,15.3,7.1,0.261,0.452,0.312,0.764,0.191,0.272,0.309,0.505,0.329,0.371,0.357,0.196,0.361,0.415,0.311,0.369,92.6,39.4,11.4,52.3,96.089544154,20.3
"Helsley, Ryan",664854,2025,252,222,63,25.0,9.9,0.275,0.437,0.347,0.784,0.162,0.344,0.242,0.395,0.336,0.31,0.319,0.153,0.417,0.376,0.377,0.334,91.0,37.4,6.1,41.7,94.813928199,29.5
"Pivetta, Nick",601713,2025,721,660,190,26.4,6.9,0.195,0.33,0.253,0.583,0.135,0.236,0.228,0.424,0.256,0.309,0.287,0.196,0.31,0.391,0.271,0.322,90.3,36.4,7.7,45.0,94.701402267,24.6
"Hernández, Daysbel",678226,2025,163,131,33,20.2,17.8,0.206,0.313,0.358,0.671,0.107,0.253,0.204,0.343,0.31,0.318,0.356,0.139,0.297,0.311,0.276,0.272,89.4,30.3,3.0,37.4,94.012642887,29.2
"Wheeler, Zack",554430,2025,585,542,195,33.3,5.6,0.197,0.349,0.253,0.602,0.152,0.267,0.189,0.313,0.263,0.247,0.245,0.124,0.36,0.332,0.307,0.294,87.4,36.7,6.6,34.1,93.227809971,31.5
"Smith-Shawver, AJ",700363,2025,191,169,42,22.0,10.5,0.249,0.379,0.332,0.711,0.13,0.309,0.295,0.503,0.315,0.378,0.373,0.208,0.357,0.452,0.331,0.393,91.4,41.4,8.6,50.8,95.756931587,27.1
"Doval, Camilo",666808,2025,278,238,72,25.9,12.6,0.214,0.303,0.321,0.624,0.089,0.288,0.219,0.33,0.285,0.297,0.326,0.111,0.317,0.336,0.305,0.313,88.6,28.6,4.2,40.5,94.494643916,28.4
"Parker, Mitchell",680730,2025,725,653,103,14.2,8.0,0.273,0.466,0.331,0.797,0.193,0.287,0.297,0.507,0.342,0.37,0.355,0.21,0.366,0.402,0.318,0.349,92.3,37.5,9.1,50.0,95.835160597,19.6
"Williams, Gavin",668909,2025,704,615,173,24.6,11.8,0.211,0.364,0.307,0.671,0.153,0.254,0.231,0.405,0.299,0.321,0.325,0.174,0.339,0.374,0.293,0.32,90.4,35.3,6.5,44.3,94.830091267,27.7
"Curtiss, John",595928,2025,141,135,24,17.0,3.5,0.215,0.385,0.243,0.628,0.17,0.226,0.263,0.462,0.27,0.32,0.289,0.2,0.309,0.373,0.261,0.32,90.0,44.6,5.4,42.9,94.392163455,20.4
"Lodolo, Nick",666157,2025,642,592,156,24.3,4.8,0.233,0.387,0.285,0.672,0.154,0.279,0.227,0.388,0.293,0.291,0.28,0.161,0.357,0.356,0.315,0.308,88.8,31.0,6.6,40.5,94.23638627,27.5
"Eisert, Brandon",685126,2025,306,272,74,24.2,8.2,0.276,0.496,0.344,0.84,0.22,0.333,0.238,0.418,0.353,0.314,0.314,0.181,0.442,0.385,0.373,0.327,87.8,38.6,6.4,37.1,93.646268426,32.0
"Priester, Quinn",682990,2025,653,593,132,20.2,7.7,0.245,0.4,0.309,0.709,0.155,0.285,0.237,0.37,0.31,0.298,0.303,0.133,0.351,0.335,0.313,0.304,89.0,28.6,5.4,39.4,94.11122105,24.5
"Taylor, Grant",691799,2025,157,138,54,34.4,9.6,0.268,0.304,0.335,0.639,0.036,0.43,0.213,0.307,0.287,0.267,0.29,0.094,0.401,0.367,0.43,0.349,90.5,38.6,4.5,50.0,95.609225181,30.7
"Rodón, Carlos",607074,2025,789,701,203,25.7,9.3,0.188,0.321,0.272,0.593,0.133,0.23,0.206,0.351,0.266,0.285,0.29,0.145,0.303,0.334,0.263,0.291,88.6,32.3,6.5,38.9,94.179910283,30.3
"Ross, Joe",605452,2025,228,202,39,17.1,7.9,0.282,0.495,0.344,0.839,0.213,0.308,0.286,0.52,0.356,0.373,0.351,0.234,0.398,0.422,0.341,0.351,89.3,38.1,7.7,43.5,94.873628303,22.4
"Gausman, Kevin",592332,2025,775,716,189,24.4,6.5,0.216,0.358,0.269,0.627,0.142,0.263,0.238,0.407,0.273,0.301,0.289,0.169,0.33,0.37,0.292,0.322,89.3,35.0,10.2,41.4,94.522007833,26.4
"Borucki, Ryan",621366,2025,145,125,32,22.1,11.0,0.232,0.392,0.319,0.711,0.16,0.275,0.263,0.433,0.31,0.341,0.351,0.17,0.349,0.397,0.305,0.352,87.3,32.3,7.3,38.5,94.004990333,29.8
"Beeter, Clayton",690925,2025,104,84,33,31.7,17.3,0.155,0.274,0.301,0.575,0.119,0.204,0.196,0.329,0.269,0.302,0.334,0.134,0.294,0.36,0.25,0.316,88.3,39.6,1.9,32.1,93.490375385,32.9
"Smith, Cade",671922,2025,300,274,104,34.7,6.3,0.201,0.328,0.261,0.589,0.127,0.304,0.201,0.299,0.255,0.248,0.263,0.098,0.358,0.346,0.32,0.323,89.2,38.7,10.4,37.0,93.893454593,34.3
"Salazar, Eduardo",674285,2025,151,131,23,15.2,11.3,0.359,0.611,0.433,1.044,0.252,0.392,0.287,0.478,0.443,0.369,0.373,0.191,0.495,0.394,0.431,0.347,89.6,33.6,8.2,44.5,94.98157283,20.7
"Greene, Hunter",668881,2025,420,391,132,31.4,6.2,0.192,0.368,0.246,0.614,0.176,0.246,0.202,0.372,0.267,0.273,0.255,0.171,0.357,0.366,0.29,0.305,90.4,35.8,8.1,45.0,94.82207358,31.4
"Herrin, Tim",682120,2025,194,155,45,23.2,15.5,0.239,0.387,0.376,0.763,0.148,0.296,0.223,0.35,0.339,0.324,0.366,0.126,0.366,0.342,0.327,0.31,88.3,29.2,8.0,42.5,94.038742768,29.4
"Cruz, Steven",674444,2025,189,169,38,20.1,9.5,0.213,0.343,0.291,0.634,0.13,0.244,0.221,0.357,0.28,0.289,0.298,0.136,0.304,0.317,0.273,0.283,88.8,33.3,6.8,34.1,93.526750154,24.3
"Fluharty, Mason",689254,2025,215,187,56,26.0,11.2,0.193,0.332,0.29,0.622,0.139,0.238,0.205,0.35,0.271,0.284,0.302,0.145,0.316,0.336,0.273,0.293,86.6,30.1,6.8,33.1,93.20536855,31.9
"Zerpa, Angel",672582,2025,275,247,58,21.1,8.0,0.271,0.425,0.333,0.758,0.154,0.326,0.246,0.399,0.33,0.311,0.311,0.154,0.385,0.357,0.351,0.319,89.5,30.6,5.2,43.0,94.766879415,16.4
"Pilkington, Konnor",663455,2025,123,102,34,27.6,13.8,0.216,0.471,0.333,0.804,0.255,0.238,0.254,0.524,0.346,0.382,0.367,0.27,0.419,0.483,0.314,0.374,90.6,50.0,8.6,44.3,95.251717143,29.1
"Svanson, Matt",694335,2025,234,206,68,29.1,8.5,0.16,0.248,0.244,0.492,0.088,0.216,0.201,0.337,0.225,0.275,0.281,0.136,0.252,0.335,0.232,0.294,89.1,39.4,7.0,35.9,94.20207,23.1
"Clarke, Taylor",664199,2025,206,196,44,21.4,4.4,0.194,0.357,0.233,0.59,0.163,0.208,0.239,0.416,0.256,0.298,0.276,0.177,0.301,0.359,0.25,0.308,89.3,29.6,4.6,40.8,94.198920397,23.3
"Kershaw, Clayton",477132,2025,463,420,84,18.1,7.6,0.243,0.362,0.302,0.664,0.119,0.283,0.249,0.377,0.292,0.303,0.31,0.128,0.32,0.336,0.3,0.312,89.7,31.3,8.2,42.1,94.516163835,24.3
"Brown, Hunter",686613,2025,729,661,206,28.3,7.8,0.201,0.318,0.271,0.589,0.117,0.264,0.217,0.339,0.262,0.277,0.286,0.122,0.321,0.345,0.291,0.315,86.1,31.4,5.0,32.2,93.243178596,27.8
"Eovaldi, Nathan",543135,2025,496,463,129,26.0,4.2,0.194,0.307,0.239,0.546,0.113,0.245,0.219,0.358,0.24,0.271,0.263,0.139,0.295,0.341,0.268,0.303,88.6,31.4,4.7,38.5,93.954033855,27.7
"Brown, Ben",676962,2025,472,433,121,25.6,6.8,0.279,0.467,0.333,0.8,0.188,0.348,0.254,0.45,0.345,0.329,0.311,0.197,0.438,0.413,0.385,0.351,92.4,36.8,6.3,47.3,95.598631097,28.3
"Ferguson, Caleb",657571,2025,270,236,51,18.9,8.1,0.229,0.301,0.307,0.608,0.072,0.28,0.237,0.329,0.271,0.29,0.318,0.092,0.287,0.315,0.287,0.302,84.8,35.6,6.8,27.7,92.37738129,21.4
"Kirby, George",669923,2025,524,480,137,26.1,5.5,0.252,0.392,0.3,0.692,0.14,0.315,0.249,0.399,0.3,0.306,0.3,0.15,0.377,0.386,0.345,0.346,90.6,35.3,6.0,43.9,94.704687126,26.7
"Legumina, Casey",668984,2025,219,190,55,25.1,11.4,0.247,0.405,0.339,0.744,0.158,0.31,0.217,0.378,0.325,0.304,0.314,0.161,0.389,0.355,0.346,0.305,90.6,29.2,5.1,43.8,95.008117941,24.6
"Estévez, Carlos",608032,2025,269,241,54,20.1,8.2,0.199,0.315,0.276,0.591,0.116,0.235,0.228,0.404,0.255,0.299,0.302,0.176,0.281,0.343,0.255,0.292,89.1,35.4,7.4,38.1,93.934951649,19.0
"Suarez, Ranger",624133,2025,651,602,151,23.2,5.8,0.256,0.374,0.305,0.679,0.118,0.318,0.226,0.351,0.298,0.278,0.278,0.125,0.358,0.33,0.339,0.301,86.5,29.2,5.9,31.1,93.042499196,22.2
"Morgan, David",688158,2025,193,168,50,25.9,11.9,0.208,0.327,0.311,0.638,0.119,0.272,0.223,0.348,0.287,0.301,0.325,0.125,0.326,0.349,0.297,0.32,91.1,33.9,5.1,45.8,94.875696379,25.5
"Lee, Chase",695445,2025,148,134,36,24.3,6.1,0.239,0.478,0.291,0.769,0.239,0.266,0.266,0.507,0.322,0.346,0.316,0.242,0.399,0.435,0.317,0.354,90.7,43.6,6.9,40.6,94.948634455,21.1
"Pomeranz, Drew",519141,2025,203,181,57,28.1,7.4,0.21,0.304,0.287,0.591,0.094,0.275,0.215,0.365,0.265,0.291,0.293,0.15,0.32,0.362,0.304,0.314,90.1,34.9,8.7,42.9,94.62131056,24.5
"Green, Chad",643338,2025,190,175,35,18.4,6.8,0.291,0.566,0.347,0.913,0.275,0.294,0.268,0.557,0.385,0.37,0.326,0.289,0.453,0.433,0.364,0.336,92.3,35.0,7.1,52.9,96.106873333,22.7
"Peralta, Freddy",642547,2025,723,643,204,28.2,9.1,0.193,0.327,0.277,0.604,0.134,0.246,0.206,0.361,0.27,0.289,0.289,0.155,0.323,0.353,0.282,0.302,88.0,33.9,5.2,34.5,93.5568435,30.1
"Casparius, Ben",676508,2025,333,307,71,21.3,6.3,0.254,0.41,0.307,0.717,0.156,0.306,0.24,0.393,0.312,0.3,0.294,0.153,0.367,0.35,0.329,0.311,87.5,31.9,3.4,31.9,92.986533941,27.6
"Irvin, Jake",663623,2025,787,717,124,15.8,7.9,0.272,0.492,0.334,0.826,0.22,0.282,0.273,0.505,0.355,0.36,0.335,0.233,0.39,0.397,0.328,0.329,90.4,34.8,5.2,47.1,95.158643027,18.2
"Koenig, Jared",657649,2025,268,241,68,25.4,7.5,0.237,0.365,0.305,0.67,0.128,0.304,0.199,0.324,0.294,0.263,0.27,0.126,0.356,0.309,0.328,0.275,88.7,29.5,8.0,34.7,93.512511561,22.9
"Barlow, Scott",605130,2026,127,103,24,18.9,13.4,0.175,0.369,0.315,0.684,0.194,0.171,0.211,0.394,0.305,0.33,0.347,0.183,0.295,0.335,0.222,0.273,87.5,30.9,4.9,32.1,93.013364198,34.5
"Garcia, Rico",670329,2026,100,91,31,31.0,9.0,0.099,0.231,0.18,0.411,0.132,0.105,0.191,0.316,0.185,0.256,0.264,0.125,0.212,0.329,0.15,0.29,85.5,23.3,6.7,33.3,93.029226167,37.9
"Valdez, Framber",664285,2026,317,282,59,18.6,8.5,0.245,0.365,0.322,0.687,0.12,0.284,0.257,0.41,0.31,0.328,0.334,0.153,0.333,0.359,0.307,0.323,90.1,30.2,6.2,42.7,94.645637285,21.6
"Walker, Taijuan",592836,2026,115,102,17,14.8,9.6,0.353,0.657,0.417,1.074,0.304,0.359,0.312,0.582,0.458,0.411,0.383,0.27,0.514,0.452,0.419,0.372,87.5,37.2,2.3,36.0,93.579713529,16.8
"Bruihl, Justin",677865,2026,132,107,20,15.2,9.8,0.262,0.383,0.359,0.742,0.121,0.289,0.272,0.391,0.333,0.346,0.375,0.119,0.327,0.346,0.304,0.327,87.9,36.6,7.5,43.0,94.131900989,19.2
"Cameron, Noah",702070,2026,275,255,63,22.9,6.2,0.239,0.384,0.284,0.668,0.145,0.291,0.254,0.424,0.293,0.313,0.299,0.17,0.353,0.38,0.313,0.334,89.5,37.9,8.7,41.0,94.586556875,24.3
"Moll, Sam",594580,2026,121,100,31,25.6,11.6,0.2,0.31,0.319,0.629,0.11,0.254,0.208,0.328,0.29,0.306,0.337,0.12,0.317,0.348,0.286,0.313,87.4,23.9,4.2,29.6,93.427617049,25.4
"Singer, Brady",663903,2026,258,234,42,16.3,7.4,0.316,0.59,0.374,0.964,0.274,0.324,0.291,0.537,0.415,0.383,0.355,0.245,0.472,0.431,0.383,0.358,91.7,37.1,7.7,43.3,95.362441828,22.6
"Lugo, Seth",607625,2026,321,292,64,19.9,7.5,0.271,0.428,0.326,0.754,0.157,0.323,0.28,0.487,0.332,0.355,0.336,0.207,0.384,0.416,0.343,0.357,90.1,40.5,6.9,41.4,94.586709386,18.1
"Bubic, Kris",663460,2026,207,180,51,24.6,12.6,0.2,0.322,0.304,0.626,0.122,0.256,0.24,0.395,0.288,0.328,0.34,0.155,0.315,0.379,0.279,0.336,89.4,38.8,5.4,39.5,94.143149606,26.1
"Anderson, Drew",623454,2026,181,160,52,28.7,9.9,0.225,0.388,0.306,0.694,0.163,0.291,0.197,0.318,0.307,0.272,0.284,0.121,0.388,0.331,0.33,0.295,90.6,25.5,5.5,40.9,94.534232804,29.6
"Woodruff, Brandon",605540,2026,121,111,25,20.7,5.8,0.216,0.369,0.264,0.633,0.153,0.238,0.221,0.377,0.275,0.28,0.272,0.156,0.319,0.326,0.273,0.283,89.7,29.5,3.4,33.0,93.478746552,22.8
"Maton, Phil",664208,2026,97,80,23,23.7,11.3,0.3,0.512,0.396,0.908,0.212,0.375,0.262,0.432,0.394,0.358,0.372,0.169,0.474,0.414,0.407,0.368,89.0,38.3,3.3,43.3,94.511551525,25.8
"Peralta, Wandy",593974,2026,128,112,20,15.6,10.9,0.25,0.384,0.344,0.728,0.134,0.281,0.258,0.384,0.329,0.329,0.351,0.126,0.335,0.335,0.304,0.314,88.8,37.0,8.7,37.0,93.707557473,23.3
"Banda, Anthony",607455,2026,122,103,26,21.3,9.8,0.223,0.379,0.339,0.718,0.156,0.28,0.227,0.356,0.327,0.319,0.343,0.128,0.347,0.336,0.299,0.305,90.7,28.2,5.1,39.7,94.376753867,26.8
"Martin, Davis",663436,2026,288,267,73,25.3,5.9,0.236,0.337,0.288,0.625,0.101,0.313,0.256,0.378,0.281,0.302,0.307,0.122,0.342,0.375,0.323,0.352,90.0,34.9,5.6,45.1,94.814035185,27.8
"Arrighetti, Spencer",681293,2026,243,200,53,21.8,12.8,0.185,0.26,0.322,0.582,0.075,0.234,0.236,0.373,0.281,0.34,0.367,0.137,0.263,0.36,0.25,0.323,87.2,36.2,6.0,29.5,92.492324459,25.6
"Lange, Alex",656638,2026,128,108,33,25.8,12.5,0.231,0.38,0.344,0.724,0.149,0.311,0.232,0.405,0.327,0.333,0.344,0.173,0.375,0.384,0.329,0.329,90.8,36.8,3.9,42.1,95.169367733,31.5
"Johnson, Pierce",572955,2026,92,82,20,21.7,8.7,0.232,0.427,0.297,0.724,0.195,0.267,0.291,0.539,0.316,0.381,0.352,0.248,0.367,0.464,0.302,0.383,90.3,43.8,3.1,35.9,94.027962295,24.4
"Lee, Dylan",669276,2026,111,105,38,34.2,4.5,0.133,0.238,0.171,0.409,0.105,0.194,0.175,0.256,0.181,0.214,0.214,0.082,0.244,0.298,0.206,0.276,86.9,33.8,8.8,32.4,92.853820455,38.3
"Early, Connelly",813349,2026,300,264,69,23.0,9.0,0.227,0.398,0.311,0.709,0.171,0.259,0.241,0.437,0.316,0.333,0.324,0.195,0.362,0.387,0.305,0.325,90.7,35.4,7.1,42.9,94.799942332,23.1
"Ashby, Aaron",676879,2026,172,150,56,32.6,11.0,0.24,0.347,0.331,0.678,0.107,0.359,0.209,0.308,0.307,0.277,0.304,0.099,0.404,0.349,0.379,0.33,88.9,29.5,5.3,43.2,94.940961277,32.6
"Klein, Will",694361,2026,111,101,30,27.0,8.1,0.228,0.287,0.297,0.584,0.059,0.314,0.232,0.298,0.262,0.265,0.303,0.066,0.323,0.33,0.324,0.333,90.0,36.6,2.8,36.6,94.531510145,21.8
"Sasaki, Roki",808963,2026,247,221,60,24.3,8.5,0.235,0.43,0.313,0.743,0.195,0.278,0.24,0.413,0.329,0.322,0.317,0.174,0.393,0.382,0.323,0.33,89.8,33.3,4.9,45.1,94.586634,29.4
"Ureña, Walbert",700712,2026,242,204,55,22.7,13.6,0.206,0.309,0.322,0.631,0.103,0.259,0.196,0.3,0.292,0.286,0.317,0.104,0.303,0.293,0.278,0.269,87.2,25.8,4.6,32.5,93.302819597,28.1
"Rogers, Tyler",643511,2026,119,108,18,15.1,8.4,0.194,0.222,0.263,0.485,0.028,0.233,0.221,0.256,0.216,0.24,0.288,0.035,0.222,0.253,0.233,0.267,83.6,22.0,1.1,22.0,91.881920341,14.9
"Morejon, Adrian",670970,2026,141,132,41,29.1,5.0,0.227,0.311,0.27,0.581,0.084,0.311,0.224,0.304,0.261,0.255,0.267,0.08,0.338,0.33,0.326,0.323,86.1,31.5,5.4,31.5,93.100953077,34.8
"Ramírez, Yohan",670990,2026,162,137,41,25.3,11.1,0.219,0.387,0.34,0.727,0.168,0.283,0.23,0.332,0.313,0.297,0.349,0.102,0.372,0.346,0.313,0.328,84.3,32.3,3.1,31.3,92.531715789,26.8
"Lawrence, Justin",664875,2026,126,103,31,24.6,13.5,0.233,0.427,0.373,0.8,0.194,0.294,0.26,0.415,0.358,0.363,0.395,0.155,0.405,0.414,0.333,0.373,89.3,40.3,1.4,40.3,94.361635278,26.2
"Wacha, Michael",608379,2026,327,296,67,20.5,8.0,0.223,0.389,0.292,0.681,0.166,0.259,0.251,0.419,0.301,0.322,0.318,0.168,0.34,0.369,0.288,0.325,88.8,34.6,8.2,38.1,93.799501106,23.6
"Civale, Aaron",650644,2026,246,224,39,15.9,6.9,0.29,0.513,0.34,0.853,0.223,0.303,0.277,0.48,0.368,0.35,0.332,0.203,0.415,0.39,0.348,0.337,91.0,35.6,6.9,47.9,94.819368342,18.7
"Gilbert, Logan",669302,2026,321,296,82,25.5,5.9,0.226,0.426,0.28,0.706,0.2,0.266,0.249,0.424,0.309,0.317,0.303,0.176,0.383,0.396,0.31,0.344,90.8,41.7,8.3,45.8,94.920356698,29.1
"Leiter Jr., Mark",643410,2026,120,108,30,25.0,8.3,0.269,0.37,0.333,0.703,0.101,0.351,0.279,0.387,0.313,0.322,0.344,0.108,0.382,0.395,0.367,0.383,87.0,40.5,2.5,31.6,92.845283671,28.3
"Raley, Brooks",548384,2026,103,88,29,28.2,10.7,0.205,0.307,0.304,0.611,0.102,0.276,0.209,0.34,0.278,0.292,0.311,0.131,0.327,0.351,0.3,0.312,87.1,39.3,11.5,29.5,92.974957586,26.4
"Bello, Brayan",678394,2026,282,252,44,15.6,8.5,0.31,0.484,0.367,0.851,0.174,0.337,0.307,0.513,0.372,0.377,0.365,0.206,0.41,0.417,0.368,0.366,90.6,33.3,7.0,44.1,95.410818469,24.5
"Doval, Camilo",666808,2026,103,96,21,20.4,3.9,0.26,0.427,0.282,0.709,0.167,0.284,0.233,0.35,0.305,0.264,0.259,0.118,0.367,0.313,0.321,0.29,90.7,20.5,5.1,48.7,94.928334026,26.3
"Teng, Kai-Wei",678906,2026,215,187,49,22.8,11.2,0.219,0.369,0.321,0.69,0.15,0.265,0.237,0.358,0.313,0.314,0.337,0.121,0.344,0.346,0.297,0.322,90.3,33.3,7.2,39.9,94.469078029,25.3
"Kay, Anthony",641743,2026,279,238,46,16.5,9.3,0.265,0.445,0.356,0.801,0.18,0.285,0.282,0.465,0.355,0.372,0.376,0.183,0.372,0.398,0.321,0.349,89.6,33.0,3.0,41.6,94.839667813,20.2
"Latz, Jacob",656641,2026,106,99,29,27.4,5.7,0.121,0.232,0.17,0.402,0.111,0.145,0.17,0.316,0.181,0.243,0.221,0.146,0.211,0.303,0.169,0.246,90.0,18.3,12.7,45.1,94.435611408,30.0
"Pérez, Eury",691587,2026,265,231,72,27.2,10.6,0.221,0.437,0.317,0.754,0.216,0.268,0.232,0.46,0.333,0.346,0.329,0.228,0.406,0.427,0.319,0.339,89.1,37.5,8.1,42.5,94.707257987,29.1
"Lopez, Jacob",682052,2026,243,204,38,15.6,13.6,0.294,0.505,0.386,0.891,0.211,0.308,0.231,0.357,0.388,0.311,0.333,0.126,0.414,0.305,0.353,0.279,85.1,32.6,7.6,31.4,92.829125706,19.4
"Phillips, Connor",683175,2026,133,101,28,21.1,21.1,0.208,0.356,0.391,0.747,0.148,0.254,0.24,0.407,0.349,0.378,0.418,0.168,0.332,0.384,0.284,0.332,89.8,37.8,6.8,40.5,94.120155676,26.8
"Fuentes, Didier",800311,2026,107,94,30,28.0,8.4,0.202,0.277,0.28,0.557,0.075,0.277,0.21,0.31,0.257,0.272,0.289,0.101,0.298,0.324,0.288,0.302,88.5,27.3,4.5,31.8,93.033497692,26.5
"Dreyer, Jack",676263,2026,101,93,27,26.7,5.9,0.194,0.323,0.25,0.573,0.129,0.238,0.222,0.368,0.257,0.284,0.276,0.146,0.315,0.355,0.273,0.313,89.5,26.9,6.0,40.3,94.566064154,25.8
"De Jesus, Enmanuel",646241,2026,116,102,25,21.6,10.3,0.245,0.343,0.325,0.668,0.098,0.316,0.25,0.388,0.303,0.319,0.329,0.138,0.339,0.363,0.325,0.331,90.5,38.0,11.4,43.0,94.471878701,23.2
"Loáisiga, Jonathan",642528,2026,98,86,16,16.3,7.1,0.256,0.349,0.313,0.662,0.093,0.296,0.251,0.389,0.287,0.31,0.315,0.138,0.316,0.346,0.306,0.308,89.0,25.7,8.1,40.5,94.506040986,21.3
"Woods Richardson, Simeon",680573,2026,240,210,29,12.1,10.4,0.314,0.519,0.391,0.91,0.205,0.329,0.28,0.468,0.398,0.364,0.362,0.189,0.416,0.372,0.363,0.325,90.6,32.1,6.5,45.1,95.036781944,18.8
"Lowder, Rhett",695076,2026,182,158,31,17.0,12.6,0.234,0.342,0.335,0.677,0.108,0.28,0.27,0.419,0.31,0.35,0.368,0.149,0.312,0.37,0.291,0.338,90.5,34.6,5.5,40.2,94.469734715,19.2
"Márquez, Germán",608566,2026,128,114,19,14.8,9.4,0.272,0.526,0.344,0.87,0.254,0.261,0.274,0.508,0.377,0.367,0.345,0.235,0.407,0.394,0.323,0.325,89.1,33.3,9.4,45.8,94.690062421,19.5
"Silseth, Chase",681217,2026,99,81,23,23.2,15.2,0.21,0.321,0.337,0.658,0.111,0.276,0.202,0.336,0.301,0.3,0.331,0.134,0.316,0.314,0.288,0.278,86.1,36.7,6.7,28.3,92.758726949,32.8
"Erceg, Lucas",668674,2026,112,96,21,18.8,14.3,0.323,0.469,0.42,0.889,0.146,0.397,0.256,0.354,0.396,0.326,0.363,0.097,0.442,0.337,0.413,0.328,87.0,33.3,4.0,38.7,94.201546622,20.8
"De Los Santos, Enyel",660853,2026,112,106,28,25.0,4.5,0.208,0.321,0.243,0.564,0.113,0.263,0.227,0.352,0.251,0.269,0.262,0.125,0.312,0.338,0.282,0.309,89.3,38.0,11.4,39.2,94.034865385,28.7
"Gausman, Kevin",592332,2026,325,304,79,24.3,4.3,0.24,0.391,0.273,0.664,0.151,0.292,0.241,0.396,0.291,0.294,0.276,0.155,0.364,0.369,0.32,0.325,88.1,32.0,6.1,37.7,94.332002907,27.0
"Assad, Javier",665871,2026,129,117,19,14.7,6.2,0.231,0.385,0.283,0.668,0.154,0.242,0.271,0.429,0.295,0.331,0.324,0.158,0.315,0.361,0.273,0.325,90.9,33.7,10.9,50.5,95.030006566,14.7
"Griffin, Foster",656492,2026,297,268,69,23.2,7.1,0.216,0.41,0.287,0.697,0.194,0.237,0.244,0.442,0.308,0.327,0.312,0.198,0.361,0.389,0.29,0.327,88.6,36.3,5.0,38.3,94.342946919,24.5
"Rodriguez, Grayson",680570,2026,111,96,23,20.7,11.7,0.302,0.542,0.378,0.92,0.24,0.352,0.306,0.547,0.393,0.391,0.382,0.241,0.464,0.462,0.387,0.392,91.9,37.3,9.3,52.0,95.739012133,22.0
"Nunez, Anthony",689296,2026,140,125,36,25.7,8.6,0.232,0.416,0.304,0.72,0.184,0.286,0.234,0.42,0.316,0.315,0.306,0.187,0.391,0.39,0.326,0.328,89.1,39.6,6.6,41.8,94.326371705,34.9
"Hancock, Emerson",676106,2026,292,270,73,25.0,5.8,0.204,0.348,0.26,0.608,0.144,0.239,0.252,0.45,0.271,0.327,0.305,0.198,0.325,0.408,0.278,0.345,90.4,32.3,7.1,44.9,94.98574699,23.5
"Ginn, J.T.",669372,2026,290,254,65,22.4,10.3,0.205,0.339,0.298,0.637,0.134,0.242,0.232,0.364,0.29,0.307,0.322,0.132,0.314,0.341,0.274,0.31,88.3,28.8,5.8,37.7,93.930596349,27.2
"Festa, Matt",670036,2026,122,110,32,26.2,6.6,0.218,0.409,0.287,0.696,0.191,0.257,0.211,0.39,0.307,0.294,0.28,0.18,0.375,0.355,0.304,0.294,86.7,36.7,6.3,36.7,93.212588734,28.6
"Brazobán, Huascar",623211,2026,132,114,26,19.7,11.4,0.167,0.281,0.267,0.548,0.114,0.195,0.198,0.278,0.25,0.263,0.295,0.08,0.247,0.265,0.213,0.254,83.5,22.2,4.4,22.2,91.999006705,25.6
"Warren, Austin",681810,2026,91,80,23,25.3,9.9,0.2,0.338,0.286,0.624,0.138,0.25,0.248,0.385,0.281,0.315,0.328,0.137,0.32,0.374,0.276,0.343,90.4,48.3,6.9,41.4,94.00019069,27.7
"Mize, Casey",663554,2026,185,170,49,26.5,6.5,0.2,0.318,0.254,0.572,0.118,0.264,0.202,0.321,0.255,0.258,0.258,0.119,0.31,0.314,0.276,0.283,86.8,29.3,6.5,33.3,93.294824262,28.5
"Abbott, Andrew",671096,2026,322,286,53,16.5,10.2,0.252,0.388,0.327,0.715,0.136,0.276,0.266,0.428,0.32,0.338,0.343,0.161,0.339,0.365,0.306,0.327,89.8,31.5,6.8,39.1,94.103541441,21.5
"Sugano, Tomoyuki",608372,2026,287,260,39,13.6,7.0,0.262,0.485,0.314,0.799,0.223,0.262,0.315,0.582,0.344,0.411,0.37,0.267,0.369,0.453,0.301,0.373,91.1,39.4,5.3,46.5,95.412527522,16.7
"Junk, Janson",676083,2026,255,238,43,16.9,5.1,0.273,0.441,0.311,0.752,0.168,0.302,0.256,0.411,0.328,0.31,0.298,0.154,0.373,0.35,0.33,0.314,89.9,28.9,8.6,41.6,94.722669372,18.0
"Kuhnel, Joel",669270,2026,119,108,19,16.0,5.9,0.269,0.435,0.319,0.754,0.166,0.287,0.276,0.409,0.33,0.326,0.328,0.133,0.362,0.356,0.319,0.33,88.3,28.6,7.7,37.4,93.697468901,23.6
"Alexander, Tyler",641302,2026,118,104,21,17.8,7.6,0.279,0.375,0.345,0.72,0.096,0.329,0.237,0.327,0.324,0.285,0.307,0.091,0.355,0.301,0.345,0.293,86.9,24.4,4.7,31.4,93.028483571,17.1
"Meyer, Max",676974,2026,325,289,86,26.5,8.9,0.197,0.315,0.281,0.596,0.118,0.254,0.231,0.384,0.272,0.309,0.312,0.153,0.314,0.373,0.279,0.328,90.4,29.8,3.9,43.9,94.65394601,30.0
"Weathers, Ryan",677960,2026,285,264,79,27.7,7.0,0.231,0.405,0.285,0.69,0.174,0.279,0.244,0.446,0.305,0.321,0.298,0.202,0.392,0.418,0.33,0.349,89.5,31.7,7.0,42.5,94.988279185,27.1
"Miller, Bryce",682243,2026,99,93,29,29.3,5.1,0.172,0.29,0.214,0.504,0.118,0.226,0.178,0.271,0.22,0.214,0.22,0.093,0.289,0.281,0.25,0.259,85.6,29.2,4.6,24.6,91.861134762,29.3
"O'Brien, Riley",676617,2026,123,109,31,25.2,5.7,0.248,0.303,0.32,0.623,0.055,0.333,0.249,0.364,0.287,0.312,0.326,0.115,0.335,0.374,0.342,0.352,87.8,32.5,7.5,38.8,94.128369211,28.4
"Cano, Yennier",666974,2026,80,76,16,20.0,3.8,0.184,0.263,0.225,0.488,0.079,0.22,0.234,0.409,0.221,0.296,0.272,0.175,0.247,0.347,0.233,0.297,88.4,23.3,5.0,43.3,94.249823167,25.2
"Cease, Dylan",656302,2026,280,249,103,36.8,9.6,0.209,0.301,0.293,0.594,0.092,0.331,0.206,0.304,0.274,0.272,0.292,0.098,0.377,0.376,0.354,0.354,86.9,32.7,5.4,37.4,93.901813172,38.0
"Imanaga, Shota",684007,2026,308,285,74,24.0,6.2,0.221,0.456,0.276,0.732,0.235,0.236,0.232,0.427,0.318,0.31,0.287,0.194,0.389,0.377,0.297,0.313,89.5,34.0,6.6,41.5,94.312411048,30.3
"Rolison, Ryan",669020,2026,92,78,22,23.9,13.0,0.218,0.359,0.319,0.678,0.141,0.259,0.237,0.366,0.307,0.321,0.339,0.129,0.342,0.365,0.298,0.331,90.0,31.0,10.3,44.8,94.268356786,19.6
"Patrick, Chad",694477,2026,210,185,41,19.5,10.0,0.222,0.324,0.3,0.624,0.102,0.273,0.252,0.366,0.279,0.305,0.327,0.114,0.303,0.339,0.283,0.321,89.1,35.1,6.8,39.2,94.197865664,26.5
"Mikolas, Miles",571945,2026,262,243,38,14.5,6.1,0.272,0.49,0.313,0.803,0.218,0.268,0.271,0.498,0.347,0.347,0.314,0.227,0.383,0.384,0.317,0.318,89.5,31.7,6.7,43.3,95.066841182,16.6
"Fisher, Braydon",680755,2026,134,118,37,27.6,9.7,0.178,0.305,0.269,0.574,0.127,0.228,0.214,0.342,0.259,0.296,0.306,0.128,0.3,0.359,0.256,0.317,88.2,30.5,4.9,39.0,93.679953537,30.6
"Sisk, Evan",681895,2026,111,96,34,30.6,9.0,0.208,0.292,0.3,0.592,0.084,0.306,0.172,0.258,0.274,0.244,0.268,0.087,0.333,0.28,0.317,0.261,86.1,28.1,4.7,31.3,92.687484921,27.9
"Young, Brandon",687064,2026,214,191,37,17.3,7.9,0.257,0.398,0.315,0.713,0.141,0.283,0.259,0.441,0.314,0.332,0.322,0.182,0.344,0.368,0.31,0.32,89.6,35.4,8.2,42.4,94.643784586,21.3
"Weiss, Ryan",680802,2026,131,111,30,22.9,15.3,0.315,0.568,0.42,0.988,0.253,0.37,0.269,0.488,0.429,0.38,0.381,0.218,0.521,0.441,0.432,0.369,90.3,39.5,8.6,49.4,95.266850247,23.7
"Anderson, Grant",681982,2026,109,99,23,21.1,9.2,0.192,0.364,0.266,0.63,0.172,0.219,0.202,0.325,0.276,0.265,0.275,0.123,0.309,0.293,0.25,0.263,87.5,32.9,6.6,36.8,93.390287368,21.7
"Keller, Mitch",656605,2026,305,276,55,18.0,7.5,0.243,0.362,0.308,0.67,0.119,0.284,0.278,0.418,0.301,0.333,0.341,0.14,0.326,0.37,0.3,0.345,88.0,37.7,7.2,39.0,94.015473682,20.9
"Kerkering, Orion",689147,2026,109,96,29,26.6,10.1,0.198,0.323,0.287,0.61,0.125,0.262,0.169,0.27,0.278,0.246,0.262,0.101,0.322,0.27,0.284,0.243,81.8,26.5,2.9,22.1,91.647399394,26.4
"Vest, Will",676684,2026,91,81,23,25.3,8.8,0.272,0.395,0.344,0.739,0.123,0.357,0.227,0.366,0.332,0.299,0.305,0.139,0.406,0.356,0.379,0.318,89.1,20.3,3.4,37.3,94.419797368,29.7
"Strider, Spencer",675911,2026,148,127,43,29.1,12.8,0.213,0.433,0.311,0.744,0.22,0.263,0.178,0.326,0.326,0.276,0.284,0.147,0.407,0.32,0.314,0.268,89.3,34.9,5.8,36.0,93.785985529,31.1
"Marinaccio, Ron",676760,2026,140,129,30,21.4,7.1,0.248,0.411,0.307,0.718,0.163,0.295,0.246,0.405,0.317,0.311,0.305,0.159,0.37,0.362,0.323,0.321,88.1,30.3,5.1,39.4,93.947668788,27.2
"Paddack, Chris",663978,2026,224,202,37,16.5,7.6,0.317,0.485,0.372,0.857,0.168,0.352,0.272,0.441,0.376,0.338,0.334,0.169,0.422,0.372,0.383,0.332,89.2,34.5,7.7,39.3,94.265869634,22.2
"Wheeler, Zack",554430,2026,213,198,53,24.9,5.6,0.182,0.338,0.235,0.573,0.156,0.209,0.221,0.368,0.254,0.284,0.274,0.147,0.303,0.347,0.247,0.304,87.7,34.9,4.1,37.0,93.539639517,26.6
"Ferrer, José A.",678606,2026,132,120,26,19.7,5.3,0.275,0.367,0.331,0.698,0.092,0.337,0.218,0.319,0.315,0.267,0.278,0.101,0.359,0.294,0.351,0.278,85.7,27.1,2.1,35.4,93.10051617,21.7
"Soroka, Michael",647336,2026,306,283,72,23.5,5.6,0.24,0.375,0.292,0.667,0.135,0.301,0.253,0.406,0.296,0.312,0.305,0.153,0.356,0.379,0.321,0.339,87.7,37.1,6.1,33.3,93.461021611,22.1
"Uribe, Abner",682842,2026,100,89,25,25.0,10.0,0.213,0.303,0.293,0.596,0.09,0.274,0.225,0.306,0.265,0.268,0.303,0.081,0.314,0.318,0.297,0.313,87.9,32.3,1.5,32.3,92.957100156,25.0
"Eovaldi, Nathan",543135,2026,337,309,77,22.8,5.9,0.243,0.43,0.301,0.731,0.187,0.275,0.258,0.451,0.322,0.335,0.316,0.193,0.385,0.404,0.322,0.344,89.1,29.5,4.7,41.5,94.347080429,30.0
"Webb, Logan",657277,2026,278,254,58,20.9,6.8,0.24,0.343,0.303,0.646,0.103,0.297,0.26,0.381,0.292,0.312,0.322,0.121,0.329,0.358,0.311,0.338,90.6,30.1,5.1,46.4,95.109572474,21.0
"Ashcraft, Braxton",677952,2026,322,293,86,26.7,5.3,0.235,0.365,0.287,0.652,0.13,0.299,0.218,0.332,0.289,0.273,0.275,0.114,0.361,0.336,0.325,0.308,89.9,30.5,5.2,38.5,94.243372095,27.8
"Hill, Jaden",677955,2026,109,93,25,22.9,12.8,0.258,0.376,0.352,0.728,0.118,0.328,0.255,0.375,0.325,0.321,0.349,0.12,0.372,0.365,0.348,0.344,90.1,34.8,4.3,40.6,94.100643971,29.7
"Pérez, Martín",527048,2026,225,199,47,20.9,8.9,0.201,0.367,0.277,0.644,0.166,0.228,0.244,0.389,0.285,0.317,0.321,0.144,0.312,0.358,0.258,0.322,89.0,36.5,5.8,39.7,94.262210263,22.3
"Crochet, Garrett",676979,2026,138,122,37,26.8,8.0,0.27,0.467,0.35,0.817,0.197,0.35,0.262,0.442,0.361,0.345,0.344,0.18,0.457,0.432,0.388,0.379,89.6,41.9,9.3,45.3,94.816238434,24.0
"Kirby, George",669923,2026,323,302,64,19.8,5.6,0.272,0.384,0.316,0.7,0.112,0.323,0.255,0.37,0.312,0.296,0.301,0.115,0.362,0.341,0.343,0.323,89.3,29.3,3.3,41.4,94.166458571,20.9
"Schreiber, John",670167,2026,106,91,17,16.0,10.4,0.231,0.418,0.314,0.732,0.187,0.236,0.268,0.455,0.311,0.337,0.347,0.187,0.334,0.369,0.276,0.322,89.6,39.0,7.8,39.0,94.268024054,19.0
"Warren, Will",701542,2026,291,264,75,25.8,7.2,0.231,0.356,0.291,0.647,0.125,0.293,0.231,0.363,0.289,0.292,0.293,0.132,0.353,0.357,0.319,0.322,90.2,32.8,7.8,39.6,94.728595654,23.3
"Williamson, Brandon",682227,2026,128,102,19,14.8,15.6,0.255,0.431,0.383,0.814,0.176,0.268,0.276,0.486,0.363,0.389,0.404,0.211,0.351,0.391,0.302,0.334,88.1,34.9,3.5,41.9,94.091964302,24.1
"Abel, Mick",690953,2026,93,80,23,24.7,10.8,0.275,0.35,0.376,0.726,0.075,0.386,0.274,0.413,0.331,0.35,0.375,0.139,0.385,0.415,0.386,0.384,87.7,42.1,5.3,40.4,94.005191091,28.8
"Skenes, Paul",694973,2026,303,280,89,29.4,5.0,0.2,0.318,0.249,0.567,0.118,0.267,0.201,0.312,0.253,0.25,0.25,0.112,0.325,0.32,0.29,0.292,87.2,33.5,5.2,34.5,93.482677592,27.0
"Parker, Mitchell",680730,2026,139,126,28,20.1,5.8,0.262,0.468,0.316,0.784,0.206,0.286,0.266,0.469,0.344,0.342,0.32,0.203,0.405,0.402,0.337,0.342,90.7,34.7,8.9,41.6,95.083995532,28.3
"Messick, Parker",800048,2026,295,270,78,26.4,7.5,0.215,0.348,0.276,0.624,0.133,0.27,0.234,0.362,0.277,0.291,0.295,0.127,0.341,0.362,0.301,0.33,87.5,35.6,5.2,34.5,93.557465053,27.9
"Blubaugh, AJ",805123,2026,182,152,37,20.3,13.2,0.204,0.349,0.309,0.658,0.145,0.228,0.218,0.375,0.297,0.319,0.327,0.157,0.305,0.338,0.261,0.287,89.5,35.8,8.3,35.0,93.560485391,28.4
"King, John",667463,2026,101,88,20,19.8,7.9,0.114,0.227,0.218,0.445,0.113,0.106,0.199,0.344,0.207,0.283,0.293,0.146,0.186,0.296,0.145,0.255,87.7,31.9,5.8,30.4,93.070233382,22.2
"Dollander, Chase",801403,2026,189,164,47,24.9,9.5,0.238,0.409,0.319,0.728,0.171,0.289,0.217,0.387,0.322,0.308,0.305,0.17,0.381,0.358,0.325,0.303,90.6,24.0,9.9,52.1,95.408276218,28.0
"Criswell, Cooper",681867,2026,121,109,23,19.0,6.6,0.257,0.385,0.308,0.693,0.128,0.294,0.24,0.357,0.303,0.286,0.295,0.117,0.346,0.322,0.318,0.3,87.2,22.5,3.4,36.0,93.798142727,22.0
"Miller, Mason",695243,2026,110,97,56,50.9,10.9,0.124,0.124,0.218,0.342,0.0,0.286,0.105,0.127,0.174,0.166,0.202,0.023,0.256,0.236,0.286,0.243,82.6,28.6,2.4,14.3,90.770575714,49.8
"Faucher, Calvin",676534,2026,123,99,30,24.4,17.9,0.232,0.263,0.369,0.632,0.031,0.329,0.247,0.335,0.301,0.328,0.381,0.088,0.31,0.356,0.329,0.349,88.8,31.0,8.5,40.8,94.537714571,25.7
"McLean, Nolan",690997,2026,299,262,82,27.4,9.0,0.202,0.336,0.295,0.631,0.134,0.26,0.215,0.336,0.288,0.29,0.306,0.121,0.337,0.341,0.293,0.311,86.6,35.2,7.1,35.7,93.519802056,24.4
"Richards, Trevor",670950,2026,83,78,16,19.3,6.0,0.205,0.397,0.253,0.65,0.192,0.207,0.239,0.414,0.285,0.303,0.285,0.175,0.325,0.349,0.258,0.301,90.1,33.9,11.3,37.1,93.906695806,18.5
"Cabrera, Edward",665795,2026,247,221,53,21.5,8.5,0.276,0.462,0.339,0.801,0.186,0.314,0.262,0.442,0.351,0.336,0.328,0.18,0.415,0.394,0.359,0.343,91.6,34.5,5.8,40.9,95.13290131,27.6
"Williams, Devin",642207,2026,94,78,33,35.1,14.9,0.244,0.397,0.359,0.756,0.153,0.395,0.186,0.301,0.338,0.28,0.31,0.115,0.481,0.363,0.422,0.323,89.1,34.0,2.1,27.7,93.297077333,41.1
"Cavalli, Cade",676917,2026,313,274,76,24.3,8.0,0.274,0.372,0.353,0.725,0.098,0.357,0.254,0.394,0.328,0.327,0.337,0.14,0.386,0.384,0.373,0.35,89.1,35.6,5.0,39.1,94.222480348,24.4
"Vesia, Alex",681911,2026,88,76,30,34.1,13.6,0.145,0.171,0.261,0.432,0.026,0.239,0.174,0.244,0.216,0.252,0.286,0.071,0.23,0.299,0.239,0.287,87.1,34.8,4.3,32.6,91.971936522,34.9
"Megill, Trevor",656730,2026,97,86,29,29.9,7.2,0.221,0.279,0.284,0.563,0.058,0.328,0.202,0.317,0.258,0.261,0.267,0.115,0.326,0.331,0.328,0.299,90.7,28.3,10.0,43.3,94.455970893,34.8
"Lorenzen, Michael",547179,2026,301,272,48,15.9,7.3,0.364,0.566,0.413,0.979,0.202,0.407,0.315,0.502,0.425,0.379,0.371,0.187,0.484,0.424,0.436,0.381,90.2,38.6,6.1,46.5,95.100324646,20.2
"Mejia, Juan",675848,2026,140,118,33,23.6,12.9,0.297,0.381,0.396,0.777,0.084,0.393,0.24,0.357,0.349,0.315,0.348,0.117,0.409,0.354,0.407,0.33,90.1,33.3,5.7,39.1,94.700977093,28.8
"Ragans, Cole",666142,2026,151,127,45,29.8,15.2,0.213,0.488,0.331,0.819,0.275,0.233,0.218,0.452,0.357,0.345,0.336,0.234,0.456,0.433,0.325,0.335,89.6,32.5,8.4,39.8,94.156201829,31.7
"Schlittler, Cam",693645,2026,317,298,89,28.1,4.4,0.191,0.285,0.229,0.514,0.094,0.256,0.219,0.345,0.229,0.263,0.255,0.126,0.292,0.343,0.27,0.31,88.4,34.3,6.6,41.3,94.2384789,27.5
"Glasnow, Tyler",607192,2026,148,134,49,33.1,8.8,0.149,0.313,0.223,0.536,0.164,0.185,0.18,0.324,0.237,0.252,0.251,0.144,0.307,0.333,0.233,0.28,90.4,30.2,9.3,38.4,93.85257907,29.8
"Brubaker, JT",664141,2026,141,122,25,17.7,12.1,0.23,0.328,0.319,0.647,0.098,0.268,0.267,0.426,0.295,0.343,0.353,0.16,0.3,0.368,0.283,0.331,88.2,39.4,7.1,34.3,93.43605404,22.9
"Nance, Tommy",667297,2026,89,80,26,29.2,9.0,0.225,0.287,0.295,0.582,0.062,0.321,0.245,0.343,0.269,0.295,0.313,0.098,0.334,0.376,0.333,0.362,87.9,30.9,5.5,36.4,93.750182963,26.5
"Romero, JoJo",668941,2026,121,106,29,24.0,9.1,0.236,0.377,0.319,0.696,0.141,0.297,0.264,0.432,0.31,0.339,0.346,0.168,0.365,0.41,0.325,0.365,92.6,36.7,8.9,48.1,96.293693816,23.4
"Matz, Steven",571927,2026,201,179,37,18.4,9.5,0.246,0.464,0.318,0.782,0.218,0.259,0.286,0.506,0.341,0.372,0.357,0.22,0.378,0.422,0.306,0.359,88.8,45.1,6.9,38.2,94.298166736,22.9
"Rea, Colin",607067,2026,304,273,54,17.8,8.2,0.271,0.44,0.34,0.78,0.169,0.301,0.283,0.507,0.345,0.37,0.351,0.224,0.382,0.416,0.336,0.352,90.9,36.2,5.9,43.9,94.865549178,21.1
"Woo, Bryan",693433,2026,306,287,75,24.5,4.6,0.22,0.331,0.258,0.589,0.111,0.269,0.226,0.359,0.26,0.272,0.265,0.133,0.32,0.336,0.293,0.303,89.6,31.6,5.6,44.2,94.581953131,24.5
"Waldron, Matt",663362,2026,110,99,22,20.0,6.4,0.333,0.596,0.385,0.981,0.263,0.384,0.229,0.395,0.421,0.306,0.294,0.166,0.506,0.346,0.423,0.295,89.8,25.3,13.9,39.2,93.650094605,17.8
"Myers, Tobias",668964,2026,134,126,26,19.4,5.2,0.23,0.437,0.271,0.708,0.207,0.245,0.24,0.397,0.305,0.291,0.28,0.158,0.36,0.343,0.29,0.302,90.9,25.7,11.9,43.6,94.668066667,18.6
"Hudson, Bryan",663542,2026,129,105,28,21.7,10.1,0.257,0.276,0.344,0.62,0.019,0.333,0.234,0.303,0.287,0.288,0.328,0.069,0.308,0.31,0.333,0.309,87.8,31.8,3.5,32.9,92.86744975,24.1
"Rogers, Trevor",669432,2026,266,243,44,16.5,7.5,0.284,0.473,0.338,0.811,0.189,0.313,0.27,0.446,0.354,0.337,0.328,0.176,0.395,0.373,0.343,0.33,89.6,35.3,9.5,39.8,94.340385101,21.5
"Baz, Shane",669358,2026,331,290,66,19.9,9.1,0.262,0.438,0.326,0.764,0.176,0.302,0.263,0.431,0.332,0.333,0.333,0.167,0.376,0.379,0.326,0.336,90.5,37.3,8.2,41.2,94.750475603,20.6
"Suárez, Albert",544150,2026,116,103,18,15.5,10.3,0.252,0.437,0.328,0.765,0.185,0.277,0.254,0.426,0.336,0.335,0.332,0.172,0.355,0.355,0.302,0.309,89.4,38.4,11.6,37.2,93.586381205,23.7
"Miles, Spencer",693686,2026,166,152,39,23.5,7.8,0.211,0.309,0.273,0.582,0.098,0.257,0.247,0.373,0.264,0.301,0.307,0.126,0.305,0.358,0.283,0.333,86.5,26.3,4.4,35.1,93.086990089,20.5
"Graceffo, Gordon",700669,2026,121,105,16,13.2,9.1,0.171,0.286,0.256,0.542,0.115,0.169,0.265,0.501,0.244,0.357,0.339,0.236,0.226,0.374,0.196,0.305,92.3,32.6,8.7,46.7,95.399898587,15.2
"Svanson, Matt",694335,2026,129,113,27,20.9,11.6,0.31,0.496,0.395,0.891,0.186,0.37,0.319,0.519,0.393,0.401,0.403,0.2,0.459,0.471,0.407,0.419,92.0,37.2,8.1,51.2,95.991973953,20.2
"Agnos, Zach",688642,2026,185,162,28,15.1,8.6,0.296,0.543,0.359,0.902,0.247,0.308,0.291,0.506,0.383,0.371,0.36,0.215,0.423,0.407,0.348,0.35,89.1,41.7,7.9,43.9,94.331326496,24.4
"Muñoz, Andrés",662253,2026,108,96,37,34.3,9.3,0.24,0.385,0.315,0.7,0.145,0.339,0.245,0.41,0.313,0.327,0.325,0.165,0.434,0.46,0.383,0.401,89.4,33.3,1.7,48.3,95.238360847,42.0
"Sulser, Cole",642121,2026,114,101,22,19.3,8.8,0.287,0.446,0.348,0.794,0.159,0.346,0.25,0.468,0.339,0.329,0.316,0.218,0.401,0.387,0.362,0.317,87.2,35.4,11.0,40.2,94.48756,24.8
"Alvarez, Andrew",674841,2026,103,92,26,25.2,10.7,0.261,0.413,0.34,0.753,0.152,0.344,0.273,0.417,0.335,0.339,0.35,0.145,0.406,0.413,0.364,0.38,90.7,37.9,7.6,45.5,95.406238182,28.4
"McDonald, Trevor",686790,2026,165,147,37,22.4,7.3,0.231,0.347,0.309,0.656,0.116,0.287,0.246,0.35,0.297,0.305,0.326,0.104,0.333,0.345,0.306,0.331,89.8,25.2,5.4,40.5,94.616226606,26.1
"Duran, Jhoan",661395,2026,84,79,33,39.3,6.0,0.203,0.278,0.25,0.528,0.075,0.333,0.201,0.294,0.24,0.243,0.248,0.093,0.362,0.367,0.348,0.344,92.0,28.3,10.9,47.8,95.057238261,40.2
"Headrick, Brent",687396,2026,132,116,35,26.5,9.8,0.241,0.353,0.318,0.671,0.112,0.329,0.232,0.347,0.301,0.291,0.31,0.114,0.371,0.357,0.346,0.334,90.0,39.3,4.8,40.5,94.36374675,30.9
"Sabrowski, Erik",681870,2026,83,69,39,47.0,15.7,0.101,0.174,0.241,0.415,0.073,0.2,0.131,0.244,0.209,0.249,0.273,0.113,0.264,0.373,0.226,0.311,93.5,58.1,16.1,38.7,94.702739355,36.1
"Gómez, Yoendrys",672782,2026,137,116,31,22.6,11.7,0.216,0.397,0.324,0.721,0.181,0.247,0.241,0.453,0.317,0.353,0.355,0.212,0.355,0.415,0.291,0.339,89.3,34.5,9.2,41.3,94.412647308,24.6
"Ohtani, Shohei",660271,2026,233,209,67,28.8,7.7,0.144,0.211,0.224,0.435,0.067,0.199,0.186,0.268,0.206,0.245,0.264,0.082,0.225,0.288,0.21,0.274,87.6,24.3,6.9,37.5,93.469218741,31.3
"Gage, Matt",657424,2026,102,86,19,18.6,12.7,0.209,0.372,0.307,0.679,0.163,0.227,0.236,0.366,0.303,0.316,0.333,0.13,0.311,0.33,0.261,0.3,85.6,30.0,4.3,27.1,92.37735,24.1
"Scholtens, Jesse",669947,2026,164,149,30,18.3,6.7,0.248,0.477,0.311,0.788,0.229,0.259,0.271,0.466,0.34,0.346,0.333,0.195,0.386,0.393,0.308,0.339,88.2,37.5,4.2,37.5,93.700072458,19.3
"Borucki, Ryan",621366,2026,104,92,15,14.4,8.7,0.293,0.478,0.365,0.843,0.185,0.32,0.253,0.373,0.367,0.311,0.33,0.12,0.394,0.32,0.346,0.299,88.3,23.1,2.6,39.7,93.865849231,28.2
"Gordon, Tanner",685299,2026,158,146,35,22.2,5.1,0.322,0.555,0.359,0.914,0.233,0.387,0.262,0.488,0.392,0.339,0.305,0.226,0.493,0.42,0.42,0.345,91.4,36.0,13.2,44.7,94.809849545,25.2
"Matthews, Zebby",805673,2026,122,112,26,21.3,6.6,0.223,0.402,0.287,0.689,0.179,0.247,0.218,0.398,0.305,0.298,0.282,0.18,0.351,0.34,0.291,0.284,89.6,29.1,9.3,38.4,93.996188588,23.8
"Lovelady, Richard",663992,2026,128,104,24,18.8,14.8,0.269,0.413,0.392,0.805,0.144,0.325,0.282,0.419,0.354,0.359,0.405,0.137,0.386,0.394,0.35,0.369,87.0,33.7,3.6,31.3,93.579996795,23.8
"Bachman, Sam",696147,2026,123,106,33,26.8,12.2,0.16,0.255,0.276,0.531,0.095,0.211,0.183,0.262,0.253,0.263,0.297,0.08,0.261,0.28,0.233,0.267,86.1,27.4,8.2,30.1,92.700098169,35.7
"McClanahan, Shane",663556,2026,247,223,59,23.9,8.5,0.202,0.287,0.276,0.563,0.085,0.261,0.23,0.375,0.259,0.301,0.303,0.145,0.29,0.353,0.274,0.314,89.2,31.7,6.1,39.0,94.017030064,27.2
"Ashcraft, Graham",668933,2026,109,93,32,29.4,14.7,0.183,0.312,0.303,0.615,0.129,0.254,0.197,0.307,0.281,0.287,0.322,0.11,0.325,0.341,0.279,0.312,88.9,27.9,4.9,36.1,93.603063636,32.4
"Buehler, Walker",621111,2026,266,241,53,19.9,8.3,0.257,0.361,0.327,0.688,0.104,0.315,0.28,0.427,0.309,0.34,0.348,0.147,0.346,0.389,0.33,0.359,90.5,37.8,6.9,41.0,94.36124234,19.0
"Harris, Hogan",663687,2026,144,118,37,25.7,16.0,0.212,0.305,0.347,0.652,0.093,0.287,0.197,0.283,0.302,0.288,0.336,0.086,0.325,0.301,0.305,0.285,85.2,25.6,1.2,25.6,92.258539753,25.9
"Burke, Brock",656271,2026,138,115,30,21.7,14.5,0.209,0.374,0.328,0.702,0.165,0.253,0.236,0.403,0.309,0.331,0.357,0.167,0.334,0.371,0.279,0.322,88.2,35.6,6.9,32.2,93.3962305,30.0
"Finnegan, Kyle",640448,2026,130,108,20,15.4,16.2,0.231,0.352,0.357,0.709,0.121,0.267,0.232,0.345,0.326,0.322,0.357,0.113,0.311,0.304,0.284,0.285,88.8,27.0,2.2,39.3,94.10388977,24.2
"Yamamoto, Yoshinobu",808967,2026,296,277,73,24.7,5.1,0.202,0.343,0.25,0.593,0.141,0.24,0.239,0.379,0.263,0.291,0.285,0.14,0.318,0.358,0.273,0.323,88.3,30.2,6.8,37.1,94.205283713,29.5
"Yarbrough, Ryan",642232,2026,90,79,16,17.8,10.0,0.19,0.266,0.289,0.555,0.076,0.226,0.201,0.263,0.256,0.257,0.299,0.062,0.249,0.25,0.238,0.252,82.9,36.5,3.2,19.0,91.384279839,21.2
"Pfaadt, Brandon",694297,2026,171,148,31,18.1,9.9,0.27,0.48,0.351,0.831,0.21,0.292,0.259,0.46,0.362,0.352,0.346,0.201,0.398,0.384,0.333,0.327,89.5,35.0,7.5,40.8,94.593213333,24.5
"Prielipp, Connor",687570,2026,191,165,49,25.7,9.4,0.242,0.376,0.319,0.695,0.134,0.313,0.223,0.385,0.31,0.304,0.304,0.162,0.372,0.362,0.336,0.312,89.7,36.4,5.8,36.4,94.060244872,23.1
"Phillips, Tyler",663969,2026,189,164,36,19.0,11.6,0.226,0.323,0.321,0.644,0.097,0.278,0.236,0.356,0.296,0.31,0.33,0.12,0.306,0.326,0.289,0.302,87.7,31.0,5.4,34.9,93.394501746,28.2
"Junis, Jakob",596001,2026,102,95,17,16.7,4.9,0.168,0.221,0.225,0.446,0.053,0.205,0.238,0.35,0.203,0.28,0.291,0.111,0.208,0.308,0.205,0.29,86.2,32.1,5.1,29.5,92.614683205,17.3
"Watson, Ryan",670245,2026,164,143,31,18.9,9.8,0.259,0.462,0.34,0.802,0.203,0.29,0.298,0.545,0.352,0.398,0.378,0.247,0.392,0.459,0.327,0.382,90.7,40.0,3.5,42.6,95.157553964,24.0
"Zeferjahn, Ryan",666171,2026,140,110,38,27.1,15.7,0.182,0.327,0.345,0.672,0.145,0.243,0.193,0.314,0.31,0.311,0.356,0.121,0.329,0.331,0.274,0.294,88.9,30.1,4.1,37.0,93.386241389,30.6
"Bazardo, Eduard",660825,2026,129,112,26,20.2,8.5,0.277,0.402,0.336,0.738,0.125,0.33,0.269,0.426,0.322,0.336,0.339,0.157,0.368,0.388,0.344,0.349,90.9,38.5,5.5,41.8,94.71989382,21.0
"Alcantara, Sandy",645261,2026,374,345,64,17.1,5.9,0.264,0.403,0.319,0.722,0.139,0.299,0.268,0.393,0.321,0.317,0.323,0.125,0.356,0.35,0.324,0.33,88.4,32.6,4.6,37.2,93.802991805,20.9
"Liberatore, Matthew",669461,2026,289,258,61,21.1,9.0,0.287,0.45,0.347,0.797,0.163,0.332,0.283,0.467,0.35,0.354,0.346,0.184,0.411,0.416,0.368,0.366,91.6,39.6,5.4,44.1,95.203365126,22.4
"Leiter, Jack",683004,2026,310,275,76,24.5,10.0,0.24,0.404,0.326,0.73,0.164,0.293,0.248,0.425,0.326,0.334,0.333,0.177,0.384,0.396,0.332,0.343,88.0,37.2,6.0,40.7,94.227229495,25.6
"Senga, Kodai",673540,2026,97,83,23,23.7,13.4,0.313,0.542,0.412,0.954,0.229,0.382,0.247,0.4,0.418,0.339,0.355,0.153,0.511,0.383,0.433,0.341,89.1,43.3,6.7,40.0,93.934487119,29.0
"Clarke, Taylor",664199,2026,106,95,14,13.2,4.7,0.179,0.263,0.229,0.492,0.084,0.193,0.232,0.372,0.217,0.288,0.287,0.14,0.217,0.305,0.202,0.276,86.0,30.6,5.9,30.6,93.01410869,20.1
"Springs, Jeffrey",605488,2026,320,292,63,19.7,7.2,0.253,0.483,0.309,0.792,0.23,0.269,0.245,0.429,0.343,0.322,0.306,0.184,0.397,0.369,0.319,0.314,87.8,34.5,6.0,36.6,93.613473843,21.9
"King, Bryan",687911,2026,122,108,21,17.2,9.0,0.241,0.315,0.328,0.643,0.074,0.291,0.244,0.322,0.294,0.295,0.332,0.077,0.302,0.305,0.299,0.304,87.3,28.7,5.7,37.9,93.17962593,17.9
"Perkins, Jack",678022,2026,144,127,39,27.1,6.3,0.252,0.346,0.326,0.672,0.094,0.341,0.222,0.338,0.305,0.288,0.302,0.116,0.369,0.343,0.356,0.316,89.4,31.1,3.3,34.4,93.836372697,30.3
"Fluharty, Mason",689254,2026,112,99,35,31.3,8.9,0.253,0.343,0.324,0.667,0.09,0.365,0.175,0.282,0.299,0.239,0.255,0.107,0.398,0.296,0.385,0.267,85.4,37.9,3.0,31.8,92.412255385,30.3
"Imai, Tatsuya",837227,2026,150,122,36,24.0,15.3,0.205,0.336,0.349,0.685,0.131,0.247,0.225,0.389,0.32,0.342,0.366,0.164,0.333,0.37,0.291,0.319,91.0,28.7,4.6,47.1,94.888600588,30.2
"Ober, Bailey",641927,2026,281,259,46,16.4,6.4,0.243,0.444,0.297,0.741,0.201,0.254,0.245,0.446,0.325,0.323,0.299,0.201,0.359,0.357,0.296,0.298,87.9,27.6,2.8,32.7,93.476120849,19.6
"Bowlan, Jonathan",680742,2026,82,76,21,25.6,4.9,0.25,0.329,0.28,0.609,0.079,0.321,0.215,0.317,0.269,0.255,0.257,0.102,0.338,0.319,0.333,0.3,86.9,31.6,8.8,35.1,93.021677636,31.4
"Bradley, Taj",671737,2026,284,250,73,25.7,10.2,0.244,0.412,0.325,0.737,0.168,0.306,0.244,0.412,0.327,0.329,0.329,0.167,0.396,0.398,0.341,0.347,91.9,44.4,7.2,47.2,95.238006257,27.1
"Poulin, PJ",676571,2026,106,89,17,16.0,15.1,0.225,0.416,0.349,0.765,0.191,0.235,0.261,0.488,0.34,0.377,0.382,0.227,0.34,0.395,0.278,0.325,92.6,27.8,8.3,50.0,95.972745857,16.0
"Abreu, Bryan",650556,2026,108,80,31,28.7,22.2,0.225,0.45,0.421,0.871,0.225,0.295,0.19,0.366,0.394,0.354,0.395,0.176,0.472,0.385,0.367,0.311,92.2,32.0,8.0,54.0,95.65634551,33.7
"Ryan, Joe",657746,2026,308,285,84,27.3,5.2,0.211,0.34,0.263,0.603,0.129,0.27,0.21,0.362,0.269,0.278,0.265,0.152,0.335,0.348,0.296,0.298,89.6,33.0,4.4,42.9,94.469574527,25.0
"Irvin, Jake",663623,2026,228,199,58,25.4,9.6,0.241,0.397,0.333,0.73,0.156,0.304,0.248,0.457,0.328,0.349,0.34,0.209,0.387,0.421,0.338,0.349,89.7,34.5,9.9,45.8,95.050745461,25.7
"Suarez, Ranger",624133,2026,263,241,63,24.0,7.2,0.228,0.344,0.289,0.633,0.116,0.291,0.249,0.367,0.284,0.3,0.31,0.118,0.335,0.359,0.307,0.338,87.5,40.8,5.0,33.0,93.239528146,23.8
"Scott, Tanner",656945,2026,104,99,32,30.8,2.9,0.192,0.323,0.216,0.539,0.131,0.238,0.238,0.386,0.237,0.279,0.261,0.147,0.33,0.394,0.284,0.352,88.7,33.3,1.4,29.0,93.007111045,32.8
"Varland, Gus",681402,2026,112,96,23,20.5,10.7,0.281,0.406,0.351,0.757,0.125,0.347,0.29,0.462,0.331,0.357,0.363,0.173,0.378,0.416,0.355,0.373,93.2,45.5,7.8,48.1,95.751915676,25.0
"Hoffman, Jeff",656546,2026,133,119,49,36.8,7.5,0.311,0.471,0.376,0.847,0.16,0.493,0.224,0.332,0.366,0.284,0.304,0.108,0.57,0.421,0.521,0.387,87.8,31.0,1.4,31.0,92.859465362,42.3
"Cecconi, Slade",677944,2026,316,285,61,19.3,7.3,0.288,0.439,0.342,0.781,0.151,0.329,0.266,0.434,0.343,0.33,0.324,0.169,0.393,0.376,0.358,0.334,88.0,38.4,5.7,36.2,93.808607345,21.7
"Santillan, Tony",663574,2026,114,100,24,21.1,11.4,0.27,0.56,0.354,0.914,0.29,0.269,0.269,0.518,0.395,0.376,0.354,0.249,0.467,0.439,0.355,0.356,92.3,40.3,7.8,51.9,95.389568533,20.6
"Samaniego, Tyler",701719,2026,90,77,17,18.9,8.9,0.286,0.351,0.364,0.715,0.065,0.35,0.267,0.398,0.326,0.331,0.348,0.13,0.355,0.362,0.361,0.338,90.0,28.6,3.2,36.5,94.453521034,21.6
"Gray, Sonny",543243,2026,233,214,44,18.9,6.9,0.252,0.407,0.313,0.72,0.155,0.293,0.271,0.429,0.32,0.333,0.332,0.157,0.359,0.379,0.318,0.344,88.4,38.8,4.7,35.9,93.803269758,21.7
"Santana, Dennis",642701,2026,124,106,22,17.7,12.9,0.255,0.434,0.363,0.797,0.179,0.296,0.262,0.423,0.353,0.349,0.369,0.161,0.375,0.369,0.321,0.33,88.4,40.5,6.0,38.1,93.64055631,24.7
"Littell, Zack",641793,2026,278,251,39,14.0,7.2,0.255,0.474,0.31,0.784,0.219,0.244,0.281,0.518,0.34,0.373,0.34,0.236,0.364,0.407,0.296,0.334,92.4,33.2,9.2,45.2,95.320558785,16.2
"Wrobleski, Justin",680736,2026,274,257,44,16.1,5.1,0.214,0.307,0.259,0.566,0.093,0.243,0.258,0.411,0.255,0.31,0.301,0.153,0.273,0.344,0.257,0.31,89.9,36.9,7.5,42.5,94.342605943,17.2
"Winn, Keaton",676775,2026,119,108,26,21.8,7.6,0.194,0.306,0.263,0.569,0.112,0.237,0.231,0.363,0.254,0.289,0.297,0.131,0.286,0.336,0.256,0.306,85.9,32.5,6.0,27.7,92.582680247,24.5
"Roupp, Landen",694738,2026,293,259,77,26.3,10.2,0.232,0.347,0.315,0.662,0.115,0.313,0.231,0.318,0.3,0.288,0.315,0.087,0.356,0.337,0.328,0.328,87.7,32.6,5.4,30.4,92.885387877,26.3
"Elder, Bryce",693821,2026,342,311,71,20.8,7.3,0.206,0.309,0.268,0.577,0.103,0.243,0.224,0.331,0.261,0.275,0.285,0.108,0.288,0.307,0.264,0.289,89.4,29.9,7.0,38.9,94.095237208,23.0
"Bassitt, Chris",605135,2026,261,228,37,14.2,8.4,0.307,0.447,0.383,0.83,0.14,0.34,0.284,0.407,0.369,0.344,0.365,0.123,0.387,0.353,0.361,0.337,87.4,29.9,3.1,34.5,93.52001401,21.2
"Burke, Sean",680732,2026,291,262,67,23.0,7.9,0.225,0.378,0.3,0.678,0.153,0.277,0.238,0.37,0.303,0.303,0.312,0.132,0.349,0.35,0.303,0.32,89.2,34.7,6.1,36.2,93.629669375,21.4
"Morillo, Juan",666661,2026,108,93,33,30.6,10.2,0.183,0.269,0.28,0.549,0.086,0.267,0.168,0.249,0.252,0.237,0.267,0.081,0.299,0.273,0.279,0.256,86.8,29.0,6.5,30.6,93.458729344,34.3
"Misiorowski, Jacob",694819,2026,302,272,116,38.4,7.3,0.151,0.21,0.232,0.442,0.059,0.242,0.182,0.254,0.21,0.238,0.26,0.072,0.273,0.327,0.261,0.316,87.2,36.9,8.9,31.8,92.78931329,37.8
"Bernardino, Brennan",657514,2026,114,101,20,17.5,6.1,0.267,0.396,0.321,0.717,0.129,0.309,0.246,0.367,0.314,0.293,0.304,0.121,0.351,0.324,0.325,0.302,84.2,27.4,2.4,22.6,91.692131707,22.6
"Kelly, Merrill",518876,2026,259,229,37,14.3,9.7,0.271,0.524,0.346,0.87,0.253,0.272,0.311,0.599,0.374,0.414,0.383,0.287,0.404,0.456,0.321,0.37,90.6,43.8,6.2,44.8,95.29204526,23.5
"Pallette, Peyton",688883,2026,97,78,22,22.7,16.5,0.218,0.346,0.371,0.717,0.128,0.278,0.25,0.384,0.335,0.357,0.397,0.134,0.341,0.378,0.304,0.348,89.5,35.7,3.6,42.9,94.720014821,28.4
"Davis, Tyler",699823,2026,85,73,18,21.2,11.8,0.178,0.247,0.271,0.518,0.069,0.214,0.218,0.319,0.231,0.271,0.305,0.101,0.238,0.297,0.228,0.28,90.4,29.8,1.8,40.4,94.038025614,22.9
"Hurt, Kyle",669165,2026,83,74,27,32.5,8.4,0.189,0.27,0.268,0.538,0.081,0.283,0.195,0.292,0.244,0.251,0.274,0.096,0.316,0.328,0.298,0.308,89.6,31.3,4.2,35.4,94.032433404,38.7
"Smith, Cade",671922,2026,120,112,46,38.3,4.2,0.241,0.339,0.267,0.606,0.098,0.382,0.203,0.31,0.262,0.242,0.238,0.108,0.411,0.381,0.391,0.345,91.9,34.8,8.7,43.3,94.960908806,36.7
"Nola, Aaron",605400,2026,287,261,68,23.7,7.7,0.284,0.483,0.337,0.82,0.199,0.342,0.26,0.436,0.357,0.326,0.316,0.176,0.442,0.398,0.379,0.349,88.3,37.1,6.6,39.6,94.324865026,25.9
"Farris, Mitch",815083,2026,106,95,25,23.6,10.4,0.263,0.453,0.34,0.793,0.19,0.308,0.254,0.41,0.35,0.326,0.331,0.156,0.42,0.384,0.357,0.345,87.3,40.0,8.6,38.6,93.636337857,27.8
"Canning, Griffin",656288,2026,139,122,33,23.7,12.2,0.254,0.451,0.345,0.796,0.197,0.301,0.242,0.412,0.353,0.33,0.335,0.17,0.417,0.382,0.348,0.332,92.2,33.7,6.7,50.6,95.621399326,25.1
"Estrada, Jeremiah",669093,2026,82,71,23,28.0,12.2,0.183,0.296,0.284,0.58,0.113,0.239,0.213,0.341,0.269,0.295,0.31,0.129,0.307,0.351,0.271,0.315,84.8,34.7,10.2,32.7,92.697711489,33.3
"Sheehan, Emmet",686218,2026,248,227,64,25.8,6.5,0.247,0.463,0.302,0.765,0.216,0.292,0.237,0.407,0.333,0.307,0.296,0.17,0.419,0.381,0.339,0.329,88.5,37.6,4.2,37.6,93.738064756,29.9
"Keller, Brad",641745,2026,121,109,30,24.8,8.3,0.239,0.367,0.314,0.681,0.128,0.293,0.224,0.317,0.308,0.281,0.302,0.092,0.364,0.323,0.329,0.311,85.8,27.8,1.3,32.9,92.792864872,22.5
"Kinley, Tyler",641755,2026,119,108,31,26.1,8.4,0.222,0.398,0.294,0.692,0.176,0.264,0.193,0.346,0.304,0.269,0.268,0.153,0.375,0.321,0.312,0.272,85.0,31.2,6.5,27.3,92.5798875,27.1
"deGrom, Jacob",594798,2026,282,266,84,29.8,5.3,0.207,0.383,0.248,0.631,0.176,0.247,0.235,0.423,0.275,0.301,0.276,0.188,0.369,0.409,0.301,0.343,91.2,39.3,11.5,44.8,94.980437527,33.4
"Shugart, Chase",663767,2026,79,70,23,29.1,6.3,0.2,0.371,0.278,0.649,0.171,0.244,0.202,0.367,0.289,0.289,0.283,0.165,0.357,0.357,0.292,0.299,88.5,25.0,10.4,39.6,94.565631458,22.0
"Gray, Peyton",682608,2026,89,79,21,23.6,7.9,0.215,0.304,0.284,0.588,0.089,0.263,0.241,0.371,0.263,0.296,0.309,0.13,0.304,0.354,0.288,0.325,88.1,28.3,3.3,36.7,93.520326379,26.2
"Okert, Steven",595345,2026,117,103,26,22.2,8.5,0.175,0.301,0.259,0.56,0.126,0.2,0.208,0.368,0.255,0.292,0.29,0.16,0.271,0.327,0.231,0.277,85.2,30.4,2.5,22.8,91.973101842,26.3
"Schultz, Paxton",687606,2026,108,97,26,24.1,6.5,0.268,0.371,0.321,0.692,0.103,0.343,0.257,0.446,0.305,0.326,0.313,0.189,0.376,0.407,0.361,0.35,91.7,37.0,5.5,41.1,94.547255211,19.3
"Suarez, José",660761,2026,154,132,40,26.0,11.0,0.318,0.424,0.401,0.825,0.106,0.446,0.261,0.329,0.368,0.308,0.352,0.068,0.462,0.364,0.452,0.371,88.5,37.9,3.2,32.6,93.18147871,26.8
"McGreevy, Michael",700241,2026,285,268,49,17.2,6.0,0.228,0.381,0.274,0.655,0.153,0.244,0.286,0.506,0.289,0.359,0.329,0.22,0.322,0.413,0.279,0.351,89.2,35.2,5.0,40.6,94.783884279,19.9
"Sterner, Justin",686993,2026,124,115,29,23.4,5.6,0.217,0.348,0.26,0.608,0.131,0.253,0.202,0.309,0.266,0.244,0.249,0.107,0.324,0.294,0.287,0.272,89.6,27.3,8.0,44.3,94.559769398,30.0
"Pomeranz, Drew",519141,2026,100,84,16,16.0,12.0,0.274,0.464,0.374,0.838,0.19,0.292,0.252,0.43,0.357,0.332,0.356,0.178,0.389,0.354,0.333,0.308,87.6,31.4,2.9,34.3,93.629215507,23.1
"Morán, Jovani",663558,2026,134,116,38,28.4,11.2,0.172,0.336,0.269,0.605,0.164,0.2,0.185,0.33,0.27,0.271,0.28,0.145,0.316,0.319,0.25,0.269,88.2,28.7,3.8,30.0,93.518859744,32.5
"Orze, Eric",679358,2026,141,120,28,19.9,10.6,0.25,0.325,0.329,0.654,0.075,0.313,0.248,0.356,0.29,0.303,0.332,0.108,0.315,0.332,0.313,0.317,85.9,39.2,3.1,27.8,92.754760938,23.6
"Taylor, Grant",691799,2026,140,130,51,36.4,6.4,0.208,0.285,0.257,0.542,0.077,0.329,0.183,0.267,0.245,0.228,0.237,0.084,0.35,0.321,0.338,0.303,89.2,30.0,8.8,38.8,93.67298481,30.3
"Severino, Luis",622663,2026,271,236,65,24.0,11.4,0.258,0.432,0.349,0.781,0.174,0.321,0.231,0.388,0.348,0.318,0.326,0.157,0.412,0.365,0.357,0.319,88.8,34.1,7.5,38.7,93.696996959,23.0
"Manaea, Sean",640455,2026,192,167,45,23.4,8.9,0.269,0.437,0.347,0.784,0.168,0.336,0.249,0.397,0.347,0.321,0.329,0.149,0.411,0.372,0.363,0.335,87.8,35.7,4.8,37.3,93.943244274,22.5
"Drohan, Shane",675660,2026,154,141,37,24.0,7.1,0.22,0.34,0.273,0.613,0.12,0.279,0.22,0.357,0.272,0.276,0.273,0.137,0.323,0.328,0.292,0.293,88.6,32.1,5.7,39.6,93.974751048,27.1
"Pallante, Andre",669467,2026,274,246,51,18.6,8.4,0.244,0.378,0.318,0.696,0.134,0.277,0.236,0.385,0.312,0.309,0.312,0.149,0.339,0.335,0.306,0.298,88.1,32.7,5.6,35.7,94.018226094,23.0
"Corbin, Patrick",571578,2026,252,223,40,15.9,7.9,0.283,0.444,0.351,0.795,0.161,0.313,0.291,0.472,0.351,0.365,0.364,0.181,0.378,0.398,0.339,0.357,89.0,38.5,6.4,43.9,94.539692054,20.4
"Luzardo, Jesús",666200,2026,312,282,80,25.6,6.7,0.27,0.415,0.328,0.743,0.145,0.345,0.235,0.36,0.329,0.295,0.299,0.126,0.409,0.358,0.371,0.327,86.4,38.3,6.3,29.6,92.722624059,30.7
"Martinez, Nick",607259,2026,318,299,44,13.8,4.1,0.258,0.385,0.291,0.676,0.127,0.283,0.283,0.445,0.298,0.329,0.316,0.162,0.325,0.363,0.3,0.33,86.8,35.5,3.5,31.7,93.219067891,18.2
"López, Reynaldo",625643,2026,166,146,34,20.5,10.8,0.253,0.432,0.337,0.769,0.179,0.29,0.267,0.435,0.341,0.345,0.35,0.168,0.382,0.389,0.327,0.346,87.2,39.8,8.8,36.3,93.628415586,20.1
"Baker, Bryan",641329,2026,109,97,30,27.5,10.1,0.165,0.258,0.248,0.506,0.093,0.224,0.194,0.294,0.234,0.264,0.279,0.1,0.261,0.31,0.235,0.285,85.8,30.9,5.9,32.4,93.020817794,32.8
"Detmers, Reid",672282,2026,309,275,88,28.5,7.8,0.218,0.345,0.286,0.631,0.127,0.29,0.207,0.323,0.282,0.272,0.279,0.116,0.35,0.333,0.313,0.301,89.2,30.2,4.7,36.5,93.901690579,29.7
"Schultz, Noah",702273,2026,168,139,33,19.6,13.1,0.216,0.396,0.337,0.733,0.18,0.252,0.254,0.44,0.33,0.36,0.371,0.186,0.34,0.387,0.28,0.332,88.8,35.8,3.7,38.5,93.84181434,21.6
"King, Michael",650633,2026,296,260,69,23.3,9.8,0.208,0.342,0.298,0.64,0.134,0.25,0.237,0.405,0.291,0.323,0.325,0.168,0.322,0.372,0.281,0.322,87.5,32.3,4.2,35.4,93.447738032,27.5
"Seymour, Ian",693855,2026,148,126,38,25.7,10.8,0.222,0.413,0.308,0.721,0.191,0.267,0.214,0.399,0.306,0.301,0.307,0.185,0.377,0.369,0.308,0.306,88.0,36.6,8.6,36.6,93.431545909,30.0
"Lodolo, Nick",666157,2026,145,121,25,17.2,9.7,0.281,0.537,0.368,0.905,0.256,0.283,0.283,0.522,0.388,0.391,0.38,0.239,0.425,0.43,0.34,0.356,89.3,37.6,8.9,38.6,94.663337188,22.3
"Suter, Brent",608718,2026,157,142,33,21.0,8.9,0.246,0.408,0.314,0.722,0.162,0.295,0.232,0.37,0.317,0.296,0.302,0.138,0.368,0.338,0.321,0.304,85.0,29.1,7.3,27.3,92.798016058,22.6
"Peralta, Freddy",642547,2026,337,299,79,23.4,9.5,0.237,0.395,0.318,0.713,0.158,0.289,0.235,0.367,0.319,0.306,0.318,0.132,0.37,0.351,0.321,0.32,88.3,35.1,7.2,40.5,94.017131005,28.1
"Bolton, Cody",675989,2026,95,78,22,23.2,14.7,0.269,0.462,0.383,0.845,0.193,0.333,0.276,0.472,0.374,0.38,0.392,0.196,0.431,0.442,0.368,0.383,90.7,36.2,8.6,48.3,95.079233929,19.6
"Senzatela, Antonio",622608,2026,145,132,31,21.4,7.6,0.197,0.28,0.262,0.542,0.083,0.24,0.233,0.34,0.245,0.28,0.295,0.107,0.269,0.319,0.255,0.302,87.4,32.4,5.9,39.2,94.008180495,26.3
"Woodford, Jake",663765,2026,112,102,20,17.9,6.3,0.333,0.48,0.369,0.849,0.147,0.383,0.336,0.479,0.37,0.368,0.372,0.143,0.431,0.427,0.405,0.408,91.0,47.1,7.1,48.2,94.471323214,20.0
"Hurter, Brant",676428,2026,101,86,18,17.8,11.9,0.174,0.267,0.28,0.547,0.093,0.206,0.235,0.332,0.252,0.304,0.339,0.097,0.239,0.314,0.217,0.303,87.5,28.6,4.3,32.9,93.370473134,20.5
"Banks, Tanner",621383,2026,116,105,27,23.3,9.5,0.324,0.429,0.388,0.817,0.105,0.429,0.244,0.344,0.362,0.292,0.316,0.101,0.444,0.341,0.436,0.329,86.7,42.3,10.3,32.1,93.257366447,24.9
"Tolle, Payton",801139,2026,215,198,54,25.1,6.5,0.212,0.318,0.271,0.589,0.106,0.277,0.2,0.295,0.266,0.25,0.26,0.095,0.317,0.294,0.292,0.276,87.3,27.6,2.8,32.4,93.442989783,25.6
"Nardi, Andrew",677053,2026,99,86,27,27.3,11.1,0.244,0.442,0.337,0.779,0.198,0.309,0.241,0.466,0.345,0.349,0.334,0.225,0.43,0.436,0.356,0.351,89.6,31.7,10.0,45.0,95.192862373,30.4
"Sánchez, Cristopher",650911,2026,375,354,113,30.1,4.8,0.229,0.314,0.267,0.581,0.085,0.324,0.217,0.345,0.26,0.264,0.257,0.128,0.347,0.353,0.335,0.319,89.1,29.2,6.2,43.2,94.607284066,33.0
"Sewald, Paul",623149,2026,88,80,26,29.5,6.8,0.138,0.338,0.207,0.545,0.2,0.14,0.165,0.372,0.241,0.264,0.232,0.207,0.297,0.334,0.204,0.244,89.9,40.0,16.4,41.8,94.125727963,28.2
"Mayza, Tim",641835,2026,115,106,27,23.5,6.1,0.208,0.349,0.263,0.612,0.141,0.24,0.237,0.372,0.27,0.288,0.29,0.135,0.323,0.35,0.278,0.318,88.2,30.0,6.3,41.3,93.891148462,24.4
"Milner, Hoby",571948,2026,121,108,15,12.4,5.8,0.241,0.361,0.3,0.661,0.12,0.25,0.304,0.458,0.292,0.358,0.361,0.154,0.298,0.381,0.274,0.351,88.9,34.4,7.3,36.5,93.625802632,17.6
"Kolek, Stephen",663568,2026,172,162,30,17.4,5.2,0.228,0.364,0.273,0.637,0.136,0.252,0.25,0.366,0.283,0.29,0.294,0.116,0.316,0.325,0.28,0.307,88.9,31.1,6.1,37.1,93.829701231,20.7
"Sale, Chris",519242,2026,294,266,86,29.3,6.5,0.211,0.312,0.28,0.592,0.101,0.286,0.228,0.347,0.27,0.289,0.298,0.12,0.335,0.366,0.309,0.339,86.9,37.9,2.7,30.2,92.929261547,29.8
"Wells, Tyler",669330,2026,122,111,28,23.0,5.7,0.252,0.423,0.298,0.721,0.171,0.296,0.253,0.44,0.314,0.321,0.301,0.187,0.381,0.391,0.329,0.334,88.5,36.0,10.5,36.0,93.252218554,27.5
"Soto, Gregory",642397,2026,111,97,34,30.6,10.8,0.134,0.216,0.243,0.459,0.082,0.194,0.177,0.259,0.221,0.254,0.281,0.082,0.233,0.29,0.206,0.272,85.2,25.4,7.9,36.5,93.147904918,27.6
"Iglesias, Raisel",628452,2026,85,81,26,30.6,4.7,0.21,0.284,0.247,0.531,0.074,0.296,0.204,0.276,0.239,0.231,0.242,0.073,0.319,0.307,0.309,0.302,87.6,27.3,5.5,29.1,92.422342963,32.8
"Weaver, Luke",596133,2026,116,105,27,23.3,6.9,0.19,0.276,0.252,0.528,0.086,0.234,0.219,0.37,0.241,0.285,0.278,0.151,0.27,0.334,0.253,0.291,88.6,28.7,2.5,31.3,93.080365769,26.9
"Painter, Andrew",691725,2026,261,234,47,18.0,7.3,0.308,0.496,0.363,0.859,0.188,0.341,0.27,0.457,0.375,0.342,0.33,0.187,0.429,0.385,0.379,0.335,87.1,30.7,5.7,34.9,93.616290789,22.0
"Soriano, George",666277,2026,110,98,23,20.9,9.1,0.214,0.378,0.291,0.669,0.164,0.236,0.23,0.451,0.294,0.328,0.311,0.22,0.329,0.378,0.276,0.305,89.7,25.0,3.9,36.8,94.494400921,31.3
"Williams, Gavin",668909,2026,345,315,99,28.7,8.1,0.213,0.394,0.281,0.675,0.181,0.266,0.244,0.447,0.299,0.329,0.311,0.203,0.38,0.431,0.31,0.359,91.1,33.3,6.0,48.6,95.672188469,30.5
"Brown, Ben",676962,2026,220,200,58,26.4,7.3,0.17,0.205,0.236,0.441,0.035,0.231,0.209,0.308,0.208,0.266,0.276,0.099,0.23,0.319,0.236,0.297,90.3,29.9,5.6,42.4,94.536722,27.6
"Cruz, Fernando",518585,2026,120,103,37,30.8,12.5,0.184,0.272,0.3,0.572,0.088,0.266,0.185,0.301,0.267,0.274,0.3,0.116,0.311,0.323,0.288,0.289,85.7,31.8,4.5,24.2,92.542868308,42.0
"Soriano, José",667755,2026,341,296,87,25.5,11.7,0.209,0.314,0.309,0.623,0.105,0.264,0.235,0.38,0.287,0.321,0.334,0.145,0.322,0.377,0.295,0.335,88.5,33.2,6.6,37.0,93.673605455,33.2
"Avila, Luinder",679883,2026,134,114,28,20.9,14.2,0.272,0.43,0.373,0.803,0.158,0.341,0.228,0.377,0.358,0.325,0.342,0.149,0.398,0.348,0.356,0.307,87.1,32.2,5.7,31.0,93.357038837,23.4
"Burns, Chase",695505,2026,297,273,88,29.6,7.7,0.19,0.337,0.253,0.59,0.147,0.244,0.203,0.347,0.264,0.271,0.266,0.144,0.335,0.35,0.281,0.303,89.1,29.7,7.0,38.4,94.031789318,33.7
"Melton, Troy",675512,2026,102,94,14,13.7,5.9,0.213,0.415,0.265,0.68,0.202,0.197,0.272,0.424,0.296,0.325,0.32,0.153,0.312,0.349,0.247,0.316,89.3,29.6,8.6,38.3,94.118565556,17.6
"Castillo, Luis",622491,2026,271,238,61,22.5,8.5,0.252,0.412,0.328,0.74,0.16,0.304,0.265,0.448,0.329,0.344,0.34,0.183,0.382,0.405,0.335,0.352,91.3,32.4,6.6,47.3,95.237404581,25.4
"Stanek, Ryne",592773,2026,119,99,32,26.9,15.1,0.232,0.333,0.356,0.689,0.101,0.323,0.223,0.337,0.317,0.311,0.348,0.114,0.365,0.354,0.343,0.329,90.2,34.3,6.0,34.3,94.994166119,34.4
"Bradish, Kyle",680694,2026,302,264,68,22.5,11.9,0.261,0.424,0.351,0.775,0.163,0.323,0.233,0.393,0.344,0.319,0.327,0.16,0.397,0.359,0.35,0.313,88.0,28.9,5.1,36.5,93.751884611,25.5
"Nelson, Ryne",669194,2026,304,278,55,18.1,6.9,0.23,0.45,0.287,0.737,0.22,0.233,0.252,0.496,0.319,0.343,0.308,0.244,0.36,0.392,0.284,0.313,90.3,35.6,8.4,41.8,94.465140179,21.5
"Ray, Robbie",592662,2026,290,247,63,21.7,12.4,0.239,0.449,0.33,0.779,0.21,0.261,0.238,0.468,0.341,0.35,0.335,0.23,0.386,0.4,0.312,0.32,88.5,36.1,6.8,36.6,93.879809891,25.8
"Holton, Tyler",663947,2026,125,114,25,20.0,6.4,0.307,0.482,0.363,0.845,0.175,0.365,0.268,0.386,0.372,0.315,0.327,0.118,0.438,0.361,0.393,0.344,88.9,37.8,7.8,38.9,93.897324205,23.9
"Morris, Andrew",702193,2026,130,116,28,21.5,7.7,0.31,0.422,0.364,0.786,0.112,0.386,0.243,0.351,0.348,0.295,0.307,0.108,0.413,0.336,0.4,0.317,87.5,29.7,7.7,35.2,93.390212135,23.4
"Lynch IV, Daniel",663738,2026,111,101,29,26.1,7.2,0.178,0.297,0.252,0.549,0.119,0.239,0.205,0.314,0.25,0.267,0.277,0.109,0.287,0.313,0.25,0.288,87.1,31.9,6.9,36.1,93.92909625,33.0
"Kikuchi, Yusei",579328,2026,142,124,33,23.2,9.9,0.282,0.444,0.352,0.796,0.162,0.352,0.258,0.446,0.349,0.34,0.335,0.187,0.415,0.402,0.372,0.346,90.2,35.1,7.4,42.6,95.256198936,25.9
"Blackburn, Paul",621112,2026,127,115,21,16.5,8.7,0.261,0.348,0.331,0.679,0.087,0.304,0.258,0.372,0.308,0.312,0.328,0.115,0.327,0.331,0.319,0.315,86.7,28.7,5.3,36.2,93.455183871,18.5
"Kelly, Kevin",687330,2026,110,102,22,20.0,5.5,0.186,0.255,0.245,0.5,0.069,0.218,0.258,0.376,0.227,0.302,0.313,0.118,0.247,0.351,0.237,0.33,90.5,28.7,2.5,46.3,94.995324231,18.3
"Bachar, Lake",669199,2026,135,120,38,28.1,8.1,0.158,0.317,0.239,0.556,0.159,0.179,0.196,0.344,0.251,0.275,0.273,0.147,0.294,0.333,0.229,0.284,91.4,31.3,10.8,43.4,94.749931098,33.0
"Kilian, Caleb",668873,2026,124,106,32,25.8,12.1,0.189,0.33,0.293,0.623,0.141,0.214,0.227,0.391,0.278,0.312,0.326,0.164,0.317,0.372,0.267,0.321,87.8,30.7,2.7,38.7,93.723557432,26.6
"Rodriguez, Bradgley",699134,2026,130,118,29,22.3,7.7,0.22,0.305,0.279,0.584,0.085,0.281,0.202,0.289,0.261,0.245,0.262,0.087,0.301,0.278,0.289,0.265,87.1,22.0,4.4,31.9,92.880710337,29.5
"Domínguez, Seranthony",622554,2026,102,86,29,28.4,12.7,0.174,0.372,0.294,0.666,0.198,0.189,0.238,0.448,0.297,0.351,0.354,0.21,0.346,0.442,0.259,0.364,90.9,39.7,8.6,36.2,94.50119,28.0
"Lauer, Eric",641778,2026,224,203,36,16.1,8.0,0.246,0.502,0.305,0.807,0.256,0.227,0.268,0.499,0.348,0.353,0.325,0.231,0.385,0.391,0.296,0.322,88.9,38.5,6.5,39.6,93.982972096,19.5
"Fried, Max",608331,2026,240,216,50,20.8,7.9,0.199,0.255,0.268,0.523,0.056,0.251,0.205,0.269,0.242,0.253,0.279,0.064,0.256,0.272,0.256,0.271,86.1,26.6,5.3,30.8,92.929946807,23.2
"Holderman, Colin",670059,2026,94,86,28,29.8,8.5,0.14,0.174,0.213,0.387,0.034,0.193,0.198,0.325,0.187,0.264,0.267,0.128,0.206,0.332,0.207,0.295,87.2,25.9,5.2,44.8,94.391070175,27.1
"Holmes, Clay",605280,2026,215,194,45,20.9,8.4,0.206,0.294,0.276,0.57,0.088,0.252,0.251,0.366,0.26,0.306,0.32,0.115,0.282,0.348,0.267,0.33,89.8,27.3,4.7,44.0,94.36789,21.9
"Leahy, Kyle",681517,2026,269,239,47,17.5,8.9,0.289,0.444,0.363,0.807,0.155,0.332,0.306,0.524,0.359,0.39,0.378,0.219,0.396,0.439,0.359,0.38,91.9,39.9,8.8,49.2,95.822591458,22.1
"Hall, DL",669084,2026,126,100,32,25.4,19.0,0.14,0.2,0.31,0.51,0.06,0.191,0.203,0.286,0.257,0.307,0.361,0.083,0.215,0.307,0.203,0.296,86.2,26.1,2.9,30.4,92.42468,29.6
"Burrows, Mike",681347,2026,326,295,60,18.4,8.6,0.295,0.519,0.362,0.881,0.224,0.321,0.263,0.44,0.385,0.338,0.333,0.177,0.441,0.376,0.37,0.33,88.1,36.6,4.7,38.3,93.79129309,23.4
"Quantrill, Cal",615698,2026,100,88,17,17.0,9.0,0.216,0.295,0.3,0.595,0.079,0.254,0.254,0.432,0.275,0.335,0.333,0.178,0.274,0.357,0.264,0.31,87.9,34.7,5.6,36.1,93.852565972,19.4
"Kochanowicz, Jack",686799,2026,296,251,47,15.9,12.2,0.259,0.382,0.358,0.74,0.123,0.289,0.272,0.439,0.333,0.359,0.373,0.167,0.337,0.374,0.313,0.333,89.4,30.3,6.3,42.8,94.691266287,23.6
"Newcomb, Sean",656794,2026,151,136,35,23.2,6.0,0.213,0.331,0.287,0.618,0.118,0.28,0.238,0.339,0.273,0.287,0.309,0.101,0.316,0.335,0.287,0.32,86.2,32.4,5.9,35.3,93.381788416,24.7
"Henderson, Logan",701656,2026,90,84,30,33.3,6.7,0.214,0.345,0.267,0.612,0.131,0.308,0.218,0.343,0.273,0.27,0.27,0.125,0.376,0.372,0.333,0.339,87.0,46.3,7.4,29.6,92.892783704,28.7
"May, Dustin",669160,2026,301,273,66,21.9,6.6,0.26,0.381,0.32,0.701,0.121,0.324,0.242,0.371,0.313,0.301,0.305,0.129,0.365,0.348,0.34,0.318,90.2,33.0,7.2,47.4,94.853972427,21.2
"Skubal, Tarik",669373,2026,166,158,45,27.1,3.6,0.222,0.329,0.253,0.582,0.107,0.295,0.262,0.354,0.257,0.284,0.292,0.091,0.332,0.371,0.307,0.364,89.9,36.0,3.5,43.0,94.414915315,29.8
"Ritchie, JR",702275,2026,114,95,21,18.4,14.0,0.221,0.368,0.351,0.719,0.147,0.243,0.232,0.386,0.331,0.338,0.361,0.154,0.328,0.339,0.284,0.298,88.5,31.1,2.7,37.8,93.360451507,21.8
"Lord, Brad",695418,2026,179,161,35,19.6,6.7,0.205,0.298,0.275,0.573,0.093,0.236,0.239,0.369,0.258,0.297,0.307,0.131,0.279,0.333,0.26,0.304,87.4,22.8,3.9,40.9,94.2255164,22.3
"Ginkel, Kevin",656464,2026,102,96,30,29.4,5.9,0.219,0.354,0.265,0.619,0.135,0.297,0.211,0.334,0.275,0.261,0.258,0.123,0.361,0.339,0.318,0.307,89.7,27.3,4.5,40.9,94.038638125,30.0
"Mahle, Tyler",641816,2026,249,220,57,22.9,9.6,0.286,0.486,0.352,0.838,0.2,0.335,0.245,0.403,0.366,0.316,0.316,0.159,0.443,0.369,0.38,0.326,89.1,32.1,4.8,35.7,93.768108537,19.9
"Flaherty, Jack",656427,2026,293,249,77,26.3,11.3,0.265,0.446,0.357,0.803,0.181,0.345,0.245,0.41,0.353,0.334,0.343,0.165,0.434,0.402,0.375,0.352,91.3,39.9,9.6,48.3,95.200824104,26.8
"Lambert, Peter",663567,2026,214,184,47,22.0,11.7,0.212,0.304,0.318,0.622,0.092,0.267,0.228,0.359,0.289,0.314,0.332,0.132,0.3,0.338,0.283,0.305,88.3,29.0,7.2,41.3,94.135550876,26.3
"Webb, Jacob",657097,2026,120,109,34,28.3,8.3,0.239,0.339,0.3,0.639,0.1,0.315,0.244,0.401,0.288,0.311,0.307,0.157,0.363,0.399,0.342,0.354,90.6,36.8,2.6,47.4,95.170636081,32.3
"Herrin, Tim",682120,2026,107,82,21,19.6,14.0,0.22,0.366,0.34,0.706,0.146,0.246,0.188,0.318,0.304,0.296,0.331,0.129,0.308,0.297,0.269,0.256,86.7,30.9,10.3,33.8,93.399875373,32.1
"Suarez, Robert",663158,2026,111,105,25,22.5,4.5,0.181,0.219,0.218,0.437,0.038,0.228,0.241,0.341,0.201,0.272,0.276,0.099,0.232,0.33,0.237,0.318,84.5,32.5,5.0,31.3,92.720237308,25.6
"Quintana, Jose",500779,2026,181,156,20,11.0,9.4,0.288,0.5,0.352,0.852,0.212,0.289,0.275,0.441,0.366,0.344,0.344,0.166,0.375,0.346,0.319,0.309,88.2,35.0,2.1,32.9,93.159093929,21.1
"Hill, Tim",657612,2026,111,101,13,11.7,5.4,0.257,0.376,0.309,0.685,0.119,0.267,0.273,0.418,0.302,0.323,0.323,0.146,0.314,0.339,0.292,0.309,89.8,22.2,5.6,43.3,95.243538391,12.8
"Rogers, Taylor",573124,2026,112,102,19,17.0,6.3,0.314,0.451,0.36,0.811,0.137,0.366,0.271,0.42,0.357,0.334,0.326,0.149,0.405,0.375,0.381,0.336,86.7,45.9,7.1,31.8,93.07492375,16.9
"Gallen, Zac",668678,2026,312,285,46,14.7,6.7,0.305,0.481,0.354,0.835,0.176,0.329,0.302,0.487,0.365,0.362,0.352,0.185,0.402,0.398,0.36,0.357,90.9,31.7,7.0,45.7,95.190320372,19.6
"Boyd, Matthew",571510,2026,100,94,31,31.0,6.0,0.266,0.404,0.31,0.714,0.138,0.377,0.258,0.443,0.316,0.322,0.303,0.185,0.435,0.444,0.397,0.385,89.2,42.9,15.9,50.8,95.821121905,31.2
"Feltner, Ryan",663372,2026,130,119,23,17.7,7.7,0.227,0.445,0.292,0.737,0.218,0.242,0.271,0.526,0.322,0.367,0.333,0.255,0.356,0.417,0.281,0.336,89.5,34.4,6.3,44.8,94.560673854,24.3
"Varland, Louis",686973,2026,137,126,46,33.6,7.3,0.198,0.23,0.255,0.485,0.032,0.309,0.189,0.231,0.222,0.217,0.247,0.043,0.295,0.286,0.309,0.295,86.3,22.2,2.5,34.6,93.208098642,27.9
"Scott, Christian",681035,2026,156,133,41,26.3,11.5,0.218,0.286,0.333,0.619,0.068,0.308,0.242,0.342,0.293,0.319,0.354,0.1,0.32,0.364,0.315,0.351,87.1,46.7,8.7,31.5,93.075941591,22.0
"Sproat, Brandon",687075,2026,240,204,54,22.5,12.1,0.27,0.485,0.374,0.859,0.215,0.317,0.261,0.454,0.38,0.361,0.366,0.194,0.442,0.413,0.367,0.354,89.9,34.2,5.3,43.4,94.5538182,23.7
"Bednar, David",670280,2026,123,109,33,26.8,9.8,0.248,0.367,0.325,0.692,0.119,0.333,0.209,0.289,0.308,0.265,0.293,0.08,0.378,0.311,0.351,0.299,87.1,19.5,3.9,39.0,93.545252,29.9
"Mlodzinski, Carmen",669387,2026,253,228,49,19.4,7.9,0.272,0.39,0.333,0.723,0.118,0.328,0.284,0.42,0.323,0.338,0.346,0.136,0.364,0.386,0.343,0.36,91.7,34.8,7.7,50.3,95.349771722,21.0
"Englert, Mason",669438,2026,92,85,16,17.4,4.3,0.306,0.518,0.337,0.855,0.212,0.328,0.287,0.535,0.36,0.361,0.326,0.248,0.426,0.428,0.366,0.352,89.7,39.4,8.5,40.8,94.424519718,23.8
"Jax, Griffin",643377,2026,164,141,36,22.0,11.0,0.262,0.426,0.342,0.768,0.164,0.3,0.267,0.455,0.338,0.349,0.347,0.188,0.394,0.41,0.346,0.354,88.1,30.9,4.5,38.2,94.328175514,30.4
"Freeland, Kyle",607536,2026,252,229,45,17.9,6.3,0.323,0.563,0.377,0.94,0.24,0.353,0.313,0.517,0.406,0.385,0.37,0.204,0.47,0.441,0.398,0.388,90.8,38.2,7.5,44.1,95.486765847,22.5
"Cantillo, Joey",676282,2026,291,251,63,21.6,12.4,0.259,0.45,0.353,0.803,0.191,0.303,0.24,0.412,0.356,0.331,0.336,0.173,0.406,0.369,0.344,0.318,88.1,30.4,4.2,37.7,93.901900745,26.8
"Bender, Anthony",669622,2026,108,96,31,28.7,8.3,0.146,0.208,0.231,0.439,0.062,0.2,0.197,0.292,0.205,0.254,0.277,0.095,0.225,0.305,0.212,0.287,88.6,30.3,1.5,33.3,93.257955455,21.0
"Houser, Adrian",605288,2026,296,263,46,15.5,8.1,0.289,0.506,0.354,0.86,0.217,0.311,0.277,0.478,0.373,0.359,0.346,0.201,0.409,0.39,0.345,0.336,90.9,37.4,8.1,44.1,95.234185826,19.5
"Legumina, Casey",668984,2026,121,108,22,18.2,5.0,0.287,0.417,0.333,0.75,0.13,0.333,0.271,0.407,0.326,0.318,0.323,0.137,0.372,0.363,0.348,0.334,88.0,37.8,5.6,39.5,93.523297024,22.9
"Rocker, Kumar",677958,2026,262,232,49,18.7,9.9,0.237,0.358,0.317,0.675,0.121,0.274,0.261,0.421,0.304,0.335,0.34,0.161,0.324,0.368,0.297,0.33,89.6,29.2,4.9,42.2,94.668499945,22.5
"Montgomery, Mason",682254,2026,112,98,34,30.4,12.5,0.224,0.367,0.321,0.688,0.143,0.311,0.226,0.37,0.312,0.311,0.323,0.143,0.392,0.392,0.344,0.346,87.9,26.6,3.1,45.3,95.159215,29.9
"Peterson, David",656849,2026,266,234,56,21.1,9.0,0.286,0.397,0.355,0.752,0.111,0.361,0.265,0.382,0.335,0.329,0.346,0.117,0.383,0.375,0.368,0.355,89.3,36.1,6.0,42.6,94.63860565,23.1
"Medina, Luis",665622,2026,118,105,30,25.4,10.2,0.238,0.371,0.322,0.693,0.133,0.306,0.255,0.441,0.31,0.34,0.338,0.186,0.371,0.419,0.333,0.36,91.3,37.3,6.7,40.0,95.165953611,30.8
"Montero, Keider",672456,2026,264,243,44,16.7,6.1,0.214,0.383,0.266,0.649,0.169,0.228,0.235,0.416,0.285,0.307,0.289,0.181,0.31,0.339,0.259,0.289,90.2,30.2,5.4,41.1,94.148739397,16.7
"Thompson, Ryan",657044,2026,92,84,14,15.2,7.6,0.226,0.369,0.293,0.662,0.143,0.25,0.26,0.356,0.292,0.298,0.325,0.096,0.309,0.317,0.271,0.312,89.3,32.9,2.9,32.9,94.187345,18.0
"Gore, MacKenzie",669022,2026,283,249,70,24.7,10.6,0.221,0.369,0.309,0.678,0.148,0.282,0.241,0.39,0.304,0.318,0.327,0.149,0.352,0.373,0.306,0.334,89.0,37.6,9.4,42.5,94.861651778,24.8
"Vásquez, Randy",681190,2026,291,264,53,18.2,6.9,0.265,0.443,0.321,0.764,0.178,0.294,0.301,0.549,0.333,0.389,0.356,0.248,0.378,0.453,0.327,0.375,91.3,40.5,7.0,47.0,95.258273099,21.9
"Bibee, Tanner",676440,2026,317,289,63,19.9,7.6,0.246,0.419,0.303,0.722,0.173,0.269,0.259,0.448,0.317,0.333,0.318,0.189,0.363,0.384,0.31,0.331,90.8,34.5,7.9,45.4,94.77152511,26.5
"Rasmussen, Drew",656876,2026,258,244,64,24.8,4.7,0.201,0.32,0.24,0.56,0.119,0.237,0.235,0.359,0.249,0.277,0.273,0.124,0.305,0.344,0.271,0.317,86.9,29.8,3.3,32.0,93.439167022,23.3
"Chandler, Bubba",696149,2026,279,235,62,22.2,14.3,0.213,0.379,0.327,0.706,0.166,0.251,0.226,0.392,0.317,0.324,0.338,0.166,0.342,0.353,0.286,0.303,89.7,31.4,8.6,35.4,93.992881792,24.2
"Taillon, Jameson",592791,2026,287,262,59,20.6,8.0,0.248,0.508,0.314,0.822,0.26,0.246,0.253,0.518,0.355,0.357,0.318,0.266,0.417,0.42,0.32,0.327,88.5,37.4,8.4,38.4,94.217609158,26.4
"Rodriguez, Eduardo",593958,2026,321,294,57,17.8,8.4,0.224,0.367,0.29,0.657,0.143,0.257,0.265,0.443,0.293,0.336,0.327,0.178,0.317,0.375,0.278,0.329,88.5,35.9,6.3,35.9,93.663982778,19.2
"McCullers Jr., Lance",621121,2026,172,148,43,25.0,12.8,0.257,0.486,0.36,0.846,0.229,0.316,0.238,0.391,0.372,0.33,0.345,0.153,0.449,0.379,0.362,0.336,91.5,38.1,9.5,50.5,95.581272762,27.8
"Beeks, Jalen",656222,2026,113,103,21,18.6,7.1,0.272,0.495,0.324,0.819,0.223,0.289,0.28,0.515,0.354,0.36,0.332,0.235,0.415,0.424,0.341,0.352,90.6,35.7,4.8,42.9,95.425185375,23.4
"Fedde, Erick",607200,2026,276,244,40,14.5,8.7,0.262,0.471,0.332,0.803,0.209,0.259,0.254,0.441,0.351,0.335,0.326,0.186,0.373,0.351,0.309,0.302,88.8,34.8,9.7,39.6,94.061641214,16.3
"Rodón, Carlos",607074,2026,104,85,27,26.0,15.4,0.165,0.247,0.301,0.548,0.082,0.224,0.176,0.266,0.264,0.277,0.314,0.09,0.258,0.281,0.237,0.261,89.5,20.0,1.7,31.7,93.552622712,27.9
"Henriquez, Edgardo",683618,2026,99,87,25,25.3,9.1,0.172,0.253,0.273,0.526,0.081,0.23,0.192,0.274,0.249,0.263,0.29,0.082,0.26,0.282,0.242,0.269,83.6,19.4,3.2,30.6,92.497801311,25.9
"Petersen, Michael",656848,2026,109,95,30,27.5,11.9,0.189,0.295,0.294,0.589,0.106,0.266,0.193,0.356,0.269,0.289,0.297,0.163,0.306,0.34,0.277,0.282,91.4,30.8,1.5,41.5,94.643879538,27.3
"Alvarado, José",621237,2026,111,96,30,27.0,8.1,0.302,0.427,0.391,0.818,0.125,0.422,0.228,0.34,0.363,0.296,0.327,0.111,0.463,0.355,0.439,0.334,87.8,34.3,4.5,28.4,93.309662188,30.6
"Holmes, Grant",656550,2026,287,255,59,20.6,10.1,0.235,0.427,0.317,0.744,0.192,0.255,0.247,0.437,0.329,0.336,0.329,0.19,0.369,0.378,0.305,0.322,90.8,33.5,5.6,45.2,94.948983938,28.7
"Harrison, Kyle",690986,2026,246,225,77,31.3,7.3,0.227,0.369,0.293,0.662,0.142,0.312,0.237,0.362,0.296,0.295,0.302,0.125,0.392,0.391,0.345,0.36,89.5,37.8,4.1,32.4,93.763704759,29.5
"Adam, Jason",592094,2026,100,91,17,17.0,8.0,0.231,0.363,0.3,0.663,0.132,0.254,0.221,0.357,0.298,0.288,0.291,0.135,0.317,0.304,0.284,0.272,87.9,27.0,6.8,39.2,93.409810411,29.6
"Weissert, Greg",669711,2026,111,99,26,23.4,8.1,0.263,0.444,0.327,0.771,0.181,0.304,0.218,0.367,0.336,0.291,0.294,0.149,0.409,0.344,0.351,0.302,87.2,28.4,6.8,32.4,93.26411,23.8
"Yesavage, Trey",702056,2026,173,151,44,25.4,11.0,0.205,0.325,0.297,0.622,0.12,0.274,0.188,0.297,0.283,0.265,0.282,0.11,0.321,0.292,0.287,0.264,88.6,36.7,10.1,32.1,93.353442264,29.3
